schema_version,profile_id,interest_id,weight,explicit_weight,behavior_weight,updated_at
3.0,profile-v3-0001,travel,0.333333,0.333333,0.0,2026-08-01T09:00:00+00:00
3.0,profile-v3-0001,game-development,0.333333,0.333333,0.0,2026-08-01T09:00:00+00:00
3.0,profile-v3-0001,data-science,0.333333,0.333333,0.0,2026-08-01T09:00:00+00:00
3.0,profile-v3-0002,theatre,0.125,0.125,0.0,2026-08-01T09:00:00+00:00
3.0,profile-v3-0002,social-sciences,0.125,0.125,0.0,2026-08-01T09:00:00+00:00
3.0,profile-v3-0002,product,0.125,0.125,0.0,2026-08-01T09:00:00+00:00
3.0,profile-v3-0002,mental-health,0.125,0.125,0.0,2026-08-01T09:00:00+00:00
3.0,profile-v3-0002,nutrition,0.125,0.125,0.0,2026-08-01T09:00:00+00:00
3.0,profile-v3-0002,sustainability,0.125,0.125,0.0,2026-08-01T09:00:00+00:00
3.0,profile-v3-0002,graphic-design,0.125,0.125,0.0,2026-08-01T09:00:00+00:00
3.0,profile-v3-0002,sports,0.125,0.125,0.0,2026-08-01T09:00:00+00:00
3.0,profile-v3-0003,languages,0.142857,0.142857,0.0,2026-08-01T09:00:00+00:00
3.0,profile-v3-0003,social-responsibility,0.142857,0.142857,0.0,2026-08-01T09:00:00+00:00
3.0,profile-v3-0003,health-sciences,0.142857,0.142857,0.0,2026-08-01T09:00:00+00:00
3.0,profile-v3-0003,nutrition,0.142857,0.142857,0.0,2026-08-01T09:00:00+00:00
3.0,profile-v3-0003,photography,0.142857,0.142857,0.0,2026-08-01T09:00:00+00:00
3.0,profile-v3-0003,international-community,0.142857,0.142857,0.0,2026-08-01T09:00:00+00:00
3.0,profile-v3-0003,mobile-development,0.142857,0.142857,0.0,2026-08-01T09:00:00+00:00
3.0,profile-v3-0004,sustainability,0.25,0.25,0.0,2026-08-01T09:00:00+00:00
3.0,profile-v3-0004,web-development,0.25,0.25,0.0,2026-08-01T09:00:00+00:00
3.0,profile-v3-0004,ui-ux,0.25,0.25,0.0,2026-08-01T09:00:00+00:00
3.0,profile-v3-0004,cybersecurity,0.25,0.25,0.0,2026-08-01T09:00:00+00:00
3.0,profile-v3-0005,sports,0.125,0.125,0.0,2026-08-01T09:00:00+00:00
3.0,profile-v3-0005,mental-health,0.125,0.125,0.0,2026-08-01T09:00:00+00:00
3.0,profile-v3-0005,mobile-development,0.125,0.125,0.0,2026-08-01T09:00:00+00:00
3.0,profile-v3-0005,finance,0.125,0.125,0.0,2026-08-01T09:00:00+00:00
3.0,profile-v3-0005,graphic-design,0.125,0.125,0.0,2026-08-01T09:00:00+00:00
3.0,profile-v3-0005,sustainability,0.125,0.125,0.0,2026-08-01T09:00:00+00:00
3.0,profile-v3-0005,cybersecurity,0.125,0.125,0.0,2026-08-01T09:00:00+00:00
3.0,profile-v3-0005,social-sciences,0.125,0.125,0.0,2026-08-01T09:00:00+00:00
3.0,profile-v3-0006,sustainability,0.333333,0.333333,0.0,2026-08-01T09:00:00+00:00
3.0,profile-v3-0006,graphic-design,0.333333,0.333333,0.0,2026-08-01T09:00:00+00:00
3.0,profile-v3-0006,volunteering,0.333333,0.333333,0.0,2026-08-01T09:00:00+00:00
3.0,profile-v3-0007,ai,0.333333,0.333333,0.0,2026-08-01T09:00:00+00:00
3.0,profile-v3-0007,international-community,0.333333,0.333333,0.0,2026-08-01T09:00:00+00:00
3.0,profile-v3-0007,graphic-design,0.333333,0.333333,0.0,2026-08-01T09:00:00+00:00
3.0,profile-v3-0008,volunteering,0.125,0.125,0.0,2026-08-01T09:00:00+00:00
3.0,profile-v3-0008,sustainability,0.125,0.125,0.0,2026-08-01T09:00:00+00:00
3.0,profile-v3-0008,ui-ux,0.125,0.125,0.0,2026-08-01T09:00:00+00:00
3.0,profile-v3-0008,web-development,0.125,0.125,0.0,2026-08-01T09:00:00+00:00
3.0,profile-v3-0008,health-sciences,0.125,0.125,0.0,2026-08-01T09:00:00+00:00
3.0,profile-v3-0008,game-development,0.125,0.125,0.0,2026-08-01T09:00:00+00:00
3.0,profile-v3-0008,travel,0.125,0.125,0.0,2026-08-01T09:00:00+00:00
3.0,profile-v3-0008,cybersecurity,0.125,0.125,0.0,2026-08-01T09:00:00+00:00
3.0,profile-v3-0009,photography,0.333333,0.333333,0.0,2026-08-01T09:00:00+00:00
3.0,profile-v3-0009,finance,0.333333,0.333333,0.0,2026-08-01T09:00:00+00:00
3.0,profile-v3-0009,nutrition,0.333333,0.333333,0.0,2026-08-01T09:00:00+00:00
3.0,profile-v3-0010,game-development,0.2,0.2,0.0,2026-08-01T09:00:00+00:00
3.0,profile-v3-0010,web-development,0.2,0.2,0.0,2026-08-01T09:00:00+00:00
3.0,profile-v3-0010,graphic-design,0.2,0.2,0.0,2026-08-01T09:00:00+00:00
3.0,profile-v3-0010,entrepreneurship,0.2,0.2,0.0,2026-08-01T09:00:00+00:00
3.0,profile-v3-0010,mental-health,0.2,0.2,0.0,2026-08-01T09:00:00+00:00
3.0,profile-v3-0011,mobile-development,0.333333,0.333333,0.0,2026-08-01T09:00:00+00:00
3.0,profile-v3-0011,ui-ux,0.333333,0.333333,0.0,2026-08-01T09:00:00+00:00
3.0,profile-v3-0011,culture,0.333333,0.333333,0.0,2026-08-01T09:00:00+00:00
3.0,profile-v3-0012,game-development,0.333333,0.333333,0.0,2026-08-01T09:00:00+00:00
3.0,profile-v3-0012,sustainability,0.333333,0.333333,0.0,2026-08-01T09:00:00+00:00
3.0,profile-v3-0012,web-development,0.333333,0.333333,0.0,2026-08-01T09:00:00+00:00
3.0,profile-v3-0013,nutrition,0.333333,0.333333,0.0,2026-08-01T09:00:00+00:00
3.0,profile-v3-0013,mental-health,0.333333,0.333333,0.0,2026-08-01T09:00:00+00:00
3.0,profile-v3-0013,engineering,0.333333,0.333333,0.0,2026-08-01T09:00:00+00:00
3.0,profile-v3-0014,ui-ux,0.25,0.25,0.0,2026-08-01T09:00:00+00:00
3.0,profile-v3-0014,data-science,0.25,0.25,0.0,2026-08-01T09:00:00+00:00
3.0,profile-v3-0014,sustainability,0.25,0.25,0.0,2026-08-01T09:00:00+00:00
3.0,profile-v3-0014,health-sciences,0.25,0.25,0.0,2026-08-01T09:00:00+00:00
3.0,profile-v3-0015,social-sciences,0.125,0.125,0.0,2026-08-01T09:00:00+00:00
3.0,profile-v3-0015,health-sciences,0.125,0.125,0.0,2026-08-01T09:00:00+00:00
3.0,profile-v3-0015,volunteering,0.125,0.125,0.0,2026-08-01T09:00:00+00:00
3.0,profile-v3-0015,ai,0.125,0.125,0.0,2026-08-01T09:00:00+00:00
3.0,profile-v3-0015,product,0.125,0.125,0.0,2026-08-01T09:00:00+00:00
3.0,profile-v3-0015,music,0.125,0.125,0.0,2026-08-01T09:00:00+00:00
3.0,profile-v3-0015,international-community,0.125,0.125,0.0,2026-08-01T09:00:00+00:00
3.0,profile-v3-0015,photography,0.125,0.125,0.0,2026-08-01T09:00:00+00:00
3.0,profile-v3-0016,languages,0.166667,0.166667,0.0,2026-08-01T09:00:00+00:00
3.0,profile-v3-0016,career,0.166667,0.166667,0.0,2026-08-01T09:00:00+00:00
3.0,profile-v3-0016,sustainability,0.166667,0.166667,0.0,2026-08-01T09:00:00+00:00
3.0,profile-v3-0016,web-development,0.166667,0.166667,0.0,2026-08-01T09:00:00+00:00
3.0,profile-v3-0016,mental-health,0.166667,0.166667,0.0,2026-08-01T09:00:00+00:00
3.0,profile-v3-0016,international-community,0.166667,0.166667,0.0,2026-08-01T09:00:00+00:00
3.0,profile-v3-0017,theatre,0.2,0.2,0.0,2026-08-01T09:00:00+00:00
3.0,profile-v3-0017,social-sciences,0.2,0.2,0.0,2026-08-01T09:00:00+00:00
3.0,profile-v3-0017,product,0.2,0.2,0.0,2026-08-01T09:00:00+00:00
3.0,profile-v3-0017,ai,0.2,0.2,0.0,2026-08-01T09:00:00+00:00
3.0,profile-v3-0017,game-development,0.2,0.2,0.0,2026-08-01T09:00:00+00:00
3.0,profile-v3-0018,graphic-design,0.333333,0.333333,0.0,2026-08-01T09:00:00+00:00
3.0,profile-v3-0018,social-sciences,0.333333,0.333333,0.0,2026-08-01T09:00:00+00:00
3.0,profile-v3-0018,photography,0.333333,0.333333,0.0,2026-08-01T09:00:00+00:00
3.0,profile-v3-0019,ai,0.166667,0.166667,0.0,2026-08-01T09:00:00+00:00
3.0,profile-v3-0019,graphic-design,0.166667,0.166667,0.0,2026-08-01T09:00:00+00:00
3.0,profile-v3-0019,theatre,0.166667,0.166667,0.0,2026-08-01T09:00:00+00:00
3.0,profile-v3-0019,data-science,0.166667,0.166667,0.0,2026-08-01T09:00:00+00:00
3.0,profile-v3-0019,product,0.166667,0.166667,0.0,2026-08-01T09:00:00+00:00
3.0,profile-v3-0019,volunteering,0.166667,0.166667,0.0,2026-08-01T09:00:00+00:00
3.0,profile-v3-0020,social-responsibility,0.125,0.125,0.0,2026-08-01T09:00:00+00:00
3.0,profile-v3-0020,entrepreneurship,0.125,0.125,0.0,2026-08-01T09:00:00+00:00
3.0,profile-v3-0020,volunteering,0.125,0.125,0.0,2026-08-01T09:00:00+00:00
3.0,profile-v3-0020,mobile-development,0.125,0.125,0.0,2026-08-01T09:00:00+00:00
3.0,profile-v3-0020,game-development,0.125,0.125,0.0,2026-08-01T09:00:00+00:00
3.0,profile-v3-0020,sports,0.125,0.125,0.0,2026-08-01T09:00:00+00:00
3.0,profile-v3-0020,engineering,0.125,0.125,0.0,2026-08-01T09:00:00+00:00
3.0,profile-v3-0020,nutrition,0.125,0.125,0.0,2026-08-01T09:00:00+00:00
3.0,profile-v3-0021,languages,0.2,0.2,0.0,2026-08-01T09:00:00+00:00
3.0,profile-v3-0021,cybersecurity,0.2,0.2,0.0,2026-08-01T09:00:00+00:00
3.0,profile-v3-0021,data-science,0.2,0.2,0.0,2026-08-01T09:00:00+00:00
3.0,profile-v3-0021,volunteering,0.2,0.2,0.0,2026-08-01T09:00:00+00:00
3.0,profile-v3-0021,mental-health,0.2,0.2,0.0,2026-08-01T09:00:00+00:00
3.0,profile-v3-0022,graphic-design,0.142857,0.142857,0.0,2026-08-01T09:00:00+00:00
3.0,profile-v3-0022,wellbeing,0.142857,0.142857,0.0,2026-08-01T09:00:00+00:00
3.0,profile-v3-0022,ui-ux,0.142857,0.142857,0.0,2026-08-01T09:00:00+00:00
3.0,profile-v3-0022,cybersecurity,0.142857,0.142857,0.0,2026-08-01T09:00:00+00:00
3.0,profile-v3-0022,photography,0.142857,0.142857,0.0,2026-08-01T09:00:00+00:00
3.0,profile-v3-0022,volunteering,0.142857,0.142857,0.0,2026-08-01T09:00:00+00:00
3.0,profile-v3-0022,culture,0.142857,0.142857,0.0,2026-08-01T09:00:00+00:00
3.0,profile-v3-0023,sports,0.142857,0.142857,0.0,2026-08-01T09:00:00+00:00
3.0,profile-v3-0023,music,0.142857,0.142857,0.0,2026-08-01T09:00:00+00:00
3.0,profile-v3-0023,wellbeing,0.142857,0.142857,0.0,2026-08-01T09:00:00+00:00
3.0,profile-v3-0023,natural-sciences,0.142857,0.142857,0.0,2026-08-01T09:00:00+00:00
3.0,profile-v3-0023,web-development,0.142857,0.142857,0.0,2026-08-01T09:00:00+00:00
3.0,profile-v3-0023,international-community,0.142857,0.142857,0.0,2026-08-01T09:00:00+00:00
3.0,profile-v3-0023,culture,0.142857,0.142857,0.0,2026-08-01T09:00:00+00:00
3.0,profile-v3-0024,entrepreneurship,0.142857,0.142857,0.0,2026-08-01T09:00:00+00:00
3.0,profile-v3-0024,web-development,0.142857,0.142857,0.0,2026-08-01T09:00:00+00:00
3.0,profile-v3-0024,sports,0.142857,0.142857,0.0,2026-08-01T09:00:00+00:00
3.0,profile-v3-0024,volunteering,0.142857,0.142857,0.0,2026-08-01T09:00:00+00:00
3.0,profile-v3-0024,culture,0.142857,0.142857,0.0,2026-08-01T09:00:00+00:00
3.0,profile-v3-0024,mental-health,0.142857,0.142857,0.0,2026-08-01T09:00:00+00:00
3.0,profile-v3-0024,international-community,0.142857,0.142857,0.0,2026-08-01T09:00:00+00:00
3.0,profile-v3-0025,volunteering,0.166667,0.166667,0.0,2026-08-01T09:00:00+00:00
3.0,profile-v3-0025,nutrition,0.166667,0.166667,0.0,2026-08-01T09:00:00+00:00
3.0,profile-v3-0025,international-community,0.166667,0.166667,0.0,2026-08-01T09:00:00+00:00
3.0,profile-v3-0025,game-development,0.166667,0.166667,0.0,2026-08-01T09:00:00+00:00
3.0,profile-v3-0025,ai,0.166667,0.166667,0.0,2026-08-01T09:00:00+00:00
3.0,profile-v3-0025,social-sciences,0.166667,0.166667,0.0,2026-08-01T09:00:00+00:00
3.0,profile-v3-0026,photography,0.2,0.2,0.0,2026-08-01T09:00:00+00:00
3.0,profile-v3-0026,product,0.2,0.2,0.0,2026-08-01T09:00:00+00:00
3.0,profile-v3-0026,theatre,0.2,0.2,0.0,2026-08-01T09:00:00+00:00
3.0,profile-v3-0026,finance,0.2,0.2,0.0,2026-08-01T09:00:00+00:00
3.0,profile-v3-0026,entrepreneurship,0.2,0.2,0.0,2026-08-01T09:00:00+00:00
3.0,profile-v3-0027,sustainability,0.142857,0.142857,0.0,2026-08-01T09:00:00+00:00
3.0,profile-v3-0027,international-community,0.142857,0.142857,0.0,2026-08-01T09:00:00+00:00
3.0,profile-v3-0027,theatre,0.142857,0.142857,0.0,2026-08-01T09:00:00+00:00
3.0,profile-v3-0027,finance,0.142857,0.142857,0.0,2026-08-01T09:00:00+00:00
3.0,profile-v3-0027,social-sciences,0.142857,0.142857,0.0,2026-08-01T09:00:00+00:00
3.0,profile-v3-0027,photography,0.142857,0.142857,0.0,2026-08-01T09:00:00+00:00
3.0,profile-v3-0027,career,0.142857,0.142857,0.0,2026-08-01T09:00:00+00:00
3.0,profile-v3-0028,web-development,0.125,0.125,0.0,2026-08-01T09:00:00+00:00
3.0,profile-v3-0028,ai,0.125,0.125,0.0,2026-08-01T09:00:00+00:00
3.0,profile-v3-0028,game-development,0.125,0.125,0.0,2026-08-01T09:00:00+00:00
3.0,profile-v3-0028,mental-health,0.125,0.125,0.0,2026-08-01T09:00:00+00:00
3.0,profile-v3-0028,graphic-design,0.125,0.125,0.0,2026-08-01T09:00:00+00:00
3.0,profile-v3-0028,entrepreneurship,0.125,0.125,0.0,2026-08-01T09:00:00+00:00
3.0,profile-v3-0028,volunteering,0.125,0.125,0.0,2026-08-01T09:00:00+00:00
3.0,profile-v3-0028,wellbeing,0.125,0.125,0.0,2026-08-01T09:00:00+00:00
3.0,profile-v3-0029,languages,0.142857,0.142857,0.0,2026-08-01T09:00:00+00:00
3.0,profile-v3-0029,theatre,0.142857,0.142857,0.0,2026-08-01T09:00:00+00:00
3.0,profile-v3-0029,international-community,0.142857,0.142857,0.0,2026-08-01T09:00:00+00:00
3.0,profile-v3-0029,sports,0.142857,0.142857,0.0,2026-08-01T09:00:00+00:00
3.0,profile-v3-0029,mental-health,0.142857,0.142857,0.0,2026-08-01T09:00:00+00:00
3.0,profile-v3-0029,volunteering,0.142857,0.142857,0.0,2026-08-01T09:00:00+00:00
3.0,profile-v3-0029,photography,0.142857,0.142857,0.0,2026-08-01T09:00:00+00:00
3.0,profile-v3-0030,culture,0.25,0.25,0.0,2026-08-01T09:00:00+00:00
3.0,profile-v3-0030,mobile-development,0.25,0.25,0.0,2026-08-01T09:00:00+00:00
3.0,profile-v3-0030,game-development,0.25,0.25,0.0,2026-08-01T09:00:00+00:00
3.0,profile-v3-0030,product,0.25,0.25,0.0,2026-08-01T09:00:00+00:00
3.0,profile-v3-0031,social-sciences,0.166667,0.166667,0.0,2026-08-01T09:00:00+00:00
3.0,profile-v3-0031,sports,0.166667,0.166667,0.0,2026-08-01T09:00:00+00:00
3.0,profile-v3-0031,web-development,0.166667,0.166667,0.0,2026-08-01T09:00:00+00:00
3.0,profile-v3-0031,game-development,0.166667,0.166667,0.0,2026-08-01T09:00:00+00:00
3.0,profile-v3-0031,languages,0.166667,0.166667,0.0,2026-08-01T09:00:00+00:00
3.0,profile-v3-0031,mobile-development,0.166667,0.166667,0.0,2026-08-01T09:00:00+00:00
3.0,profile-v3-0032,photography,0.2,0.2,0.0,2026-08-01T09:00:00+00:00
3.0,profile-v3-0032,data-science,0.2,0.2,0.0,2026-08-01T09:00:00+00:00
3.0,profile-v3-0032,volunteering,0.2,0.2,0.0,2026-08-01T09:00:00+00:00
3.0,profile-v3-0032,health-sciences,0.2,0.2,0.0,2026-08-01T09:00:00+00:00
3.0,profile-v3-0032,mental-health,0.2,0.2,0.0,2026-08-01T09:00:00+00:00
3.0,profile-v3-0033,sustainability,0.25,0.25,0.0,2026-08-01T09:00:00+00:00
3.0,profile-v3-0033,nutrition,0.25,0.25,0.0,2026-08-01T09:00:00+00:00
3.0,profile-v3-0033,health-sciences,0.25,0.25,0.0,2026-08-01T09:00:00+00:00
3.0,profile-v3-0033,languages,0.25,0.25,0.0,2026-08-01T09:00:00+00:00
3.0,profile-v3-0034,wellbeing,0.2,0.2,0.0,2026-08-01T09:00:00+00:00
3.0,profile-v3-0034,data-science,0.2,0.2,0.0,2026-08-01T09:00:00+00:00
3.0,profile-v3-0034,sustainability,0.2,0.2,0.0,2026-08-01T09:00:00+00:00
3.0,profile-v3-0034,travel,0.2,0.2,0.0,2026-08-01T09:00:00+00:00
3.0,profile-v3-0034,game-development,0.2,0.2,0.0,2026-08-01T09:00:00+00:00
3.0,profile-v3-0035,sustainability,0.142857,0.142857,0.0,2026-08-01T09:00:00+00:00
3.0,profile-v3-0035,culture,0.142857,0.142857,0.0,2026-08-01T09:00:00+00:00
3.0,profile-v3-0035,entrepreneurship,0.142857,0.142857,0.0,2026-08-01T09:00:00+00:00
3.0,profile-v3-0035,web-development,0.142857,0.142857,0.0,2026-08-01T09:00:00+00:00
3.0,profile-v3-0035,career,0.142857,0.142857,0.0,2026-08-01T09:00:00+00:00
3.0,profile-v3-0035,wellbeing,0.142857,0.142857,0.0,2026-08-01T09:00:00+00:00
3.0,profile-v3-0035,mobile-development,0.142857,0.142857,0.0,2026-08-01T09:00:00+00:00
3.0,profile-v3-0036,ai,0.25,0.25,0.0,2026-08-01T09:00:00+00:00
3.0,profile-v3-0036,health-sciences,0.25,0.25,0.0,2026-08-01T09:00:00+00:00
3.0,profile-v3-0036,nutrition,0.25,0.25,0.0,2026-08-01T09:00:00+00:00
3.0,profile-v3-0036,social-sciences,0.25,0.25,0.0,2026-08-01T09:00:00+00:00
3.0,profile-v3-0037,ui-ux,0.166667,0.166667,0.0,2026-08-01T09:00:00+00:00
3.0,profile-v3-0037,languages,0.166667,0.166667,0.0,2026-08-01T09:00:00+00:00
3.0,profile-v3-0037,entrepreneurship,0.166667,0.166667,0.0,2026-08-01T09:00:00+00:00
3.0,profile-v3-0037,cybersecurity,0.166667,0.166667,0.0,2026-08-01T09:00:00+00:00
3.0,profile-v3-0037,finance,0.166667,0.166667,0.0,2026-08-01T09:00:00+00:00
3.0,profile-v3-0037,social-sciences,0.166667,0.166667,0.0,2026-08-01T09:00:00+00:00
3.0,profile-v3-0038,natural-sciences,0.125,0.125,0.0,2026-08-01T09:00:00+00:00
3.0,profile-v3-0038,career,0.125,0.125,0.0,2026-08-01T09:00:00+00:00
3.0,profile-v3-0038,nutrition,0.125,0.125,0.0,2026-08-01T09:00:00+00:00
3.0,profile-v3-0038,cybersecurity,0.125,0.125,0.0,2026-08-01T09:00:00+00:00
3.0,profile-v3-0038,mobile-development,0.125,0.125,0.0,2026-08-01T09:00:00+00:00
3.0,profile-v3-0038,product,0.125,0.125,0.0,2026-08-01T09:00:00+00:00
3.0,profile-v3-0038,culture,0.125,0.125,0.0,2026-08-01T09:00:00+00:00
3.0,profile-v3-0038,theatre,0.125,0.125,0.0,2026-08-01T09:00:00+00:00
3.0,profile-v3-0039,career,0.25,0.25,0.0,2026-08-01T09:00:00+00:00
3.0,profile-v3-0039,music,0.25,0.25,0.0,2026-08-01T09:00:00+00:00
3.0,profile-v3-0039,theatre,0.25,0.25,0.0,2026-08-01T09:00:00+00:00
3.0,profile-v3-0039,ai,0.25,0.25,0.0,2026-08-01T09:00:00+00:00
3.0,profile-v3-0040,nutrition,0.333333,0.333333,0.0,2026-08-01T09:00:00+00:00
3.0,profile-v3-0040,mental-health,0.333333,0.333333,0.0,2026-08-01T09:00:00+00:00
3.0,profile-v3-0040,finance,0.333333,0.333333,0.0,2026-08-01T09:00:00+00:00
3.0,profile-v3-0041,career,0.25,0.25,0.0,2026-08-01T09:00:00+00:00
3.0,profile-v3-0041,health-sciences,0.25,0.25,0.0,2026-08-01T09:00:00+00:00
3.0,profile-v3-0041,cybersecurity,0.25,0.25,0.0,2026-08-01T09:00:00+00:00
3.0,profile-v3-0041,travel,0.25,0.25,0.0,2026-08-01T09:00:00+00:00
3.0,profile-v3-0042,finance,0.25,0.25,0.0,2026-08-01T09:00:00+00:00
3.0,profile-v3-0042,travel,0.25,0.25,0.0,2026-08-01T09:00:00+00:00
3.0,profile-v3-0042,international-community,0.25,0.25,0.0,2026-08-01T09:00:00+00:00
3.0,profile-v3-0042,game-development,0.25,0.25,0.0,2026-08-01T09:00:00+00:00
3.0,profile-v3-0043,languages,0.142857,0.142857,0.0,2026-08-01T09:00:00+00:00
3.0,profile-v3-0043,health-sciences,0.142857,0.142857,0.0,2026-08-01T09:00:00+00:00
3.0,profile-v3-0043,entrepreneurship,0.142857,0.142857,0.0,2026-08-01T09:00:00+00:00
3.0,profile-v3-0043,mobile-development,0.142857,0.142857,0.0,2026-08-01T09:00:00+00:00
3.0,profile-v3-0043,ai,0.142857,0.142857,0.0,2026-08-01T09:00:00+00:00
3.0,profile-v3-0043,sports,0.142857,0.142857,0.0,2026-08-01T09:00:00+00:00
3.0,profile-v3-0043,culture,0.142857,0.142857,0.0,2026-08-01T09:00:00+00:00
3.0,profile-v3-0044,mental-health,0.2,0.2,0.0,2026-08-01T09:00:00+00:00
3.0,profile-v3-0044,web-development,0.2,0.2,0.0,2026-08-01T09:00:00+00:00
3.0,profile-v3-0044,data-science,0.2,0.2,0.0,2026-08-01T09:00:00+00:00
3.0,profile-v3-0044,music,0.2,0.2,0.0,2026-08-01T09:00:00+00:00
3.0,profile-v3-0044,sustainability,0.2,0.2,0.0,2026-08-01T09:00:00+00:00
3.0,profile-v3-0045,web-development,0.142857,0.142857,0.0,2026-08-01T09:00:00+00:00
3.0,profile-v3-0045,game-development,0.142857,0.142857,0.0,2026-08-01T09:00:00+00:00
3.0,profile-v3-0045,wellbeing,0.142857,0.142857,0.0,2026-08-01T09:00:00+00:00
3.0,profile-v3-0045,theatre,0.142857,0.142857,0.0,2026-08-01T09:00:00+00:00
3.0,profile-v3-0045,product,0.142857,0.142857,0.0,2026-08-01T09:00:00+00:00
3.0,profile-v3-0045,sustainability,0.142857,0.142857,0.0,2026-08-01T09:00:00+00:00
3.0,profile-v3-0045,social-responsibility,0.142857,0.142857,0.0,2026-08-01T09:00:00+00:00
3.0,profile-v3-0046,international-community,0.2,0.2,0.0,2026-08-01T09:00:00+00:00
3.0,profile-v3-0046,mobile-development,0.2,0.2,0.0,2026-08-01T09:00:00+00:00
3.0,profile-v3-0046,health-sciences,0.2,0.2,0.0,2026-08-01T09:00:00+00:00
3.0,profile-v3-0046,mental-health,0.2,0.2,0.0,2026-08-01T09:00:00+00:00
3.0,profile-v3-0046,graphic-design,0.2,0.2,0.0,2026-08-01T09:00:00+00:00
3.0,profile-v3-0047,data-science,0.2,0.2,0.0,2026-08-01T09:00:00+00:00
3.0,profile-v3-0047,social-responsibility,0.2,0.2,0.0,2026-08-01T09:00:00+00:00
3.0,profile-v3-0047,wellbeing,0.2,0.2,0.0,2026-08-01T09:00:00+00:00
3.0,profile-v3-0047,health-sciences,0.2,0.2,0.0,2026-08-01T09:00:00+00:00
3.0,profile-v3-0047,natural-sciences,0.2,0.2,0.0,2026-08-01T09:00:00+00:00
3.0,profile-v3-0048,entrepreneurship,0.125,0.125,0.0,2026-08-01T09:00:00+00:00
3.0,profile-v3-0048,sustainability,0.125,0.125,0.0,2026-08-01T09:00:00+00:00
3.0,profile-v3-0048,photography,0.125,0.125,0.0,2026-08-01T09:00:00+00:00
3.0,profile-v3-0048,nutrition,0.125,0.125,0.0,2026-08-01T09:00:00+00:00
3.0,profile-v3-0048,web-development,0.125,0.125,0.0,2026-08-01T09:00:00+00:00
3.0,profile-v3-0048,wellbeing,0.125,0.125,0.0,2026-08-01T09:00:00+00:00
3.0,profile-v3-0048,health-sciences,0.125,0.125,0.0,2026-08-01T09:00:00+00:00
3.0,profile-v3-0048,mental-health,0.125,0.125,0.0,2026-08-01T09:00:00+00:00
3.0,profile-v3-0049,music,0.25,0.25,0.0,2026-08-01T09:00:00+00:00
3.0,profile-v3-0049,health-sciences,0.25,0.25,0.0,2026-08-01T09:00:00+00:00
3.0,profile-v3-0049,product,0.25,0.25,0.0,2026-08-01T09:00:00+00:00
3.0,profile-v3-0049,finance,0.25,0.25,0.0,2026-08-01T09:00:00+00:00
3.0,profile-v3-0050,wellbeing,0.25,0.25,0.0,2026-08-01T09:00:00+00:00
3.0,profile-v3-0050,web-development,0.25,0.25,0.0,2026-08-01T09:00:00+00:00
3.0,profile-v3-0050,volunteering,0.25,0.25,0.0,2026-08-01T09:00:00+00:00
3.0,profile-v3-0050,theatre,0.25,0.25,0.0,2026-08-01T09:00:00+00:00
3.0,profile-v3-0051,languages,0.333333,0.333333,0.0,2026-08-01T09:00:00+00:00
3.0,profile-v3-0051,music,0.333333,0.333333,0.0,2026-08-01T09:00:00+00:00
3.0,profile-v3-0051,career,0.333333,0.333333,0.0,2026-08-01T09:00:00+00:00
3.0,profile-v3-0052,mental-health,0.25,0.25,0.0,2026-08-01T09:00:00+00:00
3.0,profile-v3-0052,travel,0.25,0.25,0.0,2026-08-01T09:00:00+00:00
3.0,profile-v3-0052,web-development,0.25,0.25,0.0,2026-08-01T09:00:00+00:00
3.0,profile-v3-0052,game-development,0.25,0.25,0.0,2026-08-01T09:00:00+00:00
3.0,profile-v3-0053,natural-sciences,0.25,0.25,0.0,2026-08-01T09:00:00+00:00
3.0,profile-v3-0053,culture,0.25,0.25,0.0,2026-08-01T09:00:00+00:00
3.0,profile-v3-0053,health-sciences,0.25,0.25,0.0,2026-08-01T09:00:00+00:00
3.0,profile-v3-0053,product,0.25,0.25,0.0,2026-08-01T09:00:00+00:00
3.0,profile-v3-0054,mental-health,0.166667,0.166667,0.0,2026-08-01T09:00:00+00:00
3.0,profile-v3-0054,travel,0.166667,0.166667,0.0,2026-08-01T09:00:00+00:00
3.0,profile-v3-0054,international-community,0.166667,0.166667,0.0,2026-08-01T09:00:00+00:00
3.0,profile-v3-0054,mobile-development,0.166667,0.166667,0.0,2026-08-01T09:00:00+00:00
3.0,profile-v3-0054,ui-ux,0.166667,0.166667,0.0,2026-08-01T09:00:00+00:00
3.0,profile-v3-0054,social-sciences,0.166667,0.166667,0.0,2026-08-01T09:00:00+00:00
3.0,profile-v3-0055,travel,0.166667,0.166667,0.0,2026-08-01T09:00:00+00:00
3.0,profile-v3-0055,natural-sciences,0.166667,0.166667,0.0,2026-08-01T09:00:00+00:00
3.0,profile-v3-0055,languages,0.166667,0.166667,0.0,2026-08-01T09:00:00+00:00
3.0,profile-v3-0055,engineering,0.166667,0.166667,0.0,2026-08-01T09:00:00+00:00
3.0,profile-v3-0055,sustainability,0.166667,0.166667,0.0,2026-08-01T09:00:00+00:00
3.0,profile-v3-0055,cybersecurity,0.166667,0.166667,0.0,2026-08-01T09:00:00+00:00
3.0,profile-v3-0056,data-science,0.333333,0.333333,0.0,2026-08-01T09:00:00+00:00
3.0,profile-v3-0056,graphic-design,0.333333,0.333333,0.0,2026-08-01T09:00:00+00:00
3.0,profile-v3-0056,ai,0.333333,0.333333,0.0,2026-08-01T09:00:00+00:00
3.0,profile-v3-0057,music,0.25,0.25,0.0,2026-08-01T09:00:00+00:00
3.0,profile-v3-0057,product,0.25,0.25,0.0,2026-08-01T09:00:00+00:00
3.0,profile-v3-0057,social-sciences,0.25,0.25,0.0,2026-08-01T09:00:00+00:00
3.0,profile-v3-0057,health-sciences,0.25,0.25,0.0,2026-08-01T09:00:00+00:00
3.0,profile-v3-0058,volunteering,0.333333,0.333333,0.0,2026-08-01T09:00:00+00:00
3.0,profile-v3-0058,photography,0.333333,0.333333,0.0,2026-08-01T09:00:00+00:00
3.0,profile-v3-0058,international-community,0.333333,0.333333,0.0,2026-08-01T09:00:00+00:00
3.0,profile-v3-0059,data-science,0.142857,0.142857,0.0,2026-08-01T09:00:00+00:00
3.0,profile-v3-0059,ai,0.142857,0.142857,0.0,2026-08-01T09:00:00+00:00
3.0,profile-v3-0059,engineering,0.142857,0.142857,0.0,2026-08-01T09:00:00+00:00
3.0,profile-v3-0059,mental-health,0.142857,0.142857,0.0,2026-08-01T09:00:00+00:00
3.0,profile-v3-0059,entrepreneurship,0.142857,0.142857,0.0,2026-08-01T09:00:00+00:00
3.0,profile-v3-0059,photography,0.142857,0.142857,0.0,2026-08-01T09:00:00+00:00
3.0,profile-v3-0059,cybersecurity,0.142857,0.142857,0.0,2026-08-01T09:00:00+00:00
3.0,profile-v3-0060,ui-ux,0.125,0.125,0.0,2026-08-01T09:00:00+00:00
3.0,profile-v3-0060,engineering,0.125,0.125,0.0,2026-08-01T09:00:00+00:00
3.0,profile-v3-0060,natural-sciences,0.125,0.125,0.0,2026-08-01T09:00:00+00:00
3.0,profile-v3-0060,finance,0.125,0.125,0.0,2026-08-01T09:00:00+00:00
3.0,profile-v3-0060,social-responsibility,0.125,0.125,0.0,2026-08-01T09:00:00+00:00
3.0,profile-v3-0060,wellbeing,0.125,0.125,0.0,2026-08-01T09:00:00+00:00
3.0,profile-v3-0060,mental-health,0.125,0.125,0.0,2026-08-01T09:00:00+00:00
3.0,profile-v3-0060,culture,0.125,0.125,0.0,2026-08-01T09:00:00+00:00
3.0,profile-v3-0061,wellbeing,0.2,0.2,0.0,2026-08-01T09:00:00+00:00
3.0,profile-v3-0061,engineering,0.2,0.2,0.0,2026-08-01T09:00:00+00:00
3.0,profile-v3-0061,photography,0.2,0.2,0.0,2026-08-01T09:00:00+00:00
3.0,profile-v3-0061,ui-ux,0.2,0.2,0.0,2026-08-01T09:00:00+00:00
3.0,profile-v3-0061,languages,0.2,0.2,0.0,2026-08-01T09:00:00+00:00
3.0,profile-v3-0062,music,0.25,0.25,0.0,2026-08-01T09:00:00+00:00
3.0,profile-v3-0062,finance,0.25,0.25,0.0,2026-08-01T09:00:00+00:00
3.0,profile-v3-0062,engineering,0.25,0.25,0.0,2026-08-01T09:00:00+00:00
3.0,profile-v3-0062,health-sciences,0.25,0.25,0.0,2026-08-01T09:00:00+00:00
3.0,profile-v3-0063,health-sciences,0.125,0.125,0.0,2026-08-01T09:00:00+00:00
3.0,profile-v3-0063,web-development,0.125,0.125,0.0,2026-08-01T09:00:00+00:00
3.0,profile-v3-0063,mobile-development,0.125,0.125,0.0,2026-08-01T09:00:00+00:00
3.0,profile-v3-0063,ui-ux,0.125,0.125,0.0,2026-08-01T09:00:00+00:00
3.0,profile-v3-0063,culture,0.125,0.125,0.0,2026-08-01T09:00:00+00:00
3.0,profile-v3-0063,entrepreneurship,0.125,0.125,0.0,2026-08-01T09:00:00+00:00
3.0,profile-v3-0063,cybersecurity,0.125,0.125,0.0,2026-08-01T09:00:00+00:00
3.0,profile-v3-0063,game-development,0.125,0.125,0.0,2026-08-01T09:00:00+00:00
3.0,profile-v3-0064,international-community,0.2,0.2,0.0,2026-08-01T09:00:00+00:00
3.0,profile-v3-0064,mobile-development,0.2,0.2,0.0,2026-08-01T09:00:00+00:00
3.0,profile-v3-0064,health-sciences,0.2,0.2,0.0,2026-08-01T09:00:00+00:00
3.0,profile-v3-0064,engineering,0.2,0.2,0.0,2026-08-01T09:00:00+00:00
3.0,profile-v3-0064,game-development,0.2,0.2,0.0,2026-08-01T09:00:00+00:00
3.0,profile-v3-0065,product,0.166667,0.166667,0.0,2026-08-01T09:00:00+00:00
3.0,profile-v3-0065,health-sciences,0.166667,0.166667,0.0,2026-08-01T09:00:00+00:00
3.0,profile-v3-0065,web-development,0.166667,0.166667,0.0,2026-08-01T09:00:00+00:00
3.0,profile-v3-0065,game-development,0.166667,0.166667,0.0,2026-08-01T09:00:00+00:00
3.0,profile-v3-0065,culture,0.166667,0.166667,0.0,2026-08-01T09:00:00+00:00
3.0,profile-v3-0065,travel,0.166667,0.166667,0.0,2026-08-01T09:00:00+00:00
3.0,profile-v3-0066,ai,0.333333,0.333333,0.0,2026-08-01T09:00:00+00:00
3.0,profile-v3-0066,product,0.333333,0.333333,0.0,2026-08-01T09:00:00+00:00
3.0,profile-v3-0066,mobile-development,0.333333,0.333333,0.0,2026-08-01T09:00:00+00:00
3.0,profile-v3-0067,entrepreneurship,0.2,0.2,0.0,2026-08-01T09:00:00+00:00
3.0,profile-v3-0067,sustainability,0.2,0.2,0.0,2026-08-01T09:00:00+00:00
3.0,profile-v3-0067,nutrition,0.2,0.2,0.0,2026-08-01T09:00:00+00:00
3.0,profile-v3-0067,mobile-development,0.2,0.2,0.0,2026-08-01T09:00:00+00:00
3.0,profile-v3-0067,data-science,0.2,0.2,0.0,2026-08-01T09:00:00+00:00
3.0,profile-v3-0068,cybersecurity,0.25,0.25,0.0,2026-08-01T09:00:00+00:00
3.0,profile-v3-0068,web-development,0.25,0.25,0.0,2026-08-01T09:00:00+00:00
3.0,profile-v3-0068,finance,0.25,0.25,0.0,2026-08-01T09:00:00+00:00
3.0,profile-v3-0068,game-development,0.25,0.25,0.0,2026-08-01T09:00:00+00:00
3.0,profile-v3-0069,sports,0.166667,0.166667,0.0,2026-08-01T09:00:00+00:00
3.0,profile-v3-0069,engineering,0.166667,0.166667,0.0,2026-08-01T09:00:00+00:00
3.0,profile-v3-0069,international-community,0.166667,0.166667,0.0,2026-08-01T09:00:00+00:00
3.0,profile-v3-0069,travel,0.166667,0.166667,0.0,2026-08-01T09:00:00+00:00
3.0,profile-v3-0069,social-responsibility,0.166667,0.166667,0.0,2026-08-01T09:00:00+00:00
3.0,profile-v3-0069,culture,0.166667,0.166667,0.0,2026-08-01T09:00:00+00:00
3.0,profile-v3-0070,web-development,0.25,0.25,0.0,2026-08-01T09:00:00+00:00
3.0,profile-v3-0070,engineering,0.25,0.25,0.0,2026-08-01T09:00:00+00:00
3.0,profile-v3-0070,career,0.25,0.25,0.0,2026-08-01T09:00:00+00:00
3.0,profile-v3-0070,mental-health,0.25,0.25,0.0,2026-08-01T09:00:00+00:00
3.0,profile-v3-0071,cybersecurity,0.25,0.25,0.0,2026-08-01T09:00:00+00:00
3.0,profile-v3-0071,theatre,0.25,0.25,0.0,2026-08-01T09:00:00+00:00
3.0,profile-v3-0071,game-development,0.25,0.25,0.0,2026-08-01T09:00:00+00:00
3.0,profile-v3-0071,social-sciences,0.25,0.25,0.0,2026-08-01T09:00:00+00:00
3.0,profile-v3-0072,graphic-design,0.25,0.25,0.0,2026-08-01T09:00:00+00:00
3.0,profile-v3-0072,social-responsibility,0.25,0.25,0.0,2026-08-01T09:00:00+00:00
3.0,profile-v3-0072,theatre,0.25,0.25,0.0,2026-08-01T09:00:00+00:00
3.0,profile-v3-0072,mental-health,0.25,0.25,0.0,2026-08-01T09:00:00+00:00
3.0,profile-v3-0073,international-community,0.333333,0.333333,0.0,2026-08-01T09:00:00+00:00
3.0,profile-v3-0073,travel,0.333333,0.333333,0.0,2026-08-01T09:00:00+00:00
3.0,profile-v3-0073,graphic-design,0.333333,0.333333,0.0,2026-08-01T09:00:00+00:00
3.0,profile-v3-0074,ui-ux,0.333333,0.333333,0.0,2026-08-01T09:00:00+00:00
3.0,profile-v3-0074,finance,0.333333,0.333333,0.0,2026-08-01T09:00:00+00:00
3.0,profile-v3-0074,international-community,0.333333,0.333333,0.0,2026-08-01T09:00:00+00:00
3.0,profile-v3-0075,social-responsibility,0.2,0.2,0.0,2026-08-01T09:00:00+00:00
3.0,profile-v3-0075,social-sciences,0.2,0.2,0.0,2026-08-01T09:00:00+00:00
3.0,profile-v3-0075,engineering,0.2,0.2,0.0,2026-08-01T09:00:00+00:00
3.0,profile-v3-0075,ui-ux,0.2,0.2,0.0,2026-08-01T09:00:00+00:00
3.0,profile-v3-0075,travel,0.2,0.2,0.0,2026-08-01T09:00:00+00:00
3.0,profile-v3-0076,graphic-design,0.142857,0.142857,0.0,2026-08-01T09:00:00+00:00
3.0,profile-v3-0076,product,0.142857,0.142857,0.0,2026-08-01T09:00:00+00:00
3.0,profile-v3-0076,web-development,0.142857,0.142857,0.0,2026-08-01T09:00:00+00:00
3.0,profile-v3-0076,mental-health,0.142857,0.142857,0.0,2026-08-01T09:00:00+00:00
3.0,profile-v3-0076,sustainability,0.142857,0.142857,0.0,2026-08-01T09:00:00+00:00
3.0,profile-v3-0076,career,0.142857,0.142857,0.0,2026-08-01T09:00:00+00:00
3.0,profile-v3-0076,photography,0.142857,0.142857,0.0,2026-08-01T09:00:00+00:00
3.0,profile-v3-0077,languages,0.2,0.2,0.0,2026-08-01T09:00:00+00:00
3.0,profile-v3-0077,graphic-design,0.2,0.2,0.0,2026-08-01T09:00:00+00:00
3.0,profile-v3-0077,engineering,0.2,0.2,0.0,2026-08-01T09:00:00+00:00
3.0,profile-v3-0077,game-development,0.2,0.2,0.0,2026-08-01T09:00:00+00:00
3.0,profile-v3-0077,social-sciences,0.2,0.2,0.0,2026-08-01T09:00:00+00:00
3.0,profile-v3-0078,wellbeing,0.333333,0.333333,0.0,2026-08-01T09:00:00+00:00
3.0,profile-v3-0078,cybersecurity,0.333333,0.333333,0.0,2026-08-01T09:00:00+00:00
3.0,profile-v3-0078,languages,0.333333,0.333333,0.0,2026-08-01T09:00:00+00:00
3.0,profile-v3-0079,social-responsibility,0.25,0.25,0.0,2026-08-01T09:00:00+00:00
3.0,profile-v3-0079,mobile-development,0.25,0.25,0.0,2026-08-01T09:00:00+00:00
3.0,profile-v3-0079,mental-health,0.25,0.25,0.0,2026-08-01T09:00:00+00:00
3.0,profile-v3-0079,sports,0.25,0.25,0.0,2026-08-01T09:00:00+00:00
3.0,profile-v3-0080,graphic-design,0.25,0.25,0.0,2026-08-01T09:00:00+00:00
3.0,profile-v3-0080,social-responsibility,0.25,0.25,0.0,2026-08-01T09:00:00+00:00
3.0,profile-v3-0080,travel,0.25,0.25,0.0,2026-08-01T09:00:00+00:00
3.0,profile-v3-0080,ai,0.25,0.25,0.0,2026-08-01T09:00:00+00:00
3.0,profile-v3-0081,natural-sciences,0.125,0.125,0.0,2026-08-01T09:00:00+00:00
3.0,profile-v3-0081,languages,0.125,0.125,0.0,2026-08-01T09:00:00+00:00
3.0,profile-v3-0081,travel,0.125,0.125,0.0,2026-08-01T09:00:00+00:00
3.0,profile-v3-0081,music,0.125,0.125,0.0,2026-08-01T09:00:00+00:00
3.0,profile-v3-0081,sustainability,0.125,0.125,0.0,2026-08-01T09:00:00+00:00
3.0,profile-v3-0081,cybersecurity,0.125,0.125,0.0,2026-08-01T09:00:00+00:00
3.0,profile-v3-0081,career,0.125,0.125,0.0,2026-08-01T09:00:00+00:00
3.0,profile-v3-0081,nutrition,0.125,0.125,0.0,2026-08-01T09:00:00+00:00
3.0,profile-v3-0082,entrepreneurship,0.142857,0.142857,0.0,2026-08-01T09:00:00+00:00
3.0,profile-v3-0082,languages,0.142857,0.142857,0.0,2026-08-01T09:00:00+00:00
3.0,profile-v3-0082,cybersecurity,0.142857,0.142857,0.0,2026-08-01T09:00:00+00:00
3.0,profile-v3-0082,wellbeing,0.142857,0.142857,0.0,2026-08-01T09:00:00+00:00
3.0,profile-v3-0082,game-development,0.142857,0.142857,0.0,2026-08-01T09:00:00+00:00
3.0,profile-v3-0082,social-responsibility,0.142857,0.142857,0.0,2026-08-01T09:00:00+00:00
3.0,profile-v3-0082,finance,0.142857,0.142857,0.0,2026-08-01T09:00:00+00:00
3.0,profile-v3-0083,photography,0.25,0.25,0.0,2026-08-01T09:00:00+00:00
3.0,profile-v3-0083,engineering,0.25,0.25,0.0,2026-08-01T09:00:00+00:00
3.0,profile-v3-0083,ui-ux,0.25,0.25,0.0,2026-08-01T09:00:00+00:00
3.0,profile-v3-0083,mental-health,0.25,0.25,0.0,2026-08-01T09:00:00+00:00
3.0,profile-v3-0084,languages,0.2,0.2,0.0,2026-08-01T09:00:00+00:00
3.0,profile-v3-0084,volunteering,0.2,0.2,0.0,2026-08-01T09:00:00+00:00
3.0,profile-v3-0084,photography,0.2,0.2,0.0,2026-08-01T09:00:00+00:00
3.0,profile-v3-0084,sustainability,0.2,0.2,0.0,2026-08-01T09:00:00+00:00
3.0,profile-v3-0084,nutrition,0.2,0.2,0.0,2026-08-01T09:00:00+00:00
3.0,profile-v3-0085,wellbeing,0.142857,0.142857,0.0,2026-08-01T09:00:00+00:00
3.0,profile-v3-0085,sports,0.142857,0.142857,0.0,2026-08-01T09:00:00+00:00
3.0,profile-v3-0085,mental-health,0.142857,0.142857,0.0,2026-08-01T09:00:00+00:00
3.0,profile-v3-0085,music,0.142857,0.142857,0.0,2026-08-01T09:00:00+00:00
3.0,profile-v3-0085,international-community,0.142857,0.142857,0.0,2026-08-01T09:00:00+00:00
3.0,profile-v3-0085,natural-sciences,0.142857,0.142857,0.0,2026-08-01T09:00:00+00:00
3.0,profile-v3-0085,finance,0.142857,0.142857,0.0,2026-08-01T09:00:00+00:00
3.0,profile-v3-0086,social-sciences,0.142857,0.142857,0.0,2026-08-01T09:00:00+00:00
3.0,profile-v3-0086,sports,0.142857,0.142857,0.0,2026-08-01T09:00:00+00:00
3.0,profile-v3-0086,photography,0.142857,0.142857,0.0,2026-08-01T09:00:00+00:00
3.0,profile-v3-0086,finance,0.142857,0.142857,0.0,2026-08-01T09:00:00+00:00
3.0,profile-v3-0086,ai,0.142857,0.142857,0.0,2026-08-01T09:00:00+00:00
3.0,profile-v3-0086,wellbeing,0.142857,0.142857,0.0,2026-08-01T09:00:00+00:00
3.0,profile-v3-0086,health-sciences,0.142857,0.142857,0.0,2026-08-01T09:00:00+00:00
3.0,profile-v3-0087,ai,0.125,0.125,0.0,2026-08-01T09:00:00+00:00
3.0,profile-v3-0087,wellbeing,0.125,0.125,0.0,2026-08-01T09:00:00+00:00
3.0,profile-v3-0087,languages,0.125,0.125,0.0,2026-08-01T09:00:00+00:00
3.0,profile-v3-0087,culture,0.125,0.125,0.0,2026-08-01T09:00:00+00:00
3.0,profile-v3-0087,data-science,0.125,0.125,0.0,2026-08-01T09:00:00+00:00
3.0,profile-v3-0087,social-sciences,0.125,0.125,0.0,2026-08-01T09:00:00+00:00
3.0,profile-v3-0087,photography,0.125,0.125,0.0,2026-08-01T09:00:00+00:00
3.0,profile-v3-0087,finance,0.125,0.125,0.0,2026-08-01T09:00:00+00:00
3.0,profile-v3-0088,volunteering,0.166667,0.166667,0.0,2026-08-01T09:00:00+00:00
3.0,profile-v3-0088,entrepreneurship,0.166667,0.166667,0.0,2026-08-01T09:00:00+00:00
3.0,profile-v3-0088,music,0.166667,0.166667,0.0,2026-08-01T09:00:00+00:00
3.0,profile-v3-0088,nutrition,0.166667,0.166667,0.0,2026-08-01T09:00:00+00:00
3.0,profile-v3-0088,theatre,0.166667,0.166667,0.0,2026-08-01T09:00:00+00:00
3.0,profile-v3-0088,health-sciences,0.166667,0.166667,0.0,2026-08-01T09:00:00+00:00
3.0,profile-v3-0089,career,0.125,0.125,0.0,2026-08-01T09:00:00+00:00
3.0,profile-v3-0089,theatre,0.125,0.125,0.0,2026-08-01T09:00:00+00:00
3.0,profile-v3-0089,natural-sciences,0.125,0.125,0.0,2026-08-01T09:00:00+00:00
3.0,profile-v3-0089,mobile-development,0.125,0.125,0.0,2026-08-01T09:00:00+00:00
3.0,profile-v3-0089,languages,0.125,0.125,0.0,2026-08-01T09:00:00+00:00
3.0,profile-v3-0089,wellbeing,0.125,0.125,0.0,2026-08-01T09:00:00+00:00
3.0,profile-v3-0089,entrepreneurship,0.125,0.125,0.0,2026-08-01T09:00:00+00:00
3.0,profile-v3-0089,volunteering,0.125,0.125,0.0,2026-08-01T09:00:00+00:00
3.0,profile-v3-0090,sustainability,0.166667,0.166667,0.0,2026-08-01T09:00:00+00:00
3.0,profile-v3-0090,web-development,0.166667,0.166667,0.0,2026-08-01T09:00:00+00:00
3.0,profile-v3-0090,game-development,0.166667,0.166667,0.0,2026-08-01T09:00:00+00:00
3.0,profile-v3-0090,music,0.166667,0.166667,0.0,2026-08-01T09:00:00+00:00
3.0,profile-v3-0090,engineering,0.166667,0.166667,0.0,2026-08-01T09:00:00+00:00
3.0,profile-v3-0090,finance,0.166667,0.166667,0.0,2026-08-01T09:00:00+00:00
3.0,profile-v3-0091,social-sciences,0.166667,0.166667,0.0,2026-08-01T09:00:00+00:00
3.0,profile-v3-0091,international-community,0.166667,0.166667,0.0,2026-08-01T09:00:00+00:00
3.0,profile-v3-0091,health-sciences,0.166667,0.166667,0.0,2026-08-01T09:00:00+00:00
3.0,profile-v3-0091,finance,0.166667,0.166667,0.0,2026-08-01T09:00:00+00:00
3.0,profile-v3-0091,ui-ux,0.166667,0.166667,0.0,2026-08-01T09:00:00+00:00
3.0,profile-v3-0091,languages,0.166667,0.166667,0.0,2026-08-01T09:00:00+00:00
3.0,profile-v3-0092,natural-sciences,0.2,0.2,0.0,2026-08-01T09:00:00+00:00
3.0,profile-v3-0092,travel,0.2,0.2,0.0,2026-08-01T09:00:00+00:00
3.0,profile-v3-0092,entrepreneurship,0.2,0.2,0.0,2026-08-01T09:00:00+00:00
3.0,profile-v3-0092,social-responsibility,0.2,0.2,0.0,2026-08-01T09:00:00+00:00
3.0,profile-v3-0092,product,0.2,0.2,0.0,2026-08-01T09:00:00+00:00
3.0,profile-v3-0093,data-science,0.333333,0.333333,0.0,2026-08-01T09:00:00+00:00
3.0,profile-v3-0093,ai,0.333333,0.333333,0.0,2026-08-01T09:00:00+00:00
3.0,profile-v3-0093,sustainability,0.333333,0.333333,0.0,2026-08-01T09:00:00+00:00
3.0,profile-v3-0094,ui-ux,0.125,0.125,0.0,2026-08-01T09:00:00+00:00
3.0,profile-v3-0094,social-sciences,0.125,0.125,0.0,2026-08-01T09:00:00+00:00
3.0,profile-v3-0094,wellbeing,0.125,0.125,0.0,2026-08-01T09:00:00+00:00
3.0,profile-v3-0094,career,0.125,0.125,0.0,2026-08-01T09:00:00+00:00
3.0,profile-v3-0094,finance,0.125,0.125,0.0,2026-08-01T09:00:00+00:00
3.0,profile-v3-0094,game-development,0.125,0.125,0.0,2026-08-01T09:00:00+00:00
3.0,profile-v3-0094,mobile-development,0.125,0.125,0.0,2026-08-01T09:00:00+00:00
3.0,profile-v3-0094,cybersecurity,0.125,0.125,0.0,2026-08-01T09:00:00+00:00
3.0,profile-v3-0095,web-development,0.333333,0.333333,0.0,2026-08-01T09:00:00+00:00
3.0,profile-v3-0095,mobile-development,0.333333,0.333333,0.0,2026-08-01T09:00:00+00:00
3.0,profile-v3-0095,natural-sciences,0.333333,0.333333,0.0,2026-08-01T09:00:00+00:00
3.0,profile-v3-0096,data-science,0.142857,0.142857,0.0,2026-08-01T09:00:00+00:00
3.0,profile-v3-0096,languages,0.142857,0.142857,0.0,2026-08-01T09:00:00+00:00
3.0,profile-v3-0096,wellbeing,0.142857,0.142857,0.0,2026-08-01T09:00:00+00:00
3.0,profile-v3-0096,game-development,0.142857,0.142857,0.0,2026-08-01T09:00:00+00:00
3.0,profile-v3-0096,social-responsibility,0.142857,0.142857,0.0,2026-08-01T09:00:00+00:00
3.0,profile-v3-0096,ui-ux,0.142857,0.142857,0.0,2026-08-01T09:00:00+00:00
3.0,profile-v3-0096,career,0.142857,0.142857,0.0,2026-08-01T09:00:00+00:00
3.0,profile-v3-0097,ui-ux,0.2,0.2,0.0,2026-08-01T09:00:00+00:00
3.0,profile-v3-0097,health-sciences,0.2,0.2,0.0,2026-08-01T09:00:00+00:00
3.0,profile-v3-0097,photography,0.2,0.2,0.0,2026-08-01T09:00:00+00:00
3.0,profile-v3-0097,mobile-development,0.2,0.2,0.0,2026-08-01T09:00:00+00:00
3.0,profile-v3-0097,wellbeing,0.2,0.2,0.0,2026-08-01T09:00:00+00:00
3.0,profile-v3-0098,product,0.166667,0.166667,0.0,2026-08-01T09:00:00+00:00
3.0,profile-v3-0098,finance,0.166667,0.166667,0.0,2026-08-01T09:00:00+00:00
3.0,profile-v3-0098,graphic-design,0.166667,0.166667,0.0,2026-08-01T09:00:00+00:00
3.0,profile-v3-0098,nutrition,0.166667,0.166667,0.0,2026-08-01T09:00:00+00:00
3.0,profile-v3-0098,engineering,0.166667,0.166667,0.0,2026-08-01T09:00:00+00:00
3.0,profile-v3-0098,culture,0.166667,0.166667,0.0,2026-08-01T09:00:00+00:00
3.0,profile-v3-0099,sustainability,0.333333,0.333333,0.0,2026-08-01T09:00:00+00:00
3.0,profile-v3-0099,volunteering,0.333333,0.333333,0.0,2026-08-01T09:00:00+00:00
3.0,profile-v3-0099,natural-sciences,0.333333,0.333333,0.0,2026-08-01T09:00:00+00:00
3.0,profile-v3-0100,languages,0.125,0.125,0.0,2026-08-01T09:00:00+00:00
3.0,profile-v3-0100,nutrition,0.125,0.125,0.0,2026-08-01T09:00:00+00:00
3.0,profile-v3-0100,social-responsibility,0.125,0.125,0.0,2026-08-01T09:00:00+00:00
3.0,profile-v3-0100,culture,0.125,0.125,0.0,2026-08-01T09:00:00+00:00
3.0,profile-v3-0100,web-development,0.125,0.125,0.0,2026-08-01T09:00:00+00:00
3.0,profile-v3-0100,cybersecurity,0.125,0.125,0.0,2026-08-01T09:00:00+00:00
3.0,profile-v3-0100,natural-sciences,0.125,0.125,0.0,2026-08-01T09:00:00+00:00
3.0,profile-v3-0100,music,0.125,0.125,0.0,2026-08-01T09:00:00+00:00
3.0,profile-v3-0101,mobile-development,0.333333,0.333333,0.0,2026-08-01T09:00:00+00:00
3.0,profile-v3-0101,volunteering,0.333333,0.333333,0.0,2026-08-01T09:00:00+00:00
3.0,profile-v3-0101,game-development,0.333333,0.333333,0.0,2026-08-01T09:00:00+00:00
3.0,profile-v3-0102,sports,0.2,0.2,0.0,2026-08-01T09:00:00+00:00
3.0,profile-v3-0102,mobile-development,0.2,0.2,0.0,2026-08-01T09:00:00+00:00
3.0,profile-v3-0102,wellbeing,0.2,0.2,0.0,2026-08-01T09:00:00+00:00
3.0,profile-v3-0102,web-development,0.2,0.2,0.0,2026-08-01T09:00:00+00:00
3.0,profile-v3-0102,graphic-design,0.2,0.2,0.0,2026-08-01T09:00:00+00:00
3.0,profile-v3-0103,theatre,0.333333,0.333333,0.0,2026-08-01T09:00:00+00:00
3.0,profile-v3-0103,social-sciences,0.333333,0.333333,0.0,2026-08-01T09:00:00+00:00
3.0,profile-v3-0103,international-community,0.333333,0.333333,0.0,2026-08-01T09:00:00+00:00
3.0,profile-v3-0104,finance,0.333333,0.333333,0.0,2026-08-01T09:00:00+00:00
3.0,profile-v3-0104,natural-sciences,0.333333,0.333333,0.0,2026-08-01T09:00:00+00:00
3.0,profile-v3-0104,game-development,0.333333,0.333333,0.0,2026-08-01T09:00:00+00:00
3.0,profile-v3-0105,photography,0.25,0.25,0.0,2026-08-01T09:00:00+00:00
3.0,profile-v3-0105,social-responsibility,0.25,0.25,0.0,2026-08-01T09:00:00+00:00
3.0,profile-v3-0105,product,0.25,0.25,0.0,2026-08-01T09:00:00+00:00
3.0,profile-v3-0105,ai,0.25,0.25,0.0,2026-08-01T09:00:00+00:00
3.0,profile-v3-0106,sustainability,0.166667,0.166667,0.0,2026-08-01T09:00:00+00:00
3.0,profile-v3-0106,web-development,0.166667,0.166667,0.0,2026-08-01T09:00:00+00:00
3.0,profile-v3-0106,career,0.166667,0.166667,0.0,2026-08-01T09:00:00+00:00
3.0,profile-v3-0106,ui-ux,0.166667,0.166667,0.0,2026-08-01T09:00:00+00:00
3.0,profile-v3-0106,ai,0.166667,0.166667,0.0,2026-08-01T09:00:00+00:00
3.0,profile-v3-0106,engineering,0.166667,0.166667,0.0,2026-08-01T09:00:00+00:00
3.0,profile-v3-0107,game-development,0.2,0.2,0.0,2026-08-01T09:00:00+00:00
3.0,profile-v3-0107,ai,0.2,0.2,0.0,2026-08-01T09:00:00+00:00
3.0,profile-v3-0107,career,0.2,0.2,0.0,2026-08-01T09:00:00+00:00
3.0,profile-v3-0107,sustainability,0.2,0.2,0.0,2026-08-01T09:00:00+00:00
3.0,profile-v3-0107,theatre,0.2,0.2,0.0,2026-08-01T09:00:00+00:00
3.0,profile-v3-0108,entrepreneurship,0.142857,0.142857,0.0,2026-08-01T09:00:00+00:00
3.0,profile-v3-0108,health-sciences,0.142857,0.142857,0.0,2026-08-01T09:00:00+00:00
3.0,profile-v3-0108,web-development,0.142857,0.142857,0.0,2026-08-01T09:00:00+00:00
3.0,profile-v3-0108,engineering,0.142857,0.142857,0.0,2026-08-01T09:00:00+00:00
3.0,profile-v3-0108,photography,0.142857,0.142857,0.0,2026-08-01T09:00:00+00:00
3.0,profile-v3-0108,data-science,0.142857,0.142857,0.0,2026-08-01T09:00:00+00:00
3.0,profile-v3-0108,culture,0.142857,0.142857,0.0,2026-08-01T09:00:00+00:00
3.0,profile-v3-0109,music,0.125,0.125,0.0,2026-08-01T09:00:00+00:00
3.0,profile-v3-0109,engineering,0.125,0.125,0.0,2026-08-01T09:00:00+00:00
3.0,profile-v3-0109,social-responsibility,0.125,0.125,0.0,2026-08-01T09:00:00+00:00
3.0,profile-v3-0109,mobile-development,0.125,0.125,0.0,2026-08-01T09:00:00+00:00
3.0,profile-v3-0109,ai,0.125,0.125,0.0,2026-08-01T09:00:00+00:00
3.0,profile-v3-0109,volunteering,0.125,0.125,0.0,2026-08-01T09:00:00+00:00
3.0,profile-v3-0109,sustainability,0.125,0.125,0.0,2026-08-01T09:00:00+00:00
3.0,profile-v3-0109,international-community,0.125,0.125,0.0,2026-08-01T09:00:00+00:00
3.0,profile-v3-0110,sustainability,0.2,0.2,0.0,2026-08-01T09:00:00+00:00
3.0,profile-v3-0110,product,0.2,0.2,0.0,2026-08-01T09:00:00+00:00
3.0,profile-v3-0110,nutrition,0.2,0.2,0.0,2026-08-01T09:00:00+00:00
3.0,profile-v3-0110,data-science,0.2,0.2,0.0,2026-08-01T09:00:00+00:00
3.0,profile-v3-0110,music,0.2,0.2,0.0,2026-08-01T09:00:00+00:00
3.0,profile-v3-0111,languages,0.142857,0.142857,0.0,2026-08-01T09:00:00+00:00
3.0,profile-v3-0111,music,0.142857,0.142857,0.0,2026-08-01T09:00:00+00:00
3.0,profile-v3-0111,cybersecurity,0.142857,0.142857,0.0,2026-08-01T09:00:00+00:00
3.0,profile-v3-0111,product,0.142857,0.142857,0.0,2026-08-01T09:00:00+00:00
3.0,profile-v3-0111,data-science,0.142857,0.142857,0.0,2026-08-01T09:00:00+00:00
3.0,profile-v3-0111,sports,0.142857,0.142857,0.0,2026-08-01T09:00:00+00:00
3.0,profile-v3-0111,entrepreneurship,0.142857,0.142857,0.0,2026-08-01T09:00:00+00:00
3.0,profile-v3-0112,engineering,0.166667,0.166667,0.0,2026-08-01T09:00:00+00:00
3.0,profile-v3-0112,languages,0.166667,0.166667,0.0,2026-08-01T09:00:00+00:00
3.0,profile-v3-0112,career,0.166667,0.166667,0.0,2026-08-01T09:00:00+00:00
3.0,profile-v3-0112,volunteering,0.166667,0.166667,0.0,2026-08-01T09:00:00+00:00
3.0,profile-v3-0112,music,0.166667,0.166667,0.0,2026-08-01T09:00:00+00:00
3.0,profile-v3-0112,ui-ux,0.166667,0.166667,0.0,2026-08-01T09:00:00+00:00
3.0,profile-v3-0113,game-development,0.125,0.125,0.0,2026-08-01T09:00:00+00:00
3.0,profile-v3-0113,ui-ux,0.125,0.125,0.0,2026-08-01T09:00:00+00:00
3.0,profile-v3-0113,cybersecurity,0.125,0.125,0.0,2026-08-01T09:00:00+00:00
3.0,profile-v3-0113,international-community,0.125,0.125,0.0,2026-08-01T09:00:00+00:00
3.0,profile-v3-0113,volunteering,0.125,0.125,0.0,2026-08-01T09:00:00+00:00
3.0,profile-v3-0113,photography,0.125,0.125,0.0,2026-08-01T09:00:00+00:00
3.0,profile-v3-0113,data-science,0.125,0.125,0.0,2026-08-01T09:00:00+00:00
3.0,profile-v3-0113,social-sciences,0.125,0.125,0.0,2026-08-01T09:00:00+00:00
3.0,profile-v3-0114,finance,0.166667,0.166667,0.0,2026-08-01T09:00:00+00:00
3.0,profile-v3-0114,mobile-development,0.166667,0.166667,0.0,2026-08-01T09:00:00+00:00
3.0,profile-v3-0114,social-responsibility,0.166667,0.166667,0.0,2026-08-01T09:00:00+00:00
3.0,profile-v3-0114,theatre,0.166667,0.166667,0.0,2026-08-01T09:00:00+00:00
3.0,profile-v3-0114,sports,0.166667,0.166667,0.0,2026-08-01T09:00:00+00:00
3.0,profile-v3-0114,natural-sciences,0.166667,0.166667,0.0,2026-08-01T09:00:00+00:00
3.0,profile-v3-0115,web-development,0.2,0.2,0.0,2026-08-01T09:00:00+00:00
3.0,profile-v3-0115,culture,0.2,0.2,0.0,2026-08-01T09:00:00+00:00
3.0,profile-v3-0115,game-development,0.2,0.2,0.0,2026-08-01T09:00:00+00:00
3.0,profile-v3-0115,cybersecurity,0.2,0.2,0.0,2026-08-01T09:00:00+00:00
3.0,profile-v3-0115,product,0.2,0.2,0.0,2026-08-01T09:00:00+00:00
3.0,profile-v3-0116,music,0.166667,0.166667,0.0,2026-08-01T09:00:00+00:00
3.0,profile-v3-0116,travel,0.166667,0.166667,0.0,2026-08-01T09:00:00+00:00
3.0,profile-v3-0116,culture,0.166667,0.166667,0.0,2026-08-01T09:00:00+00:00
3.0,profile-v3-0116,finance,0.166667,0.166667,0.0,2026-08-01T09:00:00+00:00
3.0,profile-v3-0116,data-science,0.166667,0.166667,0.0,2026-08-01T09:00:00+00:00
3.0,profile-v3-0116,game-development,0.166667,0.166667,0.0,2026-08-01T09:00:00+00:00
3.0,profile-v3-0117,volunteering,0.2,0.2,0.0,2026-08-01T09:00:00+00:00
3.0,profile-v3-0117,game-development,0.2,0.2,0.0,2026-08-01T09:00:00+00:00
3.0,profile-v3-0117,wellbeing,0.2,0.2,0.0,2026-08-01T09:00:00+00:00
3.0,profile-v3-0117,mobile-development,0.2,0.2,0.0,2026-08-01T09:00:00+00:00
3.0,profile-v3-0117,music,0.2,0.2,0.0,2026-08-01T09:00:00+00:00
3.0,profile-v3-0118,nutrition,0.333333,0.333333,0.0,2026-08-01T09:00:00+00:00
3.0,profile-v3-0118,finance,0.333333,0.333333,0.0,2026-08-01T09:00:00+00:00
3.0,profile-v3-0118,engineering,0.333333,0.333333,0.0,2026-08-01T09:00:00+00:00
3.0,profile-v3-0119,career,0.25,0.25,0.0,2026-08-01T09:00:00+00:00
3.0,profile-v3-0119,mental-health,0.25,0.25,0.0,2026-08-01T09:00:00+00:00
3.0,profile-v3-0119,finance,0.25,0.25,0.0,2026-08-01T09:00:00+00:00
3.0,profile-v3-0119,entrepreneurship,0.25,0.25,0.0,2026-08-01T09:00:00+00:00
3.0,profile-v3-0120,entrepreneurship,0.166667,0.166667,0.0,2026-08-01T09:00:00+00:00
3.0,profile-v3-0120,nutrition,0.166667,0.166667,0.0,2026-08-01T09:00:00+00:00
3.0,profile-v3-0120,sustainability,0.166667,0.166667,0.0,2026-08-01T09:00:00+00:00
3.0,profile-v3-0120,career,0.166667,0.166667,0.0,2026-08-01T09:00:00+00:00
3.0,profile-v3-0120,ui-ux,0.166667,0.166667,0.0,2026-08-01T09:00:00+00:00
3.0,profile-v3-0120,sports,0.166667,0.166667,0.0,2026-08-01T09:00:00+00:00
3.0,profile-v3-0121,theatre,0.125,0.125,0.0,2026-08-01T09:00:00+00:00
3.0,profile-v3-0121,photography,0.125,0.125,0.0,2026-08-01T09:00:00+00:00
3.0,profile-v3-0121,finance,0.125,0.125,0.0,2026-08-01T09:00:00+00:00
3.0,profile-v3-0121,nutrition,0.125,0.125,0.0,2026-08-01T09:00:00+00:00
3.0,profile-v3-0121,culture,0.125,0.125,0.0,2026-08-01T09:00:00+00:00
3.0,profile-v3-0121,graphic-design,0.125,0.125,0.0,2026-08-01T09:00:00+00:00
3.0,profile-v3-0121,social-sciences,0.125,0.125,0.0,2026-08-01T09:00:00+00:00
3.0,profile-v3-0121,career,0.125,0.125,0.0,2026-08-01T09:00:00+00:00
3.0,profile-v3-0122,volunteering,0.142857,0.142857,0.0,2026-08-01T09:00:00+00:00
3.0,profile-v3-0122,web-development,0.142857,0.142857,0.0,2026-08-01T09:00:00+00:00
3.0,profile-v3-0122,international-community,0.142857,0.142857,0.0,2026-08-01T09:00:00+00:00
3.0,profile-v3-0122,graphic-design,0.142857,0.142857,0.0,2026-08-01T09:00:00+00:00
3.0,profile-v3-0122,nutrition,0.142857,0.142857,0.0,2026-08-01T09:00:00+00:00
3.0,profile-v3-0122,photography,0.142857,0.142857,0.0,2026-08-01T09:00:00+00:00
3.0,profile-v3-0122,finance,0.142857,0.142857,0.0,2026-08-01T09:00:00+00:00
3.0,profile-v3-0123,nutrition,0.166667,0.166667,0.0,2026-08-01T09:00:00+00:00
3.0,profile-v3-0123,product,0.166667,0.166667,0.0,2026-08-01T09:00:00+00:00
3.0,profile-v3-0123,mental-health,0.166667,0.166667,0.0,2026-08-01T09:00:00+00:00
3.0,profile-v3-0123,data-science,0.166667,0.166667,0.0,2026-08-01T09:00:00+00:00
3.0,profile-v3-0123,languages,0.166667,0.166667,0.0,2026-08-01T09:00:00+00:00
3.0,profile-v3-0123,travel,0.166667,0.166667,0.0,2026-08-01T09:00:00+00:00
3.0,profile-v3-0124,career,0.142857,0.142857,0.0,2026-08-01T09:00:00+00:00
3.0,profile-v3-0124,product,0.142857,0.142857,0.0,2026-08-01T09:00:00+00:00
3.0,profile-v3-0124,web-development,0.142857,0.142857,0.0,2026-08-01T09:00:00+00:00
3.0,profile-v3-0124,international-community,0.142857,0.142857,0.0,2026-08-01T09:00:00+00:00
3.0,profile-v3-0124,ai,0.142857,0.142857,0.0,2026-08-01T09:00:00+00:00
3.0,profile-v3-0124,mobile-development,0.142857,0.142857,0.0,2026-08-01T09:00:00+00:00
3.0,profile-v3-0124,wellbeing,0.142857,0.142857,0.0,2026-08-01T09:00:00+00:00
3.0,profile-v3-0125,social-sciences,0.25,0.25,0.0,2026-08-01T09:00:00+00:00
3.0,profile-v3-0125,ui-ux,0.25,0.25,0.0,2026-08-01T09:00:00+00:00
3.0,profile-v3-0125,wellbeing,0.25,0.25,0.0,2026-08-01T09:00:00+00:00
3.0,profile-v3-0125,international-community,0.25,0.25,0.0,2026-08-01T09:00:00+00:00
3.0,profile-v3-0126,graphic-design,0.142857,0.142857,0.0,2026-08-01T09:00:00+00:00
3.0,profile-v3-0126,languages,0.142857,0.142857,0.0,2026-08-01T09:00:00+00:00
3.0,profile-v3-0126,game-development,0.142857,0.142857,0.0,2026-08-01T09:00:00+00:00
3.0,profile-v3-0126,web-development,0.142857,0.142857,0.0,2026-08-01T09:00:00+00:00
3.0,profile-v3-0126,wellbeing,0.142857,0.142857,0.0,2026-08-01T09:00:00+00:00
3.0,profile-v3-0126,nutrition,0.142857,0.142857,0.0,2026-08-01T09:00:00+00:00
3.0,profile-v3-0126,ai,0.142857,0.142857,0.0,2026-08-01T09:00:00+00:00
3.0,profile-v3-0127,photography,0.125,0.125,0.0,2026-08-01T09:00:00+00:00
3.0,profile-v3-0127,finance,0.125,0.125,0.0,2026-08-01T09:00:00+00:00
3.0,profile-v3-0127,volunteering,0.125,0.125,0.0,2026-08-01T09:00:00+00:00
3.0,profile-v3-0127,engineering,0.125,0.125,0.0,2026-08-01T09:00:00+00:00
3.0,profile-v3-0127,theatre,0.125,0.125,0.0,2026-08-01T09:00:00+00:00
3.0,profile-v3-0127,mental-health,0.125,0.125,0.0,2026-08-01T09:00:00+00:00
3.0,profile-v3-0127,cybersecurity,0.125,0.125,0.0,2026-08-01T09:00:00+00:00
3.0,profile-v3-0127,ui-ux,0.125,0.125,0.0,2026-08-01T09:00:00+00:00
3.0,profile-v3-0128,travel,0.333333,0.333333,0.0,2026-08-01T09:00:00+00:00
3.0,profile-v3-0128,languages,0.333333,0.333333,0.0,2026-08-01T09:00:00+00:00
3.0,profile-v3-0128,sports,0.333333,0.333333,0.0,2026-08-01T09:00:00+00:00
3.0,profile-v3-0129,sustainability,0.333333,0.333333,0.0,2026-08-01T09:00:00+00:00
3.0,profile-v3-0129,cybersecurity,0.333333,0.333333,0.0,2026-08-01T09:00:00+00:00
3.0,profile-v3-0129,web-development,0.333333,0.333333,0.0,2026-08-01T09:00:00+00:00
3.0,profile-v3-0130,mental-health,0.125,0.125,0.0,2026-08-01T09:00:00+00:00
3.0,profile-v3-0130,social-sciences,0.125,0.125,0.0,2026-08-01T09:00:00+00:00
3.0,profile-v3-0130,web-development,0.125,0.125,0.0,2026-08-01T09:00:00+00:00
3.0,profile-v3-0130,theatre,0.125,0.125,0.0,2026-08-01T09:00:00+00:00
3.0,profile-v3-0130,mobile-development,0.125,0.125,0.0,2026-08-01T09:00:00+00:00
3.0,profile-v3-0130,data-science,0.125,0.125,0.0,2026-08-01T09:00:00+00:00
3.0,profile-v3-0130,wellbeing,0.125,0.125,0.0,2026-08-01T09:00:00+00:00
3.0,profile-v3-0130,international-community,0.125,0.125,0.0,2026-08-01T09:00:00+00:00
3.0,profile-v3-0131,engineering,0.125,0.125,0.0,2026-08-01T09:00:00+00:00
3.0,profile-v3-0131,mobile-development,0.125,0.125,0.0,2026-08-01T09:00:00+00:00
3.0,profile-v3-0131,wellbeing,0.125,0.125,0.0,2026-08-01T09:00:00+00:00
3.0,profile-v3-0131,international-community,0.125,0.125,0.0,2026-08-01T09:00:00+00:00
3.0,profile-v3-0131,languages,0.125,0.125,0.0,2026-08-01T09:00:00+00:00
3.0,profile-v3-0131,entrepreneurship,0.125,0.125,0.0,2026-08-01T09:00:00+00:00
3.0,profile-v3-0131,social-responsibility,0.125,0.125,0.0,2026-08-01T09:00:00+00:00
3.0,profile-v3-0131,career,0.125,0.125,0.0,2026-08-01T09:00:00+00:00
3.0,profile-v3-0132,volunteering,0.166667,0.166667,0.0,2026-08-01T09:00:00+00:00
3.0,profile-v3-0132,entrepreneurship,0.166667,0.166667,0.0,2026-08-01T09:00:00+00:00
3.0,profile-v3-0132,sustainability,0.166667,0.166667,0.0,2026-08-01T09:00:00+00:00
3.0,profile-v3-0132,music,0.166667,0.166667,0.0,2026-08-01T09:00:00+00:00
3.0,profile-v3-0132,natural-sciences,0.166667,0.166667,0.0,2026-08-01T09:00:00+00:00
3.0,profile-v3-0132,sports,0.166667,0.166667,0.0,2026-08-01T09:00:00+00:00
3.0,profile-v3-0133,languages,0.333333,0.333333,0.0,2026-08-01T09:00:00+00:00
3.0,profile-v3-0133,engineering,0.333333,0.333333,0.0,2026-08-01T09:00:00+00:00
3.0,profile-v3-0133,wellbeing,0.333333,0.333333,0.0,2026-08-01T09:00:00+00:00
3.0,profile-v3-0134,social-sciences,0.142857,0.142857,0.0,2026-08-01T09:00:00+00:00
3.0,profile-v3-0134,cybersecurity,0.142857,0.142857,0.0,2026-08-01T09:00:00+00:00
3.0,profile-v3-0134,social-responsibility,0.142857,0.142857,0.0,2026-08-01T09:00:00+00:00
3.0,profile-v3-0134,ui-ux,0.142857,0.142857,0.0,2026-08-01T09:00:00+00:00
3.0,profile-v3-0134,sustainability,0.142857,0.142857,0.0,2026-08-01T09:00:00+00:00
3.0,profile-v3-0134,travel,0.142857,0.142857,0.0,2026-08-01T09:00:00+00:00
3.0,profile-v3-0134,career,0.142857,0.142857,0.0,2026-08-01T09:00:00+00:00
3.0,profile-v3-0135,career,0.125,0.125,0.0,2026-08-01T09:00:00+00:00
3.0,profile-v3-0135,cybersecurity,0.125,0.125,0.0,2026-08-01T09:00:00+00:00
3.0,profile-v3-0135,wellbeing,0.125,0.125,0.0,2026-08-01T09:00:00+00:00
3.0,profile-v3-0135,web-development,0.125,0.125,0.0,2026-08-01T09:00:00+00:00
3.0,profile-v3-0135,engineering,0.125,0.125,0.0,2026-08-01T09:00:00+00:00
3.0,profile-v3-0135,ui-ux,0.125,0.125,0.0,2026-08-01T09:00:00+00:00
3.0,profile-v3-0135,photography,0.125,0.125,0.0,2026-08-01T09:00:00+00:00
3.0,profile-v3-0135,sustainability,0.125,0.125,0.0,2026-08-01T09:00:00+00:00
3.0,profile-v3-0136,volunteering,0.166667,0.166667,0.0,2026-08-01T09:00:00+00:00
3.0,profile-v3-0136,engineering,0.166667,0.166667,0.0,2026-08-01T09:00:00+00:00
3.0,profile-v3-0136,natural-sciences,0.166667,0.166667,0.0,2026-08-01T09:00:00+00:00
3.0,profile-v3-0136,photography,0.166667,0.166667,0.0,2026-08-01T09:00:00+00:00
3.0,profile-v3-0136,international-community,0.166667,0.166667,0.0,2026-08-01T09:00:00+00:00
3.0,profile-v3-0136,data-science,0.166667,0.166667,0.0,2026-08-01T09:00:00+00:00
3.0,profile-v3-0137,travel,0.125,0.125,0.0,2026-08-01T09:00:00+00:00
3.0,profile-v3-0137,graphic-design,0.125,0.125,0.0,2026-08-01T09:00:00+00:00
3.0,profile-v3-0137,entrepreneurship,0.125,0.125,0.0,2026-08-01T09:00:00+00:00
3.0,profile-v3-0137,ui-ux,0.125,0.125,0.0,2026-08-01T09:00:00+00:00
3.0,profile-v3-0137,cybersecurity,0.125,0.125,0.0,2026-08-01T09:00:00+00:00
3.0,profile-v3-0137,international-community,0.125,0.125,0.0,2026-08-01T09:00:00+00:00
3.0,profile-v3-0137,social-responsibility,0.125,0.125,0.0,2026-08-01T09:00:00+00:00
3.0,profile-v3-0137,mobile-development,0.125,0.125,0.0,2026-08-01T09:00:00+00:00
3.0,profile-v3-0138,theatre,0.166667,0.166667,0.0,2026-08-01T09:00:00+00:00
3.0,profile-v3-0138,career,0.166667,0.166667,0.0,2026-08-01T09:00:00+00:00
3.0,profile-v3-0138,culture,0.166667,0.166667,0.0,2026-08-01T09:00:00+00:00
3.0,profile-v3-0138,international-community,0.166667,0.166667,0.0,2026-08-01T09:00:00+00:00
3.0,profile-v3-0138,ai,0.166667,0.166667,0.0,2026-08-01T09:00:00+00:00
3.0,profile-v3-0138,mobile-development,0.166667,0.166667,0.0,2026-08-01T09:00:00+00:00
3.0,profile-v3-0139,entrepreneurship,0.25,0.25,0.0,2026-08-01T09:00:00+00:00
3.0,profile-v3-0139,mental-health,0.25,0.25,0.0,2026-08-01T09:00:00+00:00
3.0,profile-v3-0139,music,0.25,0.25,0.0,2026-08-01T09:00:00+00:00
3.0,profile-v3-0139,sustainability,0.25,0.25,0.0,2026-08-01T09:00:00+00:00
3.0,profile-v3-0140,game-development,0.2,0.2,0.0,2026-08-01T09:00:00+00:00
3.0,profile-v3-0140,mental-health,0.2,0.2,0.0,2026-08-01T09:00:00+00:00
3.0,profile-v3-0140,ui-ux,0.2,0.2,0.0,2026-08-01T09:00:00+00:00
3.0,profile-v3-0140,photography,0.2,0.2,0.0,2026-08-01T09:00:00+00:00
3.0,profile-v3-0140,cybersecurity,0.2,0.2,0.0,2026-08-01T09:00:00+00:00
3.0,profile-v3-0141,languages,0.166667,0.166667,0.0,2026-08-01T09:00:00+00:00
3.0,profile-v3-0141,sports,0.166667,0.166667,0.0,2026-08-01T09:00:00+00:00
3.0,profile-v3-0141,product,0.166667,0.166667,0.0,2026-08-01T09:00:00+00:00
3.0,profile-v3-0141,mental-health,0.166667,0.166667,0.0,2026-08-01T09:00:00+00:00
3.0,profile-v3-0141,theatre,0.166667,0.166667,0.0,2026-08-01T09:00:00+00:00
3.0,profile-v3-0141,social-sciences,0.166667,0.166667,0.0,2026-08-01T09:00:00+00:00
3.0,profile-v3-0142,graphic-design,0.333333,0.333333,0.0,2026-08-01T09:00:00+00:00
3.0,profile-v3-0142,engineering,0.333333,0.333333,0.0,2026-08-01T09:00:00+00:00
3.0,profile-v3-0142,sports,0.333333,0.333333,0.0,2026-08-01T09:00:00+00:00
3.0,profile-v3-0143,ui-ux,0.125,0.125,0.0,2026-08-01T09:00:00+00:00
3.0,profile-v3-0143,mental-health,0.125,0.125,0.0,2026-08-01T09:00:00+00:00
3.0,profile-v3-0143,languages,0.125,0.125,0.0,2026-08-01T09:00:00+00:00
3.0,profile-v3-0143,health-sciences,0.125,0.125,0.0,2026-08-01T09:00:00+00:00
3.0,profile-v3-0143,finance,0.125,0.125,0.0,2026-08-01T09:00:00+00:00
3.0,profile-v3-0143,wellbeing,0.125,0.125,0.0,2026-08-01T09:00:00+00:00
3.0,profile-v3-0143,social-sciences,0.125,0.125,0.0,2026-08-01T09:00:00+00:00
3.0,profile-v3-0143,theatre,0.125,0.125,0.0,2026-08-01T09:00:00+00:00
3.0,profile-v3-0144,entrepreneurship,0.25,0.25,0.0,2026-08-01T09:00:00+00:00
3.0,profile-v3-0144,web-development,0.25,0.25,0.0,2026-08-01T09:00:00+00:00
3.0,profile-v3-0144,data-science,0.25,0.25,0.0,2026-08-01T09:00:00+00:00
3.0,profile-v3-0144,photography,0.25,0.25,0.0,2026-08-01T09:00:00+00:00
3.0,profile-v3-0145,entrepreneurship,0.142857,0.142857,0.0,2026-08-01T09:00:00+00:00
3.0,profile-v3-0145,health-sciences,0.142857,0.142857,0.0,2026-08-01T09:00:00+00:00
3.0,profile-v3-0145,ai,0.142857,0.142857,0.0,2026-08-01T09:00:00+00:00
3.0,profile-v3-0145,wellbeing,0.142857,0.142857,0.0,2026-08-01T09:00:00+00:00
3.0,profile-v3-0145,sports,0.142857,0.142857,0.0,2026-08-01T09:00:00+00:00
3.0,profile-v3-0145,natural-sciences,0.142857,0.142857,0.0,2026-08-01T09:00:00+00:00
3.0,profile-v3-0145,social-responsibility,0.142857,0.142857,0.0,2026-08-01T09:00:00+00:00
3.0,profile-v3-0146,international-community,0.142857,0.142857,0.0,2026-08-01T09:00:00+00:00
3.0,profile-v3-0146,languages,0.142857,0.142857,0.0,2026-08-01T09:00:00+00:00
3.0,profile-v3-0146,travel,0.142857,0.142857,0.0,2026-08-01T09:00:00+00:00
3.0,profile-v3-0146,data-science,0.142857,0.142857,0.0,2026-08-01T09:00:00+00:00
3.0,profile-v3-0146,entrepreneurship,0.142857,0.142857,0.0,2026-08-01T09:00:00+00:00
3.0,profile-v3-0146,sustainability,0.142857,0.142857,0.0,2026-08-01T09:00:00+00:00
3.0,profile-v3-0146,mental-health,0.142857,0.142857,0.0,2026-08-01T09:00:00+00:00
3.0,profile-v3-0147,career,0.25,0.25,0.0,2026-08-01T09:00:00+00:00
3.0,profile-v3-0147,mobile-development,0.25,0.25,0.0,2026-08-01T09:00:00+00:00
3.0,profile-v3-0147,graphic-design,0.25,0.25,0.0,2026-08-01T09:00:00+00:00
3.0,profile-v3-0147,finance,0.25,0.25,0.0,2026-08-01T09:00:00+00:00
3.0,profile-v3-0148,data-science,0.2,0.2,0.0,2026-08-01T09:00:00+00:00
3.0,profile-v3-0148,sustainability,0.2,0.2,0.0,2026-08-01T09:00:00+00:00
3.0,profile-v3-0148,nutrition,0.2,0.2,0.0,2026-08-01T09:00:00+00:00
3.0,profile-v3-0148,theatre,0.2,0.2,0.0,2026-08-01T09:00:00+00:00
3.0,profile-v3-0148,languages,0.2,0.2,0.0,2026-08-01T09:00:00+00:00
3.0,profile-v3-0149,sustainability,0.333333,0.333333,0.0,2026-08-01T09:00:00+00:00
3.0,profile-v3-0149,theatre,0.333333,0.333333,0.0,2026-08-01T09:00:00+00:00
3.0,profile-v3-0149,nutrition,0.333333,0.333333,0.0,2026-08-01T09:00:00+00:00
3.0,profile-v3-0150,web-development,0.2,0.2,0.0,2026-08-01T09:00:00+00:00
3.0,profile-v3-0150,mobile-development,0.2,0.2,0.0,2026-08-01T09:00:00+00:00
3.0,profile-v3-0150,travel,0.2,0.2,0.0,2026-08-01T09:00:00+00:00
3.0,profile-v3-0150,career,0.2,0.2,0.0,2026-08-01T09:00:00+00:00
3.0,profile-v3-0150,cybersecurity,0.2,0.2,0.0,2026-08-01T09:00:00+00:00
3.0,profile-v3-0151,finance,0.166667,0.166667,0.0,2026-08-01T09:00:00+00:00
3.0,profile-v3-0151,international-community,0.166667,0.166667,0.0,2026-08-01T09:00:00+00:00
3.0,profile-v3-0151,volunteering,0.166667,0.166667,0.0,2026-08-01T09:00:00+00:00
3.0,profile-v3-0151,culture,0.166667,0.166667,0.0,2026-08-01T09:00:00+00:00
3.0,profile-v3-0151,sustainability,0.166667,0.166667,0.0,2026-08-01T09:00:00+00:00
3.0,profile-v3-0151,engineering,0.166667,0.166667,0.0,2026-08-01T09:00:00+00:00
3.0,profile-v3-0152,mobile-development,0.142857,0.142857,0.0,2026-08-01T09:00:00+00:00
3.0,profile-v3-0152,career,0.142857,0.142857,0.0,2026-08-01T09:00:00+00:00
3.0,profile-v3-0152,theatre,0.142857,0.142857,0.0,2026-08-01T09:00:00+00:00
3.0,profile-v3-0152,social-sciences,0.142857,0.142857,0.0,2026-08-01T09:00:00+00:00
3.0,profile-v3-0152,web-development,0.142857,0.142857,0.0,2026-08-01T09:00:00+00:00
3.0,profile-v3-0152,volunteering,0.142857,0.142857,0.0,2026-08-01T09:00:00+00:00
3.0,profile-v3-0152,data-science,0.142857,0.142857,0.0,2026-08-01T09:00:00+00:00
3.0,profile-v3-0153,cybersecurity,0.333333,0.333333,0.0,2026-08-01T09:00:00+00:00
3.0,profile-v3-0153,game-development,0.333333,0.333333,0.0,2026-08-01T09:00:00+00:00
3.0,profile-v3-0153,sustainability,0.333333,0.333333,0.0,2026-08-01T09:00:00+00:00
3.0,profile-v3-0154,social-responsibility,0.2,0.2,0.0,2026-08-01T09:00:00+00:00
3.0,profile-v3-0154,ui-ux,0.2,0.2,0.0,2026-08-01T09:00:00+00:00
3.0,profile-v3-0154,entrepreneurship,0.2,0.2,0.0,2026-08-01T09:00:00+00:00
3.0,profile-v3-0154,sustainability,0.2,0.2,0.0,2026-08-01T09:00:00+00:00
3.0,profile-v3-0154,social-sciences,0.2,0.2,0.0,2026-08-01T09:00:00+00:00
3.0,profile-v3-0155,social-sciences,0.125,0.125,0.0,2026-08-01T09:00:00+00:00
3.0,profile-v3-0155,ai,0.125,0.125,0.0,2026-08-01T09:00:00+00:00
3.0,profile-v3-0155,natural-sciences,0.125,0.125,0.0,2026-08-01T09:00:00+00:00
3.0,profile-v3-0155,graphic-design,0.125,0.125,0.0,2026-08-01T09:00:00+00:00
3.0,profile-v3-0155,data-science,0.125,0.125,0.0,2026-08-01T09:00:00+00:00
3.0,profile-v3-0155,international-community,0.125,0.125,0.0,2026-08-01T09:00:00+00:00
3.0,profile-v3-0155,nutrition,0.125,0.125,0.0,2026-08-01T09:00:00+00:00
3.0,profile-v3-0155,sports,0.125,0.125,0.0,2026-08-01T09:00:00+00:00
3.0,profile-v3-0156,sports,0.2,0.2,0.0,2026-08-01T09:00:00+00:00
3.0,profile-v3-0156,career,0.2,0.2,0.0,2026-08-01T09:00:00+00:00
3.0,profile-v3-0156,travel,0.2,0.2,0.0,2026-08-01T09:00:00+00:00
3.0,profile-v3-0156,social-sciences,0.2,0.2,0.0,2026-08-01T09:00:00+00:00
3.0,profile-v3-0156,ai,0.2,0.2,0.0,2026-08-01T09:00:00+00:00
3.0,profile-v3-0157,wellbeing,0.2,0.2,0.0,2026-08-01T09:00:00+00:00
3.0,profile-v3-0157,travel,0.2,0.2,0.0,2026-08-01T09:00:00+00:00
3.0,profile-v3-0157,ai,0.2,0.2,0.0,2026-08-01T09:00:00+00:00
3.0,profile-v3-0157,music,0.2,0.2,0.0,2026-08-01T09:00:00+00:00
3.0,profile-v3-0157,international-community,0.2,0.2,0.0,2026-08-01T09:00:00+00:00
3.0,profile-v3-0158,nutrition,0.333333,0.333333,0.0,2026-08-01T09:00:00+00:00
3.0,profile-v3-0158,culture,0.333333,0.333333,0.0,2026-08-01T09:00:00+00:00
3.0,profile-v3-0158,game-development,0.333333,0.333333,0.0,2026-08-01T09:00:00+00:00
3.0,profile-v3-0159,nutrition,0.2,0.2,0.0,2026-08-01T09:00:00+00:00
3.0,profile-v3-0159,mobile-development,0.2,0.2,0.0,2026-08-01T09:00:00+00:00
3.0,profile-v3-0159,cybersecurity,0.2,0.2,0.0,2026-08-01T09:00:00+00:00
3.0,profile-v3-0159,theatre,0.2,0.2,0.0,2026-08-01T09:00:00+00:00
3.0,profile-v3-0159,product,0.2,0.2,0.0,2026-08-01T09:00:00+00:00
3.0,profile-v3-0160,cybersecurity,0.166667,0.166667,0.0,2026-08-01T09:00:00+00:00
3.0,profile-v3-0160,social-responsibility,0.166667,0.166667,0.0,2026-08-01T09:00:00+00:00
3.0,profile-v3-0160,social-sciences,0.166667,0.166667,0.0,2026-08-01T09:00:00+00:00
3.0,profile-v3-0160,languages,0.166667,0.166667,0.0,2026-08-01T09:00:00+00:00
3.0,profile-v3-0160,volunteering,0.166667,0.166667,0.0,2026-08-01T09:00:00+00:00
3.0,profile-v3-0160,theatre,0.166667,0.166667,0.0,2026-08-01T09:00:00+00:00
3.0,profile-v3-0161,cybersecurity,0.2,0.2,0.0,2026-08-01T09:00:00+00:00
3.0,profile-v3-0161,sustainability,0.2,0.2,0.0,2026-08-01T09:00:00+00:00
3.0,profile-v3-0161,sports,0.2,0.2,0.0,2026-08-01T09:00:00+00:00
3.0,profile-v3-0161,ui-ux,0.2,0.2,0.0,2026-08-01T09:00:00+00:00
3.0,profile-v3-0161,volunteering,0.2,0.2,0.0,2026-08-01T09:00:00+00:00
3.0,profile-v3-0162,finance,0.2,0.2,0.0,2026-08-01T09:00:00+00:00
3.0,profile-v3-0162,mental-health,0.2,0.2,0.0,2026-08-01T09:00:00+00:00
3.0,profile-v3-0162,social-responsibility,0.2,0.2,0.0,2026-08-01T09:00:00+00:00
3.0,profile-v3-0162,wellbeing,0.2,0.2,0.0,2026-08-01T09:00:00+00:00
3.0,profile-v3-0162,nutrition,0.2,0.2,0.0,2026-08-01T09:00:00+00:00
3.0,profile-v3-0163,photography,0.2,0.2,0.0,2026-08-01T09:00:00+00:00
3.0,profile-v3-0163,graphic-design,0.2,0.2,0.0,2026-08-01T09:00:00+00:00
3.0,profile-v3-0163,nutrition,0.2,0.2,0.0,2026-08-01T09:00:00+00:00
3.0,profile-v3-0163,entrepreneurship,0.2,0.2,0.0,2026-08-01T09:00:00+00:00
3.0,profile-v3-0163,mobile-development,0.2,0.2,0.0,2026-08-01T09:00:00+00:00
3.0,profile-v3-0164,languages,0.333333,0.333333,0.0,2026-08-01T09:00:00+00:00
3.0,profile-v3-0164,music,0.333333,0.333333,0.0,2026-08-01T09:00:00+00:00
3.0,profile-v3-0164,natural-sciences,0.333333,0.333333,0.0,2026-08-01T09:00:00+00:00
3.0,profile-v3-0165,ai,0.142857,0.142857,0.0,2026-08-01T09:00:00+00:00
3.0,profile-v3-0165,nutrition,0.142857,0.142857,0.0,2026-08-01T09:00:00+00:00
3.0,profile-v3-0165,graphic-design,0.142857,0.142857,0.0,2026-08-01T09:00:00+00:00
3.0,profile-v3-0165,volunteering,0.142857,0.142857,0.0,2026-08-01T09:00:00+00:00
3.0,profile-v3-0165,wellbeing,0.142857,0.142857,0.0,2026-08-01T09:00:00+00:00
3.0,profile-v3-0165,product,0.142857,0.142857,0.0,2026-08-01T09:00:00+00:00
3.0,profile-v3-0165,languages,0.142857,0.142857,0.0,2026-08-01T09:00:00+00:00
3.0,profile-v3-0166,ui-ux,0.25,0.25,0.0,2026-08-01T09:00:00+00:00
3.0,profile-v3-0166,volunteering,0.25,0.25,0.0,2026-08-01T09:00:00+00:00
3.0,profile-v3-0166,wellbeing,0.25,0.25,0.0,2026-08-01T09:00:00+00:00
3.0,profile-v3-0166,career,0.25,0.25,0.0,2026-08-01T09:00:00+00:00
3.0,profile-v3-0167,theatre,0.333333,0.333333,0.0,2026-08-01T09:00:00+00:00
3.0,profile-v3-0167,wellbeing,0.333333,0.333333,0.0,2026-08-01T09:00:00+00:00
3.0,profile-v3-0167,cybersecurity,0.333333,0.333333,0.0,2026-08-01T09:00:00+00:00
3.0,profile-v3-0168,culture,0.125,0.125,0.0,2026-08-01T09:00:00+00:00
3.0,profile-v3-0168,engineering,0.125,0.125,0.0,2026-08-01T09:00:00+00:00
3.0,profile-v3-0168,mental-health,0.125,0.125,0.0,2026-08-01T09:00:00+00:00
3.0,profile-v3-0168,sports,0.125,0.125,0.0,2026-08-01T09:00:00+00:00
3.0,profile-v3-0168,music,0.125,0.125,0.0,2026-08-01T09:00:00+00:00
3.0,profile-v3-0168,volunteering,0.125,0.125,0.0,2026-08-01T09:00:00+00:00
3.0,profile-v3-0168,sustainability,0.125,0.125,0.0,2026-08-01T09:00:00+00:00
3.0,profile-v3-0168,ui-ux,0.125,0.125,0.0,2026-08-01T09:00:00+00:00
3.0,profile-v3-0169,languages,0.142857,0.142857,0.0,2026-08-01T09:00:00+00:00
3.0,profile-v3-0169,travel,0.142857,0.142857,0.0,2026-08-01T09:00:00+00:00
3.0,profile-v3-0169,sustainability,0.142857,0.142857,0.0,2026-08-01T09:00:00+00:00
3.0,profile-v3-0169,social-responsibility,0.142857,0.142857,0.0,2026-08-01T09:00:00+00:00
3.0,profile-v3-0169,mental-health,0.142857,0.142857,0.0,2026-08-01T09:00:00+00:00
3.0,profile-v3-0169,cybersecurity,0.142857,0.142857,0.0,2026-08-01T09:00:00+00:00
3.0,profile-v3-0169,ui-ux,0.142857,0.142857,0.0,2026-08-01T09:00:00+00:00
3.0,profile-v3-0170,social-responsibility,0.125,0.125,0.0,2026-08-01T09:00:00+00:00
3.0,profile-v3-0170,entrepreneurship,0.125,0.125,0.0,2026-08-01T09:00:00+00:00
3.0,profile-v3-0170,web-development,0.125,0.125,0.0,2026-08-01T09:00:00+00:00
3.0,profile-v3-0170,game-development,0.125,0.125,0.0,2026-08-01T09:00:00+00:00
3.0,profile-v3-0170,sustainability,0.125,0.125,0.0,2026-08-01T09:00:00+00:00
3.0,profile-v3-0170,nutrition,0.125,0.125,0.0,2026-08-01T09:00:00+00:00
3.0,profile-v3-0170,photography,0.125,0.125,0.0,2026-08-01T09:00:00+00:00
3.0,profile-v3-0170,ui-ux,0.125,0.125,0.0,2026-08-01T09:00:00+00:00
3.0,profile-v3-0171,travel,0.25,0.25,0.0,2026-08-01T09:00:00+00:00
3.0,profile-v3-0171,mental-health,0.25,0.25,0.0,2026-08-01T09:00:00+00:00
3.0,profile-v3-0171,web-development,0.25,0.25,0.0,2026-08-01T09:00:00+00:00
3.0,profile-v3-0171,career,0.25,0.25,0.0,2026-08-01T09:00:00+00:00
3.0,profile-v3-0172,social-responsibility,0.142857,0.142857,0.0,2026-08-01T09:00:00+00:00
3.0,profile-v3-0172,engineering,0.142857,0.142857,0.0,2026-08-01T09:00:00+00:00
3.0,profile-v3-0172,health-sciences,0.142857,0.142857,0.0,2026-08-01T09:00:00+00:00
3.0,profile-v3-0172,finance,0.142857,0.142857,0.0,2026-08-01T09:00:00+00:00
3.0,profile-v3-0172,wellbeing,0.142857,0.142857,0.0,2026-08-01T09:00:00+00:00
3.0,profile-v3-0172,game-development,0.142857,0.142857,0.0,2026-08-01T09:00:00+00:00
3.0,profile-v3-0172,nutrition,0.142857,0.142857,0.0,2026-08-01T09:00:00+00:00
3.0,profile-v3-0173,mobile-development,0.142857,0.142857,0.0,2026-08-01T09:00:00+00:00
3.0,profile-v3-0173,ui-ux,0.142857,0.142857,0.0,2026-08-01T09:00:00+00:00
3.0,profile-v3-0173,career,0.142857,0.142857,0.0,2026-08-01T09:00:00+00:00
3.0,profile-v3-0173,languages,0.142857,0.142857,0.0,2026-08-01T09:00:00+00:00
3.0,profile-v3-0173,natural-sciences,0.142857,0.142857,0.0,2026-08-01T09:00:00+00:00
3.0,profile-v3-0173,game-development,0.142857,0.142857,0.0,2026-08-01T09:00:00+00:00
3.0,profile-v3-0173,entrepreneurship,0.142857,0.142857,0.0,2026-08-01T09:00:00+00:00
3.0,profile-v3-0174,wellbeing,0.333333,0.333333,0.0,2026-08-01T09:00:00+00:00
3.0,profile-v3-0174,data-science,0.333333,0.333333,0.0,2026-08-01T09:00:00+00:00
3.0,profile-v3-0174,nutrition,0.333333,0.333333,0.0,2026-08-01T09:00:00+00:00
3.0,profile-v3-0175,international-community,0.142857,0.142857,0.0,2026-08-01T09:00:00+00:00
3.0,profile-v3-0175,culture,0.142857,0.142857,0.0,2026-08-01T09:00:00+00:00
3.0,profile-v3-0175,product,0.142857,0.142857,0.0,2026-08-01T09:00:00+00:00
3.0,profile-v3-0175,entrepreneurship,0.142857,0.142857,0.0,2026-08-01T09:00:00+00:00
3.0,profile-v3-0175,career,0.142857,0.142857,0.0,2026-08-01T09:00:00+00:00
3.0,profile-v3-0175,game-development,0.142857,0.142857,0.0,2026-08-01T09:00:00+00:00
3.0,profile-v3-0175,graphic-design,0.142857,0.142857,0.0,2026-08-01T09:00:00+00:00
3.0,profile-v3-0176,product,0.142857,0.142857,0.0,2026-08-01T09:00:00+00:00
3.0,profile-v3-0176,health-sciences,0.142857,0.142857,0.0,2026-08-01T09:00:00+00:00
3.0,profile-v3-0176,languages,0.142857,0.142857,0.0,2026-08-01T09:00:00+00:00
3.0,profile-v3-0176,ui-ux,0.142857,0.142857,0.0,2026-08-01T09:00:00+00:00
3.0,profile-v3-0176,photography,0.142857,0.142857,0.0,2026-08-01T09:00:00+00:00
3.0,profile-v3-0176,web-development,0.142857,0.142857,0.0,2026-08-01T09:00:00+00:00
3.0,profile-v3-0176,career,0.142857,0.142857,0.0,2026-08-01T09:00:00+00:00
3.0,profile-v3-0177,sports,0.166667,0.166667,0.0,2026-08-01T09:00:00+00:00
3.0,profile-v3-0177,international-community,0.166667,0.166667,0.0,2026-08-01T09:00:00+00:00
3.0,profile-v3-0177,finance,0.166667,0.166667,0.0,2026-08-01T09:00:00+00:00
3.0,profile-v3-0177,social-sciences,0.166667,0.166667,0.0,2026-08-01T09:00:00+00:00
3.0,profile-v3-0177,game-development,0.166667,0.166667,0.0,2026-08-01T09:00:00+00:00
3.0,profile-v3-0177,ui-ux,0.166667,0.166667,0.0,2026-08-01T09:00:00+00:00
3.0,profile-v3-0178,mental-health,0.2,0.2,0.0,2026-08-01T09:00:00+00:00
3.0,profile-v3-0178,graphic-design,0.2,0.2,0.0,2026-08-01T09:00:00+00:00
3.0,profile-v3-0178,travel,0.2,0.2,0.0,2026-08-01T09:00:00+00:00
3.0,profile-v3-0178,volunteering,0.2,0.2,0.0,2026-08-01T09:00:00+00:00
3.0,profile-v3-0178,photography,0.2,0.2,0.0,2026-08-01T09:00:00+00:00
3.0,profile-v3-0179,international-community,0.333333,0.333333,0.0,2026-08-01T09:00:00+00:00
3.0,profile-v3-0179,product,0.333333,0.333333,0.0,2026-08-01T09:00:00+00:00
3.0,profile-v3-0179,wellbeing,0.333333,0.333333,0.0,2026-08-01T09:00:00+00:00
3.0,profile-v3-0180,game-development,0.25,0.25,0.0,2026-08-01T09:00:00+00:00
3.0,profile-v3-0180,mobile-development,0.25,0.25,0.0,2026-08-01T09:00:00+00:00
3.0,profile-v3-0180,web-development,0.25,0.25,0.0,2026-08-01T09:00:00+00:00
3.0,profile-v3-0180,music,0.25,0.25,0.0,2026-08-01T09:00:00+00:00
3.0,profile-v3-0181,languages,0.142857,0.142857,0.0,2026-08-01T09:00:00+00:00
3.0,profile-v3-0181,nutrition,0.142857,0.142857,0.0,2026-08-01T09:00:00+00:00
3.0,profile-v3-0181,data-science,0.142857,0.142857,0.0,2026-08-01T09:00:00+00:00
3.0,profile-v3-0181,sports,0.142857,0.142857,0.0,2026-08-01T09:00:00+00:00
3.0,profile-v3-0181,ai,0.142857,0.142857,0.0,2026-08-01T09:00:00+00:00
3.0,profile-v3-0181,graphic-design,0.142857,0.142857,0.0,2026-08-01T09:00:00+00:00
3.0,profile-v3-0181,game-development,0.142857,0.142857,0.0,2026-08-01T09:00:00+00:00
3.0,profile-v3-0182,game-development,0.125,0.125,0.0,2026-08-01T09:00:00+00:00
3.0,profile-v3-0182,volunteering,0.125,0.125,0.0,2026-08-01T09:00:00+00:00
3.0,profile-v3-0182,product,0.125,0.125,0.0,2026-08-01T09:00:00+00:00
3.0,profile-v3-0182,health-sciences,0.125,0.125,0.0,2026-08-01T09:00:00+00:00
3.0,profile-v3-0182,finance,0.125,0.125,0.0,2026-08-01T09:00:00+00:00
3.0,profile-v3-0182,entrepreneurship,0.125,0.125,0.0,2026-08-01T09:00:00+00:00
3.0,profile-v3-0182,data-science,0.125,0.125,0.0,2026-08-01T09:00:00+00:00
3.0,profile-v3-0182,sustainability,0.125,0.125,0.0,2026-08-01T09:00:00+00:00
3.0,profile-v3-0183,theatre,0.25,0.25,0.0,2026-08-01T09:00:00+00:00
3.0,profile-v3-0183,social-sciences,0.25,0.25,0.0,2026-08-01T09:00:00+00:00
3.0,profile-v3-0183,languages,0.25,0.25,0.0,2026-08-01T09:00:00+00:00
3.0,profile-v3-0183,sustainability,0.25,0.25,0.0,2026-08-01T09:00:00+00:00
3.0,profile-v3-0184,nutrition,0.2,0.2,0.0,2026-08-01T09:00:00+00:00
3.0,profile-v3-0184,sports,0.2,0.2,0.0,2026-08-01T09:00:00+00:00
3.0,profile-v3-0184,theatre,0.2,0.2,0.0,2026-08-01T09:00:00+00:00
3.0,profile-v3-0184,finance,0.2,0.2,0.0,2026-08-01T09:00:00+00:00
3.0,profile-v3-0184,career,0.2,0.2,0.0,2026-08-01T09:00:00+00:00
3.0,profile-v3-0185,travel,0.166667,0.166667,0.0,2026-08-01T09:00:00+00:00
3.0,profile-v3-0185,international-community,0.166667,0.166667,0.0,2026-08-01T09:00:00+00:00
3.0,profile-v3-0185,game-development,0.166667,0.166667,0.0,2026-08-01T09:00:00+00:00
3.0,profile-v3-0185,wellbeing,0.166667,0.166667,0.0,2026-08-01T09:00:00+00:00
3.0,profile-v3-0185,ai,0.166667,0.166667,0.0,2026-08-01T09:00:00+00:00
3.0,profile-v3-0185,nutrition,0.166667,0.166667,0.0,2026-08-01T09:00:00+00:00
3.0,profile-v3-0186,data-science,0.25,0.25,0.0,2026-08-01T09:00:00+00:00
3.0,profile-v3-0186,natural-sciences,0.25,0.25,0.0,2026-08-01T09:00:00+00:00
3.0,profile-v3-0186,wellbeing,0.25,0.25,0.0,2026-08-01T09:00:00+00:00
3.0,profile-v3-0186,photography,0.25,0.25,0.0,2026-08-01T09:00:00+00:00
3.0,profile-v3-0187,natural-sciences,0.125,0.125,0.0,2026-08-01T09:00:00+00:00
3.0,profile-v3-0187,theatre,0.125,0.125,0.0,2026-08-01T09:00:00+00:00
3.0,profile-v3-0187,nutrition,0.125,0.125,0.0,2026-08-01T09:00:00+00:00
3.0,profile-v3-0187,data-science,0.125,0.125,0.0,2026-08-01T09:00:00+00:00
3.0,profile-v3-0187,graphic-design,0.125,0.125,0.0,2026-08-01T09:00:00+00:00
3.0,profile-v3-0187,photography,0.125,0.125,0.0,2026-08-01T09:00:00+00:00
3.0,profile-v3-0187,finance,0.125,0.125,0.0,2026-08-01T09:00:00+00:00
3.0,profile-v3-0187,product,0.125,0.125,0.0,2026-08-01T09:00:00+00:00
3.0,profile-v3-0188,data-science,0.125,0.125,0.0,2026-08-01T09:00:00+00:00
3.0,profile-v3-0188,sports,0.125,0.125,0.0,2026-08-01T09:00:00+00:00
3.0,profile-v3-0188,finance,0.125,0.125,0.0,2026-08-01T09:00:00+00:00
3.0,profile-v3-0188,social-responsibility,0.125,0.125,0.0,2026-08-01T09:00:00+00:00
3.0,profile-v3-0188,ai,0.125,0.125,0.0,2026-08-01T09:00:00+00:00
3.0,profile-v3-0188,international-community,0.125,0.125,0.0,2026-08-01T09:00:00+00:00
3.0,profile-v3-0188,mental-health,0.125,0.125,0.0,2026-08-01T09:00:00+00:00
3.0,profile-v3-0188,music,0.125,0.125,0.0,2026-08-01T09:00:00+00:00
3.0,profile-v3-0189,social-sciences,0.142857,0.142857,0.0,2026-08-01T09:00:00+00:00
3.0,profile-v3-0189,career,0.142857,0.142857,0.0,2026-08-01T09:00:00+00:00
3.0,profile-v3-0189,languages,0.142857,0.142857,0.0,2026-08-01T09:00:00+00:00
3.0,profile-v3-0189,sustainability,0.142857,0.142857,0.0,2026-08-01T09:00:00+00:00
3.0,profile-v3-0189,mobile-development,0.142857,0.142857,0.0,2026-08-01T09:00:00+00:00
3.0,profile-v3-0189,graphic-design,0.142857,0.142857,0.0,2026-08-01T09:00:00+00:00
3.0,profile-v3-0189,social-responsibility,0.142857,0.142857,0.0,2026-08-01T09:00:00+00:00
3.0,profile-v3-0190,social-sciences,0.125,0.125,0.0,2026-08-01T09:00:00+00:00
3.0,profile-v3-0190,career,0.125,0.125,0.0,2026-08-01T09:00:00+00:00
3.0,profile-v3-0190,ui-ux,0.125,0.125,0.0,2026-08-01T09:00:00+00:00
3.0,profile-v3-0190,ai,0.125,0.125,0.0,2026-08-01T09:00:00+00:00
3.0,profile-v3-0190,music,0.125,0.125,0.0,2026-08-01T09:00:00+00:00
3.0,profile-v3-0190,mental-health,0.125,0.125,0.0,2026-08-01T09:00:00+00:00
3.0,profile-v3-0190,volunteering,0.125,0.125,0.0,2026-08-01T09:00:00+00:00
3.0,profile-v3-0190,product,0.125,0.125,0.0,2026-08-01T09:00:00+00:00
3.0,profile-v3-0191,social-sciences,0.25,0.25,0.0,2026-08-01T09:00:00+00:00
3.0,profile-v3-0191,career,0.25,0.25,0.0,2026-08-01T09:00:00+00:00
3.0,profile-v3-0191,data-science,0.25,0.25,0.0,2026-08-01T09:00:00+00:00
3.0,profile-v3-0191,ui-ux,0.25,0.25,0.0,2026-08-01T09:00:00+00:00
3.0,profile-v3-0192,engineering,0.25,0.25,0.0,2026-08-01T09:00:00+00:00
3.0,profile-v3-0192,international-community,0.25,0.25,0.0,2026-08-01T09:00:00+00:00
3.0,profile-v3-0192,social-sciences,0.25,0.25,0.0,2026-08-01T09:00:00+00:00
3.0,profile-v3-0192,mobile-development,0.25,0.25,0.0,2026-08-01T09:00:00+00:00
3.0,profile-v3-0193,social-sciences,0.333333,0.333333,0.0,2026-08-01T09:00:00+00:00
3.0,profile-v3-0193,engineering,0.333333,0.333333,0.0,2026-08-01T09:00:00+00:00
3.0,profile-v3-0193,travel,0.333333,0.333333,0.0,2026-08-01T09:00:00+00:00
3.0,profile-v3-0194,health-sciences,0.333333,0.333333,0.0,2026-08-01T09:00:00+00:00
3.0,profile-v3-0194,social-sciences,0.333333,0.333333,0.0,2026-08-01T09:00:00+00:00
3.0,profile-v3-0194,career,0.333333,0.333333,0.0,2026-08-01T09:00:00+00:00
3.0,profile-v3-0195,web-development,0.166667,0.166667,0.0,2026-08-01T09:00:00+00:00
3.0,profile-v3-0195,game-development,0.166667,0.166667,0.0,2026-08-01T09:00:00+00:00
3.0,profile-v3-0195,international-community,0.166667,0.166667,0.0,2026-08-01T09:00:00+00:00
3.0,profile-v3-0195,social-responsibility,0.166667,0.166667,0.0,2026-08-01T09:00:00+00:00
3.0,profile-v3-0195,sustainability,0.166667,0.166667,0.0,2026-08-01T09:00:00+00:00
3.0,profile-v3-0195,product,0.166667,0.166667,0.0,2026-08-01T09:00:00+00:00
3.0,profile-v3-0196,photography,0.2,0.2,0.0,2026-08-01T09:00:00+00:00
3.0,profile-v3-0196,mobile-development,0.2,0.2,0.0,2026-08-01T09:00:00+00:00
3.0,profile-v3-0196,ai,0.2,0.2,0.0,2026-08-01T09:00:00+00:00
3.0,profile-v3-0196,natural-sciences,0.2,0.2,0.0,2026-08-01T09:00:00+00:00
3.0,profile-v3-0196,product,0.2,0.2,0.0,2026-08-01T09:00:00+00:00
3.0,profile-v3-0197,ui-ux,0.166667,0.166667,0.0,2026-08-01T09:00:00+00:00
3.0,profile-v3-0197,data-science,0.166667,0.166667,0.0,2026-08-01T09:00:00+00:00
3.0,profile-v3-0197,nutrition,0.166667,0.166667,0.0,2026-08-01T09:00:00+00:00
3.0,profile-v3-0197,natural-sciences,0.166667,0.166667,0.0,2026-08-01T09:00:00+00:00
3.0,profile-v3-0197,culture,0.166667,0.166667,0.0,2026-08-01T09:00:00+00:00
3.0,profile-v3-0197,engineering,0.166667,0.166667,0.0,2026-08-01T09:00:00+00:00
3.0,profile-v3-0198,health-sciences,0.2,0.2,0.0,2026-08-01T09:00:00+00:00
3.0,profile-v3-0198,entrepreneurship,0.2,0.2,0.0,2026-08-01T09:00:00+00:00
3.0,profile-v3-0198,sports,0.2,0.2,0.0,2026-08-01T09:00:00+00:00
3.0,profile-v3-0198,languages,0.2,0.2,0.0,2026-08-01T09:00:00+00:00
3.0,profile-v3-0198,sustainability,0.2,0.2,0.0,2026-08-01T09:00:00+00:00
3.0,profile-v3-0199,ai,0.125,0.125,0.0,2026-08-01T09:00:00+00:00
3.0,profile-v3-0199,social-responsibility,0.125,0.125,0.0,2026-08-01T09:00:00+00:00
3.0,profile-v3-0199,music,0.125,0.125,0.0,2026-08-01T09:00:00+00:00
3.0,profile-v3-0199,photography,0.125,0.125,0.0,2026-08-01T09:00:00+00:00
3.0,profile-v3-0199,wellbeing,0.125,0.125,0.0,2026-08-01T09:00:00+00:00
3.0,profile-v3-0199,product,0.125,0.125,0.0,2026-08-01T09:00:00+00:00
3.0,profile-v3-0199,volunteering,0.125,0.125,0.0,2026-08-01T09:00:00+00:00
3.0,profile-v3-0199,nutrition,0.125,0.125,0.0,2026-08-01T09:00:00+00:00
3.0,profile-v3-0200,mobile-development,0.333333,0.333333,0.0,2026-08-01T09:00:00+00:00
3.0,profile-v3-0200,sports,0.333333,0.333333,0.0,2026-08-01T09:00:00+00:00
3.0,profile-v3-0200,culture,0.333333,0.333333,0.0,2026-08-01T09:00:00+00:00
3.0,profile-v3-0201,health-sciences,0.25,0.25,0.0,2026-08-01T09:00:00+00:00
3.0,profile-v3-0201,ai,0.25,0.25,0.0,2026-08-01T09:00:00+00:00
3.0,profile-v3-0201,graphic-design,0.25,0.25,0.0,2026-08-01T09:00:00+00:00
3.0,profile-v3-0201,travel,0.25,0.25,0.0,2026-08-01T09:00:00+00:00
3.0,profile-v3-0202,social-responsibility,0.2,0.2,0.0,2026-08-01T09:00:00+00:00
3.0,profile-v3-0202,graphic-design,0.2,0.2,0.0,2026-08-01T09:00:00+00:00
3.0,profile-v3-0202,photography,0.2,0.2,0.0,2026-08-01T09:00:00+00:00
3.0,profile-v3-0202,web-development,0.2,0.2,0.0,2026-08-01T09:00:00+00:00
3.0,profile-v3-0202,social-sciences,0.2,0.2,0.0,2026-08-01T09:00:00+00:00
3.0,profile-v3-0203,music,0.2,0.2,0.0,2026-08-01T09:00:00+00:00
3.0,profile-v3-0203,nutrition,0.2,0.2,0.0,2026-08-01T09:00:00+00:00
3.0,profile-v3-0203,graphic-design,0.2,0.2,0.0,2026-08-01T09:00:00+00:00
3.0,profile-v3-0203,mental-health,0.2,0.2,0.0,2026-08-01T09:00:00+00:00
3.0,profile-v3-0203,travel,0.2,0.2,0.0,2026-08-01T09:00:00+00:00
3.0,profile-v3-0204,game-development,0.125,0.125,0.0,2026-08-01T09:00:00+00:00
3.0,profile-v3-0204,mobile-development,0.125,0.125,0.0,2026-08-01T09:00:00+00:00
3.0,profile-v3-0204,music,0.125,0.125,0.0,2026-08-01T09:00:00+00:00
3.0,profile-v3-0204,entrepreneurship,0.125,0.125,0.0,2026-08-01T09:00:00+00:00
3.0,profile-v3-0204,career,0.125,0.125,0.0,2026-08-01T09:00:00+00:00
3.0,profile-v3-0204,cybersecurity,0.125,0.125,0.0,2026-08-01T09:00:00+00:00
3.0,profile-v3-0204,sustainability,0.125,0.125,0.0,2026-08-01T09:00:00+00:00
3.0,profile-v3-0204,travel,0.125,0.125,0.0,2026-08-01T09:00:00+00:00
3.0,profile-v3-0205,career,0.125,0.125,0.0,2026-08-01T09:00:00+00:00
3.0,profile-v3-0205,international-community,0.125,0.125,0.0,2026-08-01T09:00:00+00:00
3.0,profile-v3-0205,finance,0.125,0.125,0.0,2026-08-01T09:00:00+00:00
3.0,profile-v3-0205,sustainability,0.125,0.125,0.0,2026-08-01T09:00:00+00:00
3.0,profile-v3-0205,natural-sciences,0.125,0.125,0.0,2026-08-01T09:00:00+00:00
3.0,profile-v3-0205,social-responsibility,0.125,0.125,0.0,2026-08-01T09:00:00+00:00
3.0,profile-v3-0205,nutrition,0.125,0.125,0.0,2026-08-01T09:00:00+00:00
3.0,profile-v3-0205,engineering,0.125,0.125,0.0,2026-08-01T09:00:00+00:00
3.0,profile-v3-0206,wellbeing,0.2,0.2,0.0,2026-08-01T09:00:00+00:00
3.0,profile-v3-0206,nutrition,0.2,0.2,0.0,2026-08-01T09:00:00+00:00
3.0,profile-v3-0206,sustainability,0.2,0.2,0.0,2026-08-01T09:00:00+00:00
3.0,profile-v3-0206,entrepreneurship,0.2,0.2,0.0,2026-08-01T09:00:00+00:00
3.0,profile-v3-0206,volunteering,0.2,0.2,0.0,2026-08-01T09:00:00+00:00
3.0,profile-v3-0207,international-community,0.2,0.2,0.0,2026-08-01T09:00:00+00:00
3.0,profile-v3-0207,graphic-design,0.2,0.2,0.0,2026-08-01T09:00:00+00:00
3.0,profile-v3-0207,entrepreneurship,0.2,0.2,0.0,2026-08-01T09:00:00+00:00
3.0,profile-v3-0207,nutrition,0.2,0.2,0.0,2026-08-01T09:00:00+00:00
3.0,profile-v3-0207,natural-sciences,0.2,0.2,0.0,2026-08-01T09:00:00+00:00
3.0,profile-v3-0208,web-development,0.2,0.2,0.0,2026-08-01T09:00:00+00:00
3.0,profile-v3-0208,culture,0.2,0.2,0.0,2026-08-01T09:00:00+00:00
3.0,profile-v3-0208,career,0.2,0.2,0.0,2026-08-01T09:00:00+00:00
3.0,profile-v3-0208,international-community,0.2,0.2,0.0,2026-08-01T09:00:00+00:00
3.0,profile-v3-0208,ai,0.2,0.2,0.0,2026-08-01T09:00:00+00:00
3.0,profile-v3-0209,languages,0.166667,0.166667,0.0,2026-08-01T09:00:00+00:00
3.0,profile-v3-0209,sustainability,0.166667,0.166667,0.0,2026-08-01T09:00:00+00:00
3.0,profile-v3-0209,nutrition,0.166667,0.166667,0.0,2026-08-01T09:00:00+00:00
3.0,profile-v3-0209,mental-health,0.166667,0.166667,0.0,2026-08-01T09:00:00+00:00
3.0,profile-v3-0209,cybersecurity,0.166667,0.166667,0.0,2026-08-01T09:00:00+00:00
3.0,profile-v3-0209,social-sciences,0.166667,0.166667,0.0,2026-08-01T09:00:00+00:00
3.0,profile-v3-0210,web-development,0.2,0.2,0.0,2026-08-01T09:00:00+00:00
3.0,profile-v3-0210,career,0.2,0.2,0.0,2026-08-01T09:00:00+00:00
3.0,profile-v3-0210,travel,0.2,0.2,0.0,2026-08-01T09:00:00+00:00
3.0,profile-v3-0210,nutrition,0.2,0.2,0.0,2026-08-01T09:00:00+00:00
3.0,profile-v3-0210,sports,0.2,0.2,0.0,2026-08-01T09:00:00+00:00
3.0,profile-v3-0211,sports,0.25,0.25,0.0,2026-08-01T09:00:00+00:00
3.0,profile-v3-0211,nutrition,0.25,0.25,0.0,2026-08-01T09:00:00+00:00
3.0,profile-v3-0211,volunteering,0.25,0.25,0.0,2026-08-01T09:00:00+00:00
3.0,profile-v3-0211,natural-sciences,0.25,0.25,0.0,2026-08-01T09:00:00+00:00
3.0,profile-v3-0212,entrepreneurship,0.2,0.2,0.0,2026-08-01T09:00:00+00:00
3.0,profile-v3-0212,sustainability,0.2,0.2,0.0,2026-08-01T09:00:00+00:00
3.0,profile-v3-0212,engineering,0.2,0.2,0.0,2026-08-01T09:00:00+00:00
3.0,profile-v3-0212,game-development,0.2,0.2,0.0,2026-08-01T09:00:00+00:00
3.0,profile-v3-0212,theatre,0.2,0.2,0.0,2026-08-01T09:00:00+00:00
3.0,profile-v3-0213,nutrition,0.142857,0.142857,0.0,2026-08-01T09:00:00+00:00
3.0,profile-v3-0213,game-development,0.142857,0.142857,0.0,2026-08-01T09:00:00+00:00
3.0,profile-v3-0213,web-development,0.142857,0.142857,0.0,2026-08-01T09:00:00+00:00
3.0,profile-v3-0213,product,0.142857,0.142857,0.0,2026-08-01T09:00:00+00:00
3.0,profile-v3-0213,wellbeing,0.142857,0.142857,0.0,2026-08-01T09:00:00+00:00
3.0,profile-v3-0213,international-community,0.142857,0.142857,0.0,2026-08-01T09:00:00+00:00
3.0,profile-v3-0213,sports,0.142857,0.142857,0.0,2026-08-01T09:00:00+00:00
3.0,profile-v3-0214,engineering,0.166667,0.166667,0.0,2026-08-01T09:00:00+00:00
3.0,profile-v3-0214,mobile-development,0.166667,0.166667,0.0,2026-08-01T09:00:00+00:00
3.0,profile-v3-0214,ui-ux,0.166667,0.166667,0.0,2026-08-01T09:00:00+00:00
3.0,profile-v3-0214,music,0.166667,0.166667,0.0,2026-08-01T09:00:00+00:00
3.0,profile-v3-0214,photography,0.166667,0.166667,0.0,2026-08-01T09:00:00+00:00
3.0,profile-v3-0214,sports,0.166667,0.166667,0.0,2026-08-01T09:00:00+00:00
3.0,profile-v3-0215,career,0.333333,0.333333,0.0,2026-08-01T09:00:00+00:00
3.0,profile-v3-0215,cybersecurity,0.333333,0.333333,0.0,2026-08-01T09:00:00+00:00
3.0,profile-v3-0215,engineering,0.333333,0.333333,0.0,2026-08-01T09:00:00+00:00
3.0,profile-v3-0216,wellbeing,0.25,0.25,0.0,2026-08-01T09:00:00+00:00
3.0,profile-v3-0216,health-sciences,0.25,0.25,0.0,2026-08-01T09:00:00+00:00
3.0,profile-v3-0216,social-sciences,0.25,0.25,0.0,2026-08-01T09:00:00+00:00
3.0,profile-v3-0216,languages,0.25,0.25,0.0,2026-08-01T09:00:00+00:00
3.0,profile-v3-0217,international-community,0.25,0.25,0.0,2026-08-01T09:00:00+00:00
3.0,profile-v3-0217,sports,0.25,0.25,0.0,2026-08-01T09:00:00+00:00
3.0,profile-v3-0217,photography,0.25,0.25,0.0,2026-08-01T09:00:00+00:00
3.0,profile-v3-0217,graphic-design,0.25,0.25,0.0,2026-08-01T09:00:00+00:00
3.0,profile-v3-0218,social-responsibility,0.166667,0.166667,0.0,2026-08-01T09:00:00+00:00
3.0,profile-v3-0218,health-sciences,0.166667,0.166667,0.0,2026-08-01T09:00:00+00:00
3.0,profile-v3-0218,music,0.166667,0.166667,0.0,2026-08-01T09:00:00+00:00
3.0,profile-v3-0218,ui-ux,0.166667,0.166667,0.0,2026-08-01T09:00:00+00:00
3.0,profile-v3-0218,cybersecurity,0.166667,0.166667,0.0,2026-08-01T09:00:00+00:00
3.0,profile-v3-0218,social-sciences,0.166667,0.166667,0.0,2026-08-01T09:00:00+00:00
3.0,profile-v3-0219,social-sciences,0.125,0.125,0.0,2026-08-01T09:00:00+00:00
3.0,profile-v3-0219,web-development,0.125,0.125,0.0,2026-08-01T09:00:00+00:00
3.0,profile-v3-0219,culture,0.125,0.125,0.0,2026-08-01T09:00:00+00:00
3.0,profile-v3-0219,music,0.125,0.125,0.0,2026-08-01T09:00:00+00:00
3.0,profile-v3-0219,entrepreneurship,0.125,0.125,0.0,2026-08-01T09:00:00+00:00
3.0,profile-v3-0219,graphic-design,0.125,0.125,0.0,2026-08-01T09:00:00+00:00
3.0,profile-v3-0219,finance,0.125,0.125,0.0,2026-08-01T09:00:00+00:00
3.0,profile-v3-0219,ui-ux,0.125,0.125,0.0,2026-08-01T09:00:00+00:00
3.0,profile-v3-0220,finance,0.142857,0.142857,0.0,2026-08-01T09:00:00+00:00
3.0,profile-v3-0220,sustainability,0.142857,0.142857,0.0,2026-08-01T09:00:00+00:00
3.0,profile-v3-0220,engineering,0.142857,0.142857,0.0,2026-08-01T09:00:00+00:00
3.0,profile-v3-0220,theatre,0.142857,0.142857,0.0,2026-08-01T09:00:00+00:00
3.0,profile-v3-0220,entrepreneurship,0.142857,0.142857,0.0,2026-08-01T09:00:00+00:00
3.0,profile-v3-0220,product,0.142857,0.142857,0.0,2026-08-01T09:00:00+00:00
3.0,profile-v3-0220,mental-health,0.142857,0.142857,0.0,2026-08-01T09:00:00+00:00
3.0,profile-v3-0221,mobile-development,0.166667,0.166667,0.0,2026-08-01T09:00:00+00:00
3.0,profile-v3-0221,engineering,0.166667,0.166667,0.0,2026-08-01T09:00:00+00:00
3.0,profile-v3-0221,game-development,0.166667,0.166667,0.0,2026-08-01T09:00:00+00:00
3.0,profile-v3-0221,sustainability,0.166667,0.166667,0.0,2026-08-01T09:00:00+00:00
3.0,profile-v3-0221,health-sciences,0.166667,0.166667,0.0,2026-08-01T09:00:00+00:00
3.0,profile-v3-0221,mental-health,0.166667,0.166667,0.0,2026-08-01T09:00:00+00:00
3.0,profile-v3-0222,sustainability,0.2,0.2,0.0,2026-08-01T09:00:00+00:00
3.0,profile-v3-0222,international-community,0.2,0.2,0.0,2026-08-01T09:00:00+00:00
3.0,profile-v3-0222,natural-sciences,0.2,0.2,0.0,2026-08-01T09:00:00+00:00
3.0,profile-v3-0222,languages,0.2,0.2,0.0,2026-08-01T09:00:00+00:00
3.0,profile-v3-0222,culture,0.2,0.2,0.0,2026-08-01T09:00:00+00:00
3.0,profile-v3-0223,natural-sciences,0.125,0.125,0.0,2026-08-01T09:00:00+00:00
3.0,profile-v3-0223,ui-ux,0.125,0.125,0.0,2026-08-01T09:00:00+00:00
3.0,profile-v3-0223,international-community,0.125,0.125,0.0,2026-08-01T09:00:00+00:00
3.0,profile-v3-0223,entrepreneurship,0.125,0.125,0.0,2026-08-01T09:00:00+00:00
3.0,profile-v3-0223,game-development,0.125,0.125,0.0,2026-08-01T09:00:00+00:00
3.0,profile-v3-0223,social-responsibility,0.125,0.125,0.0,2026-08-01T09:00:00+00:00
3.0,profile-v3-0223,mobile-development,0.125,0.125,0.0,2026-08-01T09:00:00+00:00
3.0,profile-v3-0223,mental-health,0.125,0.125,0.0,2026-08-01T09:00:00+00:00
3.0,profile-v3-0224,ui-ux,0.2,0.2,0.0,2026-08-01T09:00:00+00:00
3.0,profile-v3-0224,data-science,0.2,0.2,0.0,2026-08-01T09:00:00+00:00
3.0,profile-v3-0224,volunteering,0.2,0.2,0.0,2026-08-01T09:00:00+00:00
3.0,profile-v3-0224,travel,0.2,0.2,0.0,2026-08-01T09:00:00+00:00
3.0,profile-v3-0224,mental-health,0.2,0.2,0.0,2026-08-01T09:00:00+00:00
3.0,profile-v3-0225,travel,0.125,0.125,0.0,2026-08-01T09:00:00+00:00
3.0,profile-v3-0225,culture,0.125,0.125,0.0,2026-08-01T09:00:00+00:00
3.0,profile-v3-0225,cybersecurity,0.125,0.125,0.0,2026-08-01T09:00:00+00:00
3.0,profile-v3-0225,graphic-design,0.125,0.125,0.0,2026-08-01T09:00:00+00:00
3.0,profile-v3-0225,health-sciences,0.125,0.125,0.0,2026-08-01T09:00:00+00:00
3.0,profile-v3-0225,wellbeing,0.125,0.125,0.0,2026-08-01T09:00:00+00:00
3.0,profile-v3-0225,social-responsibility,0.125,0.125,0.0,2026-08-01T09:00:00+00:00
3.0,profile-v3-0225,web-development,0.125,0.125,0.0,2026-08-01T09:00:00+00:00
3.0,profile-v3-0226,wellbeing,0.2,0.2,0.0,2026-08-01T09:00:00+00:00
3.0,profile-v3-0226,theatre,0.2,0.2,0.0,2026-08-01T09:00:00+00:00
3.0,profile-v3-0226,sustainability,0.2,0.2,0.0,2026-08-01T09:00:00+00:00
3.0,profile-v3-0226,finance,0.2,0.2,0.0,2026-08-01T09:00:00+00:00
3.0,profile-v3-0226,culture,0.2,0.2,0.0,2026-08-01T09:00:00+00:00
3.0,profile-v3-0227,wellbeing,0.166667,0.166667,0.0,2026-08-01T09:00:00+00:00
3.0,profile-v3-0227,travel,0.166667,0.166667,0.0,2026-08-01T09:00:00+00:00
3.0,profile-v3-0227,engineering,0.166667,0.166667,0.0,2026-08-01T09:00:00+00:00
3.0,profile-v3-0227,ai,0.166667,0.166667,0.0,2026-08-01T09:00:00+00:00
3.0,profile-v3-0227,career,0.166667,0.166667,0.0,2026-08-01T09:00:00+00:00
3.0,profile-v3-0227,graphic-design,0.166667,0.166667,0.0,2026-08-01T09:00:00+00:00
3.0,profile-v3-0228,cybersecurity,0.25,0.25,0.0,2026-08-01T09:00:00+00:00
3.0,profile-v3-0228,culture,0.25,0.25,0.0,2026-08-01T09:00:00+00:00
3.0,profile-v3-0228,social-sciences,0.25,0.25,0.0,2026-08-01T09:00:00+00:00
3.0,profile-v3-0228,social-responsibility,0.25,0.25,0.0,2026-08-01T09:00:00+00:00
3.0,profile-v3-0229,product,0.2,0.2,0.0,2026-08-01T09:00:00+00:00
3.0,profile-v3-0229,cybersecurity,0.2,0.2,0.0,2026-08-01T09:00:00+00:00
3.0,profile-v3-0229,theatre,0.2,0.2,0.0,2026-08-01T09:00:00+00:00
3.0,profile-v3-0229,entrepreneurship,0.2,0.2,0.0,2026-08-01T09:00:00+00:00
3.0,profile-v3-0229,international-community,0.2,0.2,0.0,2026-08-01T09:00:00+00:00
3.0,profile-v3-0230,photography,0.142857,0.142857,0.0,2026-08-01T09:00:00+00:00
3.0,profile-v3-0230,sustainability,0.142857,0.142857,0.0,2026-08-01T09:00:00+00:00
3.0,profile-v3-0230,career,0.142857,0.142857,0.0,2026-08-01T09:00:00+00:00
3.0,profile-v3-0230,culture,0.142857,0.142857,0.0,2026-08-01T09:00:00+00:00
3.0,profile-v3-0230,natural-sciences,0.142857,0.142857,0.0,2026-08-01T09:00:00+00:00
3.0,profile-v3-0230,international-community,0.142857,0.142857,0.0,2026-08-01T09:00:00+00:00
3.0,profile-v3-0230,languages,0.142857,0.142857,0.0,2026-08-01T09:00:00+00:00
3.0,profile-v3-0231,ui-ux,0.333333,0.333333,0.0,2026-08-01T09:00:00+00:00
3.0,profile-v3-0231,mobile-development,0.333333,0.333333,0.0,2026-08-01T09:00:00+00:00
3.0,profile-v3-0231,sustainability,0.333333,0.333333,0.0,2026-08-01T09:00:00+00:00
3.0,profile-v3-0232,music,0.2,0.2,0.0,2026-08-01T09:00:00+00:00
3.0,profile-v3-0232,languages,0.2,0.2,0.0,2026-08-01T09:00:00+00:00
3.0,profile-v3-0232,data-science,0.2,0.2,0.0,2026-08-01T09:00:00+00:00
3.0,profile-v3-0232,sustainability,0.2,0.2,0.0,2026-08-01T09:00:00+00:00
3.0,profile-v3-0232,natural-sciences,0.2,0.2,0.0,2026-08-01T09:00:00+00:00
3.0,profile-v3-0233,theatre,0.166667,0.166667,0.0,2026-08-01T09:00:00+00:00
3.0,profile-v3-0233,finance,0.166667,0.166667,0.0,2026-08-01T09:00:00+00:00
3.0,profile-v3-0233,volunteering,0.166667,0.166667,0.0,2026-08-01T09:00:00+00:00
3.0,profile-v3-0233,cybersecurity,0.166667,0.166667,0.0,2026-08-01T09:00:00+00:00
3.0,profile-v3-0233,music,0.166667,0.166667,0.0,2026-08-01T09:00:00+00:00
3.0,profile-v3-0233,travel,0.166667,0.166667,0.0,2026-08-01T09:00:00+00:00
3.0,profile-v3-0234,cybersecurity,0.142857,0.142857,0.0,2026-08-01T09:00:00+00:00
3.0,profile-v3-0234,nutrition,0.142857,0.142857,0.0,2026-08-01T09:00:00+00:00
3.0,profile-v3-0234,finance,0.142857,0.142857,0.0,2026-08-01T09:00:00+00:00
3.0,profile-v3-0234,travel,0.142857,0.142857,0.0,2026-08-01T09:00:00+00:00
3.0,profile-v3-0234,mobile-development,0.142857,0.142857,0.0,2026-08-01T09:00:00+00:00
3.0,profile-v3-0234,web-development,0.142857,0.142857,0.0,2026-08-01T09:00:00+00:00
3.0,profile-v3-0234,sports,0.142857,0.142857,0.0,2026-08-01T09:00:00+00:00
3.0,profile-v3-0235,data-science,0.2,0.2,0.0,2026-08-01T09:00:00+00:00
3.0,profile-v3-0235,culture,0.2,0.2,0.0,2026-08-01T09:00:00+00:00
3.0,profile-v3-0235,photography,0.2,0.2,0.0,2026-08-01T09:00:00+00:00
3.0,profile-v3-0235,sports,0.2,0.2,0.0,2026-08-01T09:00:00+00:00
3.0,profile-v3-0235,graphic-design,0.2,0.2,0.0,2026-08-01T09:00:00+00:00
3.0,profile-v3-0236,cybersecurity,0.2,0.2,0.0,2026-08-01T09:00:00+00:00
3.0,profile-v3-0236,health-sciences,0.2,0.2,0.0,2026-08-01T09:00:00+00:00
3.0,profile-v3-0236,ai,0.2,0.2,0.0,2026-08-01T09:00:00+00:00
3.0,profile-v3-0236,data-science,0.2,0.2,0.0,2026-08-01T09:00:00+00:00
3.0,profile-v3-0236,photography,0.2,0.2,0.0,2026-08-01T09:00:00+00:00
3.0,profile-v3-0237,photography,0.333333,0.333333,0.0,2026-08-01T09:00:00+00:00
3.0,profile-v3-0237,culture,0.333333,0.333333,0.0,2026-08-01T09:00:00+00:00
3.0,profile-v3-0237,entrepreneurship,0.333333,0.333333,0.0,2026-08-01T09:00:00+00:00
3.0,profile-v3-0238,sports,0.166667,0.166667,0.0,2026-08-01T09:00:00+00:00
3.0,profile-v3-0238,social-responsibility,0.166667,0.166667,0.0,2026-08-01T09:00:00+00:00
3.0,profile-v3-0238,product,0.166667,0.166667,0.0,2026-08-01T09:00:00+00:00
3.0,profile-v3-0238,mobile-development,0.166667,0.166667,0.0,2026-08-01T09:00:00+00:00
3.0,profile-v3-0238,engineering,0.166667,0.166667,0.0,2026-08-01T09:00:00+00:00
3.0,profile-v3-0238,music,0.166667,0.166667,0.0,2026-08-01T09:00:00+00:00
3.0,profile-v3-0239,finance,0.2,0.2,0.0,2026-08-01T09:00:00+00:00
3.0,profile-v3-0239,languages,0.2,0.2,0.0,2026-08-01T09:00:00+00:00
3.0,profile-v3-0239,theatre,0.2,0.2,0.0,2026-08-01T09:00:00+00:00
3.0,profile-v3-0239,social-sciences,0.2,0.2,0.0,2026-08-01T09:00:00+00:00
3.0,profile-v3-0239,entrepreneurship,0.2,0.2,0.0,2026-08-01T09:00:00+00:00
3.0,profile-v3-0240,ui-ux,0.166667,0.166667,0.0,2026-08-01T09:00:00+00:00
3.0,profile-v3-0240,social-responsibility,0.166667,0.166667,0.0,2026-08-01T09:00:00+00:00
3.0,profile-v3-0240,mental-health,0.166667,0.166667,0.0,2026-08-01T09:00:00+00:00
3.0,profile-v3-0240,natural-sciences,0.166667,0.166667,0.0,2026-08-01T09:00:00+00:00
3.0,profile-v3-0240,sports,0.166667,0.166667,0.0,2026-08-01T09:00:00+00:00
3.0,profile-v3-0240,career,0.166667,0.166667,0.0,2026-08-01T09:00:00+00:00
3.0,profile-v3-0241,social-responsibility,0.25,0.25,0.0,2026-08-01T09:00:00+00:00
3.0,profile-v3-0241,natural-sciences,0.25,0.25,0.0,2026-08-01T09:00:00+00:00
3.0,profile-v3-0241,web-development,0.25,0.25,0.0,2026-08-01T09:00:00+00:00
3.0,profile-v3-0241,mobile-development,0.25,0.25,0.0,2026-08-01T09:00:00+00:00
3.0,profile-v3-0242,ui-ux,0.333333,0.333333,0.0,2026-08-01T09:00:00+00:00
3.0,profile-v3-0242,web-development,0.333333,0.333333,0.0,2026-08-01T09:00:00+00:00
3.0,profile-v3-0242,music,0.333333,0.333333,0.0,2026-08-01T09:00:00+00:00
3.0,profile-v3-0243,international-community,0.25,0.25,0.0,2026-08-01T09:00:00+00:00
3.0,profile-v3-0243,product,0.25,0.25,0.0,2026-08-01T09:00:00+00:00
3.0,profile-v3-0243,entrepreneurship,0.25,0.25,0.0,2026-08-01T09:00:00+00:00
3.0,profile-v3-0243,ai,0.25,0.25,0.0,2026-08-01T09:00:00+00:00
3.0,profile-v3-0244,mobile-development,0.333333,0.333333,0.0,2026-08-01T09:00:00+00:00
3.0,profile-v3-0244,travel,0.333333,0.333333,0.0,2026-08-01T09:00:00+00:00
3.0,profile-v3-0244,finance,0.333333,0.333333,0.0,2026-08-01T09:00:00+00:00
3.0,profile-v3-0245,mobile-development,0.166667,0.166667,0.0,2026-08-01T09:00:00+00:00
3.0,profile-v3-0245,health-sciences,0.166667,0.166667,0.0,2026-08-01T09:00:00+00:00
3.0,profile-v3-0245,cybersecurity,0.166667,0.166667,0.0,2026-08-01T09:00:00+00:00
3.0,profile-v3-0245,wellbeing,0.166667,0.166667,0.0,2026-08-01T09:00:00+00:00
3.0,profile-v3-0245,travel,0.166667,0.166667,0.0,2026-08-01T09:00:00+00:00
3.0,profile-v3-0245,sports,0.166667,0.166667,0.0,2026-08-01T09:00:00+00:00
3.0,profile-v3-0246,mobile-development,0.333333,0.333333,0.0,2026-08-01T09:00:00+00:00
3.0,profile-v3-0246,web-development,0.333333,0.333333,0.0,2026-08-01T09:00:00+00:00
3.0,profile-v3-0246,finance,0.333333,0.333333,0.0,2026-08-01T09:00:00+00:00
3.0,profile-v3-0247,cybersecurity,0.25,0.25,0.0,2026-08-01T09:00:00+00:00
3.0,profile-v3-0247,ui-ux,0.25,0.25,0.0,2026-08-01T09:00:00+00:00
3.0,profile-v3-0247,travel,0.25,0.25,0.0,2026-08-01T09:00:00+00:00
3.0,profile-v3-0247,game-development,0.25,0.25,0.0,2026-08-01T09:00:00+00:00
3.0,profile-v3-0248,social-responsibility,0.166667,0.166667,0.0,2026-08-01T09:00:00+00:00
3.0,profile-v3-0248,social-sciences,0.166667,0.166667,0.0,2026-08-01T09:00:00+00:00
3.0,profile-v3-0248,natural-sciences,0.166667,0.166667,0.0,2026-08-01T09:00:00+00:00
3.0,profile-v3-0248,game-development,0.166667,0.166667,0.0,2026-08-01T09:00:00+00:00
3.0,profile-v3-0248,travel,0.166667,0.166667,0.0,2026-08-01T09:00:00+00:00
3.0,profile-v3-0248,data-science,0.166667,0.166667,0.0,2026-08-01T09:00:00+00:00
3.0,profile-v3-0249,data-science,0.142857,0.142857,0.0,2026-08-01T09:00:00+00:00
3.0,profile-v3-0249,languages,0.142857,0.142857,0.0,2026-08-01T09:00:00+00:00
3.0,profile-v3-0249,mental-health,0.142857,0.142857,0.0,2026-08-01T09:00:00+00:00
3.0,profile-v3-0249,international-community,0.142857,0.142857,0.0,2026-08-01T09:00:00+00:00
3.0,profile-v3-0249,photography,0.142857,0.142857,0.0,2026-08-01T09:00:00+00:00
3.0,profile-v3-0249,entrepreneurship,0.142857,0.142857,0.0,2026-08-01T09:00:00+00:00
3.0,profile-v3-0249,career,0.142857,0.142857,0.0,2026-08-01T09:00:00+00:00
3.0,profile-v3-0250,natural-sciences,0.2,0.2,0.0,2026-08-01T09:00:00+00:00
3.0,profile-v3-0250,social-responsibility,0.2,0.2,0.0,2026-08-01T09:00:00+00:00
3.0,profile-v3-0250,travel,0.2,0.2,0.0,2026-08-01T09:00:00+00:00
3.0,profile-v3-0250,international-community,0.2,0.2,0.0,2026-08-01T09:00:00+00:00
3.0,profile-v3-0250,mobile-development,0.2,0.2,0.0,2026-08-01T09:00:00+00:00
3.0,profile-v3-0251,health-sciences,0.142857,0.142857,0.0,2026-08-01T09:00:00+00:00
3.0,profile-v3-0251,natural-sciences,0.142857,0.142857,0.0,2026-08-01T09:00:00+00:00
3.0,profile-v3-0251,game-development,0.142857,0.142857,0.0,2026-08-01T09:00:00+00:00
3.0,profile-v3-0251,social-responsibility,0.142857,0.142857,0.0,2026-08-01T09:00:00+00:00
3.0,profile-v3-0251,languages,0.142857,0.142857,0.0,2026-08-01T09:00:00+00:00
3.0,profile-v3-0251,volunteering,0.142857,0.142857,0.0,2026-08-01T09:00:00+00:00
3.0,profile-v3-0251,sports,0.142857,0.142857,0.0,2026-08-01T09:00:00+00:00
3.0,profile-v3-0252,ui-ux,0.125,0.125,0.0,2026-08-01T09:00:00+00:00
3.0,profile-v3-0252,sports,0.125,0.125,0.0,2026-08-01T09:00:00+00:00
3.0,profile-v3-0252,social-sciences,0.125,0.125,0.0,2026-08-01T09:00:00+00:00
3.0,profile-v3-0252,game-development,0.125,0.125,0.0,2026-08-01T09:00:00+00:00
3.0,profile-v3-0252,career,0.125,0.125,0.0,2026-08-01T09:00:00+00:00
3.0,profile-v3-0252,wellbeing,0.125,0.125,0.0,2026-08-01T09:00:00+00:00
3.0,profile-v3-0252,travel,0.125,0.125,0.0,2026-08-01T09:00:00+00:00
3.0,profile-v3-0252,graphic-design,0.125,0.125,0.0,2026-08-01T09:00:00+00:00
3.0,profile-v3-0253,web-development,0.166667,0.166667,0.0,2026-08-01T09:00:00+00:00
3.0,profile-v3-0253,health-sciences,0.166667,0.166667,0.0,2026-08-01T09:00:00+00:00
3.0,profile-v3-0253,natural-sciences,0.166667,0.166667,0.0,2026-08-01T09:00:00+00:00
3.0,profile-v3-0253,photography,0.166667,0.166667,0.0,2026-08-01T09:00:00+00:00
3.0,profile-v3-0253,music,0.166667,0.166667,0.0,2026-08-01T09:00:00+00:00
3.0,profile-v3-0253,ui-ux,0.166667,0.166667,0.0,2026-08-01T09:00:00+00:00
3.0,profile-v3-0254,social-responsibility,0.2,0.2,0.0,2026-08-01T09:00:00+00:00
3.0,profile-v3-0254,mental-health,0.2,0.2,0.0,2026-08-01T09:00:00+00:00
3.0,profile-v3-0254,mobile-development,0.2,0.2,0.0,2026-08-01T09:00:00+00:00
3.0,profile-v3-0254,travel,0.2,0.2,0.0,2026-08-01T09:00:00+00:00
3.0,profile-v3-0254,ui-ux,0.2,0.2,0.0,2026-08-01T09:00:00+00:00
3.0,profile-v3-0255,wellbeing,0.333333,0.333333,0.0,2026-08-01T09:00:00+00:00
3.0,profile-v3-0255,theatre,0.333333,0.333333,0.0,2026-08-01T09:00:00+00:00
3.0,profile-v3-0255,travel,0.333333,0.333333,0.0,2026-08-01T09:00:00+00:00
3.0,profile-v3-0256,music,0.2,0.2,0.0,2026-08-01T09:00:00+00:00
3.0,profile-v3-0256,languages,0.2,0.2,0.0,2026-08-01T09:00:00+00:00
3.0,profile-v3-0256,engineering,0.2,0.2,0.0,2026-08-01T09:00:00+00:00
3.0,profile-v3-0256,wellbeing,0.2,0.2,0.0,2026-08-01T09:00:00+00:00
3.0,profile-v3-0256,sustainability,0.2,0.2,0.0,2026-08-01T09:00:00+00:00
3.0,profile-v3-0257,product,0.25,0.25,0.0,2026-08-01T09:00:00+00:00
3.0,profile-v3-0257,health-sciences,0.25,0.25,0.0,2026-08-01T09:00:00+00:00
3.0,profile-v3-0257,engineering,0.25,0.25,0.0,2026-08-01T09:00:00+00:00
3.0,profile-v3-0257,cybersecurity,0.25,0.25,0.0,2026-08-01T09:00:00+00:00
3.0,profile-v3-0258,entrepreneurship,0.333333,0.333333,0.0,2026-08-01T09:00:00+00:00
3.0,profile-v3-0258,graphic-design,0.333333,0.333333,0.0,2026-08-01T09:00:00+00:00
3.0,profile-v3-0258,career,0.333333,0.333333,0.0,2026-08-01T09:00:00+00:00
3.0,profile-v3-0259,photography,0.125,0.125,0.0,2026-08-01T09:00:00+00:00
3.0,profile-v3-0259,health-sciences,0.125,0.125,0.0,2026-08-01T09:00:00+00:00
3.0,profile-v3-0259,ui-ux,0.125,0.125,0.0,2026-08-01T09:00:00+00:00
3.0,profile-v3-0259,mobile-development,0.125,0.125,0.0,2026-08-01T09:00:00+00:00
3.0,profile-v3-0259,theatre,0.125,0.125,0.0,2026-08-01T09:00:00+00:00
3.0,profile-v3-0259,music,0.125,0.125,0.0,2026-08-01T09:00:00+00:00
3.0,profile-v3-0259,sports,0.125,0.125,0.0,2026-08-01T09:00:00+00:00
3.0,profile-v3-0259,graphic-design,0.125,0.125,0.0,2026-08-01T09:00:00+00:00
3.0,profile-v3-0260,data-science,0.125,0.125,0.0,2026-08-01T09:00:00+00:00
3.0,profile-v3-0260,theatre,0.125,0.125,0.0,2026-08-01T09:00:00+00:00
3.0,profile-v3-0260,web-development,0.125,0.125,0.0,2026-08-01T09:00:00+00:00
3.0,profile-v3-0260,cybersecurity,0.125,0.125,0.0,2026-08-01T09:00:00+00:00
3.0,profile-v3-0260,international-community,0.125,0.125,0.0,2026-08-01T09:00:00+00:00
3.0,profile-v3-0260,music,0.125,0.125,0.0,2026-08-01T09:00:00+00:00
3.0,profile-v3-0260,languages,0.125,0.125,0.0,2026-08-01T09:00:00+00:00
3.0,profile-v3-0260,career,0.125,0.125,0.0,2026-08-01T09:00:00+00:00
3.0,profile-v3-0261,social-responsibility,0.2,0.2,0.0,2026-08-01T09:00:00+00:00
3.0,profile-v3-0261,music,0.2,0.2,0.0,2026-08-01T09:00:00+00:00
3.0,profile-v3-0261,career,0.2,0.2,0.0,2026-08-01T09:00:00+00:00
3.0,profile-v3-0261,social-sciences,0.2,0.2,0.0,2026-08-01T09:00:00+00:00
3.0,profile-v3-0261,theatre,0.2,0.2,0.0,2026-08-01T09:00:00+00:00
3.0,profile-v3-0262,volunteering,0.142857,0.142857,0.0,2026-08-01T09:00:00+00:00
3.0,profile-v3-0262,sustainability,0.142857,0.142857,0.0,2026-08-01T09:00:00+00:00
3.0,profile-v3-0262,natural-sciences,0.142857,0.142857,0.0,2026-08-01T09:00:00+00:00
3.0,profile-v3-0262,theatre,0.142857,0.142857,0.0,2026-08-01T09:00:00+00:00
3.0,profile-v3-0262,sports,0.142857,0.142857,0.0,2026-08-01T09:00:00+00:00
3.0,profile-v3-0262,international-community,0.142857,0.142857,0.0,2026-08-01T09:00:00+00:00
3.0,profile-v3-0262,music,0.142857,0.142857,0.0,2026-08-01T09:00:00+00:00
3.0,profile-v3-0263,travel,0.125,0.125,0.0,2026-08-01T09:00:00+00:00
3.0,profile-v3-0263,sustainability,0.125,0.125,0.0,2026-08-01T09:00:00+00:00
3.0,profile-v3-0263,graphic-design,0.125,0.125,0.0,2026-08-01T09:00:00+00:00
3.0,profile-v3-0263,game-development,0.125,0.125,0.0,2026-08-01T09:00:00+00:00
3.0,profile-v3-0263,natural-sciences,0.125,0.125,0.0,2026-08-01T09:00:00+00:00
3.0,profile-v3-0263,social-responsibility,0.125,0.125,0.0,2026-08-01T09:00:00+00:00
3.0,profile-v3-0263,entrepreneurship,0.125,0.125,0.0,2026-08-01T09:00:00+00:00
3.0,profile-v3-0263,wellbeing,0.125,0.125,0.0,2026-08-01T09:00:00+00:00
3.0,profile-v3-0264,ui-ux,0.142857,0.142857,0.0,2026-08-01T09:00:00+00:00
3.0,profile-v3-0264,volunteering,0.142857,0.142857,0.0,2026-08-01T09:00:00+00:00
3.0,profile-v3-0264,culture,0.142857,0.142857,0.0,2026-08-01T09:00:00+00:00
3.0,profile-v3-0264,engineering,0.142857,0.142857,0.0,2026-08-01T09:00:00+00:00
3.0,profile-v3-0264,languages,0.142857,0.142857,0.0,2026-08-01T09:00:00+00:00
3.0,profile-v3-0264,health-sciences,0.142857,0.142857,0.0,2026-08-01T09:00:00+00:00
3.0,profile-v3-0264,mobile-development,0.142857,0.142857,0.0,2026-08-01T09:00:00+00:00
3.0,profile-v3-0265,theatre,0.2,0.2,0.0,2026-08-01T09:00:00+00:00
3.0,profile-v3-0265,nutrition,0.2,0.2,0.0,2026-08-01T09:00:00+00:00
3.0,profile-v3-0265,natural-sciences,0.2,0.2,0.0,2026-08-01T09:00:00+00:00
3.0,profile-v3-0265,data-science,0.2,0.2,0.0,2026-08-01T09:00:00+00:00
3.0,profile-v3-0265,mobile-development,0.2,0.2,0.0,2026-08-01T09:00:00+00:00
3.0,profile-v3-0266,health-sciences,0.166667,0.166667,0.0,2026-08-01T09:00:00+00:00
3.0,profile-v3-0266,career,0.166667,0.166667,0.0,2026-08-01T09:00:00+00:00
3.0,profile-v3-0266,game-development,0.166667,0.166667,0.0,2026-08-01T09:00:00+00:00
3.0,profile-v3-0266,volunteering,0.166667,0.166667,0.0,2026-08-01T09:00:00+00:00
3.0,profile-v3-0266,entrepreneurship,0.166667,0.166667,0.0,2026-08-01T09:00:00+00:00
3.0,profile-v3-0266,sports,0.166667,0.166667,0.0,2026-08-01T09:00:00+00:00
3.0,profile-v3-0267,engineering,0.166667,0.166667,0.0,2026-08-01T09:00:00+00:00
3.0,profile-v3-0267,sustainability,0.166667,0.166667,0.0,2026-08-01T09:00:00+00:00
3.0,profile-v3-0267,social-responsibility,0.166667,0.166667,0.0,2026-08-01T09:00:00+00:00
3.0,profile-v3-0267,international-community,0.166667,0.166667,0.0,2026-08-01T09:00:00+00:00
3.0,profile-v3-0267,volunteering,0.166667,0.166667,0.0,2026-08-01T09:00:00+00:00
3.0,profile-v3-0267,nutrition,0.166667,0.166667,0.0,2026-08-01T09:00:00+00:00
3.0,profile-v3-0268,social-responsibility,0.142857,0.142857,0.0,2026-08-01T09:00:00+00:00
3.0,profile-v3-0268,sports,0.142857,0.142857,0.0,2026-08-01T09:00:00+00:00
3.0,profile-v3-0268,cybersecurity,0.142857,0.142857,0.0,2026-08-01T09:00:00+00:00
3.0,profile-v3-0268,career,0.142857,0.142857,0.0,2026-08-01T09:00:00+00:00
3.0,profile-v3-0268,entrepreneurship,0.142857,0.142857,0.0,2026-08-01T09:00:00+00:00
3.0,profile-v3-0268,finance,0.142857,0.142857,0.0,2026-08-01T09:00:00+00:00
3.0,profile-v3-0268,music,0.142857,0.142857,0.0,2026-08-01T09:00:00+00:00
3.0,profile-v3-0269,music,0.333333,0.333333,0.0,2026-08-01T09:00:00+00:00
3.0,profile-v3-0269,entrepreneurship,0.333333,0.333333,0.0,2026-08-01T09:00:00+00:00
3.0,profile-v3-0269,mobile-development,0.333333,0.333333,0.0,2026-08-01T09:00:00+00:00
3.0,profile-v3-0270,engineering,0.166667,0.166667,0.0,2026-08-01T09:00:00+00:00
3.0,profile-v3-0270,social-sciences,0.166667,0.166667,0.0,2026-08-01T09:00:00+00:00
3.0,profile-v3-0270,nutrition,0.166667,0.166667,0.0,2026-08-01T09:00:00+00:00
3.0,profile-v3-0270,wellbeing,0.166667,0.166667,0.0,2026-08-01T09:00:00+00:00
3.0,profile-v3-0270,game-development,0.166667,0.166667,0.0,2026-08-01T09:00:00+00:00
3.0,profile-v3-0270,languages,0.166667,0.166667,0.0,2026-08-01T09:00:00+00:00
3.0,profile-v3-0271,engineering,0.333333,0.333333,0.0,2026-08-01T09:00:00+00:00
3.0,profile-v3-0271,social-responsibility,0.333333,0.333333,0.0,2026-08-01T09:00:00+00:00
3.0,profile-v3-0271,cybersecurity,0.333333,0.333333,0.0,2026-08-01T09:00:00+00:00
3.0,profile-v3-0272,natural-sciences,0.333333,0.333333,0.0,2026-08-01T09:00:00+00:00
3.0,profile-v3-0272,career,0.333333,0.333333,0.0,2026-08-01T09:00:00+00:00
3.0,profile-v3-0272,engineering,0.333333,0.333333,0.0,2026-08-01T09:00:00+00:00
3.0,profile-v3-0273,engineering,0.333333,0.333333,0.0,2026-08-01T09:00:00+00:00
3.0,profile-v3-0273,culture,0.333333,0.333333,0.0,2026-08-01T09:00:00+00:00
3.0,profile-v3-0273,product,0.333333,0.333333,0.0,2026-08-01T09:00:00+00:00
3.0,profile-v3-0274,international-community,0.166667,0.166667,0.0,2026-08-01T09:00:00+00:00
3.0,profile-v3-0274,social-sciences,0.166667,0.166667,0.0,2026-08-01T09:00:00+00:00
3.0,profile-v3-0274,wellbeing,0.166667,0.166667,0.0,2026-08-01T09:00:00+00:00
3.0,profile-v3-0274,entrepreneurship,0.166667,0.166667,0.0,2026-08-01T09:00:00+00:00
3.0,profile-v3-0274,finance,0.166667,0.166667,0.0,2026-08-01T09:00:00+00:00
3.0,profile-v3-0274,music,0.166667,0.166667,0.0,2026-08-01T09:00:00+00:00
3.0,profile-v3-0275,data-science,0.333333,0.333333,0.0,2026-08-01T09:00:00+00:00
3.0,profile-v3-0275,social-responsibility,0.333333,0.333333,0.0,2026-08-01T09:00:00+00:00
3.0,profile-v3-0275,graphic-design,0.333333,0.333333,0.0,2026-08-01T09:00:00+00:00
3.0,profile-v3-0276,ui-ux,0.333333,0.333333,0.0,2026-08-01T09:00:00+00:00
3.0,profile-v3-0276,wellbeing,0.333333,0.333333,0.0,2026-08-01T09:00:00+00:00
3.0,profile-v3-0276,nutrition,0.333333,0.333333,0.0,2026-08-01T09:00:00+00:00
3.0,profile-v3-0277,natural-sciences,0.2,0.2,0.0,2026-08-01T09:00:00+00:00
3.0,profile-v3-0277,volunteering,0.2,0.2,0.0,2026-08-01T09:00:00+00:00
3.0,profile-v3-0277,health-sciences,0.2,0.2,0.0,2026-08-01T09:00:00+00:00
3.0,profile-v3-0277,photography,0.2,0.2,0.0,2026-08-01T09:00:00+00:00
3.0,profile-v3-0277,wellbeing,0.2,0.2,0.0,2026-08-01T09:00:00+00:00
3.0,profile-v3-0278,music,0.142857,0.142857,0.0,2026-08-01T09:00:00+00:00
3.0,profile-v3-0278,graphic-design,0.142857,0.142857,0.0,2026-08-01T09:00:00+00:00
3.0,profile-v3-0278,volunteering,0.142857,0.142857,0.0,2026-08-01T09:00:00+00:00
3.0,profile-v3-0278,natural-sciences,0.142857,0.142857,0.0,2026-08-01T09:00:00+00:00
3.0,profile-v3-0278,product,0.142857,0.142857,0.0,2026-08-01T09:00:00+00:00
3.0,profile-v3-0278,sports,0.142857,0.142857,0.0,2026-08-01T09:00:00+00:00
3.0,profile-v3-0278,photography,0.142857,0.142857,0.0,2026-08-01T09:00:00+00:00
3.0,profile-v3-0279,game-development,0.125,0.125,0.0,2026-08-01T09:00:00+00:00
3.0,profile-v3-0279,ai,0.125,0.125,0.0,2026-08-01T09:00:00+00:00
3.0,profile-v3-0279,web-development,0.125,0.125,0.0,2026-08-01T09:00:00+00:00
3.0,profile-v3-0279,product,0.125,0.125,0.0,2026-08-01T09:00:00+00:00
3.0,profile-v3-0279,career,0.125,0.125,0.0,2026-08-01T09:00:00+00:00
3.0,profile-v3-0279,cybersecurity,0.125,0.125,0.0,2026-08-01T09:00:00+00:00
3.0,profile-v3-0279,international-community,0.125,0.125,0.0,2026-08-01T09:00:00+00:00
3.0,profile-v3-0279,natural-sciences,0.125,0.125,0.0,2026-08-01T09:00:00+00:00
3.0,profile-v3-0280,graphic-design,0.166667,0.166667,0.0,2026-08-01T09:00:00+00:00
3.0,profile-v3-0280,cybersecurity,0.166667,0.166667,0.0,2026-08-01T09:00:00+00:00
3.0,profile-v3-0280,entrepreneurship,0.166667,0.166667,0.0,2026-08-01T09:00:00+00:00
3.0,profile-v3-0280,web-development,0.166667,0.166667,0.0,2026-08-01T09:00:00+00:00
3.0,profile-v3-0280,photography,0.166667,0.166667,0.0,2026-08-01T09:00:00+00:00
3.0,profile-v3-0280,game-development,0.166667,0.166667,0.0,2026-08-01T09:00:00+00:00
3.0,profile-v3-0281,ui-ux,0.333333,0.333333,0.0,2026-08-01T09:00:00+00:00
3.0,profile-v3-0281,theatre,0.333333,0.333333,0.0,2026-08-01T09:00:00+00:00
3.0,profile-v3-0281,graphic-design,0.333333,0.333333,0.0,2026-08-01T09:00:00+00:00
3.0,profile-v3-0282,web-development,0.333333,0.333333,0.0,2026-08-01T09:00:00+00:00
3.0,profile-v3-0282,wellbeing,0.333333,0.333333,0.0,2026-08-01T09:00:00+00:00
3.0,profile-v3-0282,social-responsibility,0.333333,0.333333,0.0,2026-08-01T09:00:00+00:00
3.0,profile-v3-0283,culture,0.2,0.2,0.0,2026-08-01T09:00:00+00:00
3.0,profile-v3-0283,data-science,0.2,0.2,0.0,2026-08-01T09:00:00+00:00
3.0,profile-v3-0283,social-responsibility,0.2,0.2,0.0,2026-08-01T09:00:00+00:00
3.0,profile-v3-0283,mental-health,0.2,0.2,0.0,2026-08-01T09:00:00+00:00
3.0,profile-v3-0283,natural-sciences,0.2,0.2,0.0,2026-08-01T09:00:00+00:00
3.0,profile-v3-0284,international-community,0.142857,0.142857,0.0,2026-08-01T09:00:00+00:00
3.0,profile-v3-0284,culture,0.142857,0.142857,0.0,2026-08-01T09:00:00+00:00
3.0,profile-v3-0284,social-responsibility,0.142857,0.142857,0.0,2026-08-01T09:00:00+00:00
3.0,profile-v3-0284,social-sciences,0.142857,0.142857,0.0,2026-08-01T09:00:00+00:00
3.0,profile-v3-0284,music,0.142857,0.142857,0.0,2026-08-01T09:00:00+00:00
3.0,profile-v3-0284,finance,0.142857,0.142857,0.0,2026-08-01T09:00:00+00:00
3.0,profile-v3-0284,travel,0.142857,0.142857,0.0,2026-08-01T09:00:00+00:00
3.0,profile-v3-0285,wellbeing,0.25,0.25,0.0,2026-08-01T09:00:00+00:00
3.0,profile-v3-0285,languages,0.25,0.25,0.0,2026-08-01T09:00:00+00:00
3.0,profile-v3-0285,graphic-design,0.25,0.25,0.0,2026-08-01T09:00:00+00:00
3.0,profile-v3-0285,sustainability,0.25,0.25,0.0,2026-08-01T09:00:00+00:00
3.0,profile-v3-0286,theatre,0.25,0.25,0.0,2026-08-01T09:00:00+00:00
3.0,profile-v3-0286,web-development,0.25,0.25,0.0,2026-08-01T09:00:00+00:00
3.0,profile-v3-0286,volunteering,0.25,0.25,0.0,2026-08-01T09:00:00+00:00
3.0,profile-v3-0286,game-development,0.25,0.25,0.0,2026-08-01T09:00:00+00:00
3.0,profile-v3-0287,music,0.142857,0.142857,0.0,2026-08-01T09:00:00+00:00
3.0,profile-v3-0287,social-responsibility,0.142857,0.142857,0.0,2026-08-01T09:00:00+00:00
3.0,profile-v3-0287,mobile-development,0.142857,0.142857,0.0,2026-08-01T09:00:00+00:00
3.0,profile-v3-0287,photography,0.142857,0.142857,0.0,2026-08-01T09:00:00+00:00
3.0,profile-v3-0287,sustainability,0.142857,0.142857,0.0,2026-08-01T09:00:00+00:00
3.0,profile-v3-0287,finance,0.142857,0.142857,0.0,2026-08-01T09:00:00+00:00
3.0,profile-v3-0287,entrepreneurship,0.142857,0.142857,0.0,2026-08-01T09:00:00+00:00
3.0,profile-v3-0288,health-sciences,0.2,0.2,0.0,2026-08-01T09:00:00+00:00
3.0,profile-v3-0288,photography,0.2,0.2,0.0,2026-08-01T09:00:00+00:00
3.0,profile-v3-0288,cybersecurity,0.2,0.2,0.0,2026-08-01T09:00:00+00:00
3.0,profile-v3-0288,music,0.2,0.2,0.0,2026-08-01T09:00:00+00:00
3.0,profile-v3-0288,entrepreneurship,0.2,0.2,0.0,2026-08-01T09:00:00+00:00
3.0,profile-v3-0289,career,0.142857,0.142857,0.0,2026-08-01T09:00:00+00:00
3.0,profile-v3-0289,music,0.142857,0.142857,0.0,2026-08-01T09:00:00+00:00
3.0,profile-v3-0289,social-sciences,0.142857,0.142857,0.0,2026-08-01T09:00:00+00:00
3.0,profile-v3-0289,wellbeing,0.142857,0.142857,0.0,2026-08-01T09:00:00+00:00
3.0,profile-v3-0289,mobile-development,0.142857,0.142857,0.0,2026-08-01T09:00:00+00:00
3.0,profile-v3-0289,mental-health,0.142857,0.142857,0.0,2026-08-01T09:00:00+00:00
3.0,profile-v3-0289,product,0.142857,0.142857,0.0,2026-08-01T09:00:00+00:00
3.0,profile-v3-0290,volunteering,0.142857,0.142857,0.0,2026-08-01T09:00:00+00:00
3.0,profile-v3-0290,nutrition,0.142857,0.142857,0.0,2026-08-01T09:00:00+00:00
3.0,profile-v3-0290,health-sciences,0.142857,0.142857,0.0,2026-08-01T09:00:00+00:00
3.0,profile-v3-0290,languages,0.142857,0.142857,0.0,2026-08-01T09:00:00+00:00
3.0,profile-v3-0290,cybersecurity,0.142857,0.142857,0.0,2026-08-01T09:00:00+00:00
3.0,profile-v3-0290,ai,0.142857,0.142857,0.0,2026-08-01T09:00:00+00:00
3.0,profile-v3-0290,sustainability,0.142857,0.142857,0.0,2026-08-01T09:00:00+00:00
3.0,profile-v3-0291,finance,0.25,0.25,0.0,2026-08-01T09:00:00+00:00
3.0,profile-v3-0291,product,0.25,0.25,0.0,2026-08-01T09:00:00+00:00
3.0,profile-v3-0291,photography,0.25,0.25,0.0,2026-08-01T09:00:00+00:00
3.0,profile-v3-0291,volunteering,0.25,0.25,0.0,2026-08-01T09:00:00+00:00
3.0,profile-v3-0292,culture,0.125,0.125,0.0,2026-08-01T09:00:00+00:00
3.0,profile-v3-0292,international-community,0.125,0.125,0.0,2026-08-01T09:00:00+00:00
3.0,profile-v3-0292,mobile-development,0.125,0.125,0.0,2026-08-01T09:00:00+00:00
3.0,profile-v3-0292,sustainability,0.125,0.125,0.0,2026-08-01T09:00:00+00:00
3.0,profile-v3-0292,cybersecurity,0.125,0.125,0.0,2026-08-01T09:00:00+00:00
3.0,profile-v3-0292,volunteering,0.125,0.125,0.0,2026-08-01T09:00:00+00:00
3.0,profile-v3-0292,entrepreneurship,0.125,0.125,0.0,2026-08-01T09:00:00+00:00
3.0,profile-v3-0292,engineering,0.125,0.125,0.0,2026-08-01T09:00:00+00:00
3.0,profile-v3-0293,volunteering,0.125,0.125,0.0,2026-08-01T09:00:00+00:00
3.0,profile-v3-0293,music,0.125,0.125,0.0,2026-08-01T09:00:00+00:00
3.0,profile-v3-0293,nutrition,0.125,0.125,0.0,2026-08-01T09:00:00+00:00
3.0,profile-v3-0293,web-development,0.125,0.125,0.0,2026-08-01T09:00:00+00:00
3.0,profile-v3-0293,product,0.125,0.125,0.0,2026-08-01T09:00:00+00:00
3.0,profile-v3-0293,mobile-development,0.125,0.125,0.0,2026-08-01T09:00:00+00:00
3.0,profile-v3-0293,sustainability,0.125,0.125,0.0,2026-08-01T09:00:00+00:00
3.0,profile-v3-0293,international-community,0.125,0.125,0.0,2026-08-01T09:00:00+00:00
3.0,profile-v3-0294,web-development,0.2,0.2,0.0,2026-08-01T09:00:00+00:00
3.0,profile-v3-0294,cybersecurity,0.2,0.2,0.0,2026-08-01T09:00:00+00:00
3.0,profile-v3-0294,theatre,0.2,0.2,0.0,2026-08-01T09:00:00+00:00
3.0,profile-v3-0294,nutrition,0.2,0.2,0.0,2026-08-01T09:00:00+00:00
3.0,profile-v3-0294,game-development,0.2,0.2,0.0,2026-08-01T09:00:00+00:00
3.0,profile-v3-0295,health-sciences,0.2,0.2,0.0,2026-08-01T09:00:00+00:00
3.0,profile-v3-0295,entrepreneurship,0.2,0.2,0.0,2026-08-01T09:00:00+00:00
3.0,profile-v3-0295,nutrition,0.2,0.2,0.0,2026-08-01T09:00:00+00:00
3.0,profile-v3-0295,wellbeing,0.2,0.2,0.0,2026-08-01T09:00:00+00:00
3.0,profile-v3-0295,languages,0.2,0.2,0.0,2026-08-01T09:00:00+00:00
3.0,profile-v3-0296,sports,0.25,0.25,0.0,2026-08-01T09:00:00+00:00
3.0,profile-v3-0296,entrepreneurship,0.25,0.25,0.0,2026-08-01T09:00:00+00:00
3.0,profile-v3-0296,career,0.25,0.25,0.0,2026-08-01T09:00:00+00:00
3.0,profile-v3-0296,theatre,0.25,0.25,0.0,2026-08-01T09:00:00+00:00
3.0,profile-v3-0297,sustainability,0.2,0.2,0.0,2026-08-01T09:00:00+00:00
3.0,profile-v3-0297,culture,0.2,0.2,0.0,2026-08-01T09:00:00+00:00
3.0,profile-v3-0297,travel,0.2,0.2,0.0,2026-08-01T09:00:00+00:00
3.0,profile-v3-0297,product,0.2,0.2,0.0,2026-08-01T09:00:00+00:00
3.0,profile-v3-0297,mental-health,0.2,0.2,0.0,2026-08-01T09:00:00+00:00
3.0,profile-v3-0298,cybersecurity,0.2,0.2,0.0,2026-08-01T09:00:00+00:00
3.0,profile-v3-0298,culture,0.2,0.2,0.0,2026-08-01T09:00:00+00:00
3.0,profile-v3-0298,finance,0.2,0.2,0.0,2026-08-01T09:00:00+00:00
3.0,profile-v3-0298,photography,0.2,0.2,0.0,2026-08-01T09:00:00+00:00
3.0,profile-v3-0298,health-sciences,0.2,0.2,0.0,2026-08-01T09:00:00+00:00
3.0,profile-v3-0299,data-science,0.166667,0.166667,0.0,2026-08-01T09:00:00+00:00
3.0,profile-v3-0299,entrepreneurship,0.166667,0.166667,0.0,2026-08-01T09:00:00+00:00
3.0,profile-v3-0299,mobile-development,0.166667,0.166667,0.0,2026-08-01T09:00:00+00:00
3.0,profile-v3-0299,web-development,0.166667,0.166667,0.0,2026-08-01T09:00:00+00:00
3.0,profile-v3-0299,social-sciences,0.166667,0.166667,0.0,2026-08-01T09:00:00+00:00
3.0,profile-v3-0299,engineering,0.166667,0.166667,0.0,2026-08-01T09:00:00+00:00
3.0,profile-v3-0300,sustainability,0.166667,0.166667,0.0,2026-08-01T09:00:00+00:00
3.0,profile-v3-0300,entrepreneurship,0.166667,0.166667,0.0,2026-08-01T09:00:00+00:00
3.0,profile-v3-0300,career,0.166667,0.166667,0.0,2026-08-01T09:00:00+00:00
3.0,profile-v3-0300,culture,0.166667,0.166667,0.0,2026-08-01T09:00:00+00:00
3.0,profile-v3-0300,data-science,0.166667,0.166667,0.0,2026-08-01T09:00:00+00:00
3.0,profile-v3-0300,web-development,0.166667,0.166667,0.0,2026-08-01T09:00:00+00:00
3.0,profile-v3-0301,languages,0.166667,0.166667,0.0,2026-08-01T09:00:00+00:00
3.0,profile-v3-0301,data-science,0.166667,0.166667,0.0,2026-08-01T09:00:00+00:00
3.0,profile-v3-0301,music,0.166667,0.166667,0.0,2026-08-01T09:00:00+00:00
3.0,profile-v3-0301,mental-health,0.166667,0.166667,0.0,2026-08-01T09:00:00+00:00
3.0,profile-v3-0301,game-development,0.166667,0.166667,0.0,2026-08-01T09:00:00+00:00
3.0,profile-v3-0301,entrepreneurship,0.166667,0.166667,0.0,2026-08-01T09:00:00+00:00
3.0,profile-v3-0302,career,0.333333,0.333333,0.0,2026-08-01T09:00:00+00:00
3.0,profile-v3-0302,data-science,0.333333,0.333333,0.0,2026-08-01T09:00:00+00:00
3.0,profile-v3-0302,mobile-development,0.333333,0.333333,0.0,2026-08-01T09:00:00+00:00
3.0,profile-v3-0303,sports,0.2,0.2,0.0,2026-08-01T09:00:00+00:00
3.0,profile-v3-0303,cybersecurity,0.2,0.2,0.0,2026-08-01T09:00:00+00:00
3.0,profile-v3-0303,graphic-design,0.2,0.2,0.0,2026-08-01T09:00:00+00:00
3.0,profile-v3-0303,web-development,0.2,0.2,0.0,2026-08-01T09:00:00+00:00
3.0,profile-v3-0303,game-development,0.2,0.2,0.0,2026-08-01T09:00:00+00:00
3.0,profile-v3-0304,finance,0.333333,0.333333,0.0,2026-08-01T09:00:00+00:00
3.0,profile-v3-0304,languages,0.333333,0.333333,0.0,2026-08-01T09:00:00+00:00
3.0,profile-v3-0304,travel,0.333333,0.333333,0.0,2026-08-01T09:00:00+00:00
3.0,profile-v3-0305,sports,0.166667,0.166667,0.0,2026-08-01T09:00:00+00:00
3.0,profile-v3-0305,music,0.166667,0.166667,0.0,2026-08-01T09:00:00+00:00
3.0,profile-v3-0305,engineering,0.166667,0.166667,0.0,2026-08-01T09:00:00+00:00
3.0,profile-v3-0305,nutrition,0.166667,0.166667,0.0,2026-08-01T09:00:00+00:00
3.0,profile-v3-0305,photography,0.166667,0.166667,0.0,2026-08-01T09:00:00+00:00
3.0,profile-v3-0305,languages,0.166667,0.166667,0.0,2026-08-01T09:00:00+00:00
3.0,profile-v3-0306,career,0.25,0.25,0.0,2026-08-01T09:00:00+00:00
3.0,profile-v3-0306,product,0.25,0.25,0.0,2026-08-01T09:00:00+00:00
3.0,profile-v3-0306,game-development,0.25,0.25,0.0,2026-08-01T09:00:00+00:00
3.0,profile-v3-0306,social-sciences,0.25,0.25,0.0,2026-08-01T09:00:00+00:00
3.0,profile-v3-0307,nutrition,0.2,0.2,0.0,2026-08-01T09:00:00+00:00
3.0,profile-v3-0307,languages,0.2,0.2,0.0,2026-08-01T09:00:00+00:00
3.0,profile-v3-0307,data-science,0.2,0.2,0.0,2026-08-01T09:00:00+00:00
3.0,profile-v3-0307,theatre,0.2,0.2,0.0,2026-08-01T09:00:00+00:00
3.0,profile-v3-0307,game-development,0.2,0.2,0.0,2026-08-01T09:00:00+00:00
3.0,profile-v3-0308,finance,0.166667,0.166667,0.0,2026-08-01T09:00:00+00:00
3.0,profile-v3-0308,engineering,0.166667,0.166667,0.0,2026-08-01T09:00:00+00:00
3.0,profile-v3-0308,nutrition,0.166667,0.166667,0.0,2026-08-01T09:00:00+00:00
3.0,profile-v3-0308,natural-sciences,0.166667,0.166667,0.0,2026-08-01T09:00:00+00:00
3.0,profile-v3-0308,entrepreneurship,0.166667,0.166667,0.0,2026-08-01T09:00:00+00:00
3.0,profile-v3-0308,wellbeing,0.166667,0.166667,0.0,2026-08-01T09:00:00+00:00
3.0,profile-v3-0309,graphic-design,0.333333,0.333333,0.0,2026-08-01T09:00:00+00:00
3.0,profile-v3-0309,ui-ux,0.333333,0.333333,0.0,2026-08-01T09:00:00+00:00
3.0,profile-v3-0309,entrepreneurship,0.333333,0.333333,0.0,2026-08-01T09:00:00+00:00
3.0,profile-v3-0310,health-sciences,0.25,0.25,0.0,2026-08-01T09:00:00+00:00
3.0,profile-v3-0310,culture,0.25,0.25,0.0,2026-08-01T09:00:00+00:00
3.0,profile-v3-0310,game-development,0.25,0.25,0.0,2026-08-01T09:00:00+00:00
3.0,profile-v3-0310,product,0.25,0.25,0.0,2026-08-01T09:00:00+00:00
3.0,profile-v3-0311,ai,0.25,0.25,0.0,2026-08-01T09:00:00+00:00
3.0,profile-v3-0311,sustainability,0.25,0.25,0.0,2026-08-01T09:00:00+00:00
3.0,profile-v3-0311,data-science,0.25,0.25,0.0,2026-08-01T09:00:00+00:00
3.0,profile-v3-0311,international-community,0.25,0.25,0.0,2026-08-01T09:00:00+00:00
3.0,profile-v3-0312,data-science,0.2,0.2,0.0,2026-08-01T09:00:00+00:00
3.0,profile-v3-0312,travel,0.2,0.2,0.0,2026-08-01T09:00:00+00:00
3.0,profile-v3-0312,ai,0.2,0.2,0.0,2026-08-01T09:00:00+00:00
3.0,profile-v3-0312,photography,0.2,0.2,0.0,2026-08-01T09:00:00+00:00
3.0,profile-v3-0312,theatre,0.2,0.2,0.0,2026-08-01T09:00:00+00:00
3.0,profile-v3-0313,volunteering,0.166667,0.166667,0.0,2026-08-01T09:00:00+00:00
3.0,profile-v3-0313,travel,0.166667,0.166667,0.0,2026-08-01T09:00:00+00:00
3.0,profile-v3-0313,culture,0.166667,0.166667,0.0,2026-08-01T09:00:00+00:00
3.0,profile-v3-0313,nutrition,0.166667,0.166667,0.0,2026-08-01T09:00:00+00:00
3.0,profile-v3-0313,cybersecurity,0.166667,0.166667,0.0,2026-08-01T09:00:00+00:00
3.0,profile-v3-0313,social-responsibility,0.166667,0.166667,0.0,2026-08-01T09:00:00+00:00
3.0,profile-v3-0314,natural-sciences,0.2,0.2,0.0,2026-08-01T09:00:00+00:00
3.0,profile-v3-0314,graphic-design,0.2,0.2,0.0,2026-08-01T09:00:00+00:00
3.0,profile-v3-0314,nutrition,0.2,0.2,0.0,2026-08-01T09:00:00+00:00
3.0,profile-v3-0314,wellbeing,0.2,0.2,0.0,2026-08-01T09:00:00+00:00
3.0,profile-v3-0314,photography,0.2,0.2,0.0,2026-08-01T09:00:00+00:00
3.0,profile-v3-0315,theatre,0.166667,0.166667,0.0,2026-08-01T09:00:00+00:00
3.0,profile-v3-0315,music,0.166667,0.166667,0.0,2026-08-01T09:00:00+00:00
3.0,profile-v3-0315,photography,0.166667,0.166667,0.0,2026-08-01T09:00:00+00:00
3.0,profile-v3-0315,natural-sciences,0.166667,0.166667,0.0,2026-08-01T09:00:00+00:00
3.0,profile-v3-0315,international-community,0.166667,0.166667,0.0,2026-08-01T09:00:00+00:00
3.0,profile-v3-0315,ui-ux,0.166667,0.166667,0.0,2026-08-01T09:00:00+00:00
3.0,profile-v3-0316,wellbeing,0.125,0.125,0.0,2026-08-01T09:00:00+00:00
3.0,profile-v3-0316,nutrition,0.125,0.125,0.0,2026-08-01T09:00:00+00:00
3.0,profile-v3-0316,travel,0.125,0.125,0.0,2026-08-01T09:00:00+00:00
3.0,profile-v3-0316,health-sciences,0.125,0.125,0.0,2026-08-01T09:00:00+00:00
3.0,profile-v3-0316,social-sciences,0.125,0.125,0.0,2026-08-01T09:00:00+00:00
3.0,profile-v3-0316,natural-sciences,0.125,0.125,0.0,2026-08-01T09:00:00+00:00
3.0,profile-v3-0316,career,0.125,0.125,0.0,2026-08-01T09:00:00+00:00
3.0,profile-v3-0316,finance,0.125,0.125,0.0,2026-08-01T09:00:00+00:00
3.0,profile-v3-0317,entrepreneurship,0.125,0.125,0.0,2026-08-01T09:00:00+00:00
3.0,profile-v3-0317,game-development,0.125,0.125,0.0,2026-08-01T09:00:00+00:00
3.0,profile-v3-0317,international-community,0.125,0.125,0.0,2026-08-01T09:00:00+00:00
3.0,profile-v3-0317,nutrition,0.125,0.125,0.0,2026-08-01T09:00:00+00:00
3.0,profile-v3-0317,music,0.125,0.125,0.0,2026-08-01T09:00:00+00:00
3.0,profile-v3-0317,social-responsibility,0.125,0.125,0.0,2026-08-01T09:00:00+00:00
3.0,profile-v3-0317,ai,0.125,0.125,0.0,2026-08-01T09:00:00+00:00
3.0,profile-v3-0317,culture,0.125,0.125,0.0,2026-08-01T09:00:00+00:00
3.0,profile-v3-0318,sustainability,0.25,0.25,0.0,2026-08-01T09:00:00+00:00
3.0,profile-v3-0318,volunteering,0.25,0.25,0.0,2026-08-01T09:00:00+00:00
3.0,profile-v3-0318,data-science,0.25,0.25,0.0,2026-08-01T09:00:00+00:00
3.0,profile-v3-0318,languages,0.25,0.25,0.0,2026-08-01T09:00:00+00:00
3.0,profile-v3-0319,volunteering,0.142857,0.142857,0.0,2026-08-01T09:00:00+00:00
3.0,profile-v3-0319,finance,0.142857,0.142857,0.0,2026-08-01T09:00:00+00:00
3.0,profile-v3-0319,cybersecurity,0.142857,0.142857,0.0,2026-08-01T09:00:00+00:00
3.0,profile-v3-0319,travel,0.142857,0.142857,0.0,2026-08-01T09:00:00+00:00
3.0,profile-v3-0319,product,0.142857,0.142857,0.0,2026-08-01T09:00:00+00:00
3.0,profile-v3-0319,ai,0.142857,0.142857,0.0,2026-08-01T09:00:00+00:00
3.0,profile-v3-0319,game-development,0.142857,0.142857,0.0,2026-08-01T09:00:00+00:00
3.0,profile-v3-0320,nutrition,0.25,0.25,0.0,2026-08-01T09:00:00+00:00
3.0,profile-v3-0320,volunteering,0.25,0.25,0.0,2026-08-01T09:00:00+00:00
3.0,profile-v3-0320,sports,0.25,0.25,0.0,2026-08-01T09:00:00+00:00
3.0,profile-v3-0320,cybersecurity,0.25,0.25,0.0,2026-08-01T09:00:00+00:00
3.0,profile-v3-0321,finance,0.25,0.25,0.0,2026-08-01T09:00:00+00:00
3.0,profile-v3-0321,career,0.25,0.25,0.0,2026-08-01T09:00:00+00:00
3.0,profile-v3-0321,photography,0.25,0.25,0.0,2026-08-01T09:00:00+00:00
3.0,profile-v3-0321,web-development,0.25,0.25,0.0,2026-08-01T09:00:00+00:00
3.0,profile-v3-0322,travel,0.166667,0.166667,0.0,2026-08-01T09:00:00+00:00
3.0,profile-v3-0322,career,0.166667,0.166667,0.0,2026-08-01T09:00:00+00:00
3.0,profile-v3-0322,culture,0.166667,0.166667,0.0,2026-08-01T09:00:00+00:00
3.0,profile-v3-0322,data-science,0.166667,0.166667,0.0,2026-08-01T09:00:00+00:00
3.0,profile-v3-0322,engineering,0.166667,0.166667,0.0,2026-08-01T09:00:00+00:00
3.0,profile-v3-0322,music,0.166667,0.166667,0.0,2026-08-01T09:00:00+00:00
3.0,profile-v3-0323,languages,0.125,0.125,0.0,2026-08-01T09:00:00+00:00
3.0,profile-v3-0323,mental-health,0.125,0.125,0.0,2026-08-01T09:00:00+00:00
3.0,profile-v3-0323,sustainability,0.125,0.125,0.0,2026-08-01T09:00:00+00:00
3.0,profile-v3-0323,web-development,0.125,0.125,0.0,2026-08-01T09:00:00+00:00
3.0,profile-v3-0323,photography,0.125,0.125,0.0,2026-08-01T09:00:00+00:00
3.0,profile-v3-0323,game-development,0.125,0.125,0.0,2026-08-01T09:00:00+00:00
3.0,profile-v3-0323,sports,0.125,0.125,0.0,2026-08-01T09:00:00+00:00
3.0,profile-v3-0323,culture,0.125,0.125,0.0,2026-08-01T09:00:00+00:00
3.0,profile-v3-0324,music,0.125,0.125,0.0,2026-08-01T09:00:00+00:00
3.0,profile-v3-0324,mobile-development,0.125,0.125,0.0,2026-08-01T09:00:00+00:00
3.0,profile-v3-0324,finance,0.125,0.125,0.0,2026-08-01T09:00:00+00:00
3.0,profile-v3-0324,sports,0.125,0.125,0.0,2026-08-01T09:00:00+00:00
3.0,profile-v3-0324,data-science,0.125,0.125,0.0,2026-08-01T09:00:00+00:00
3.0,profile-v3-0324,international-community,0.125,0.125,0.0,2026-08-01T09:00:00+00:00
3.0,profile-v3-0324,photography,0.125,0.125,0.0,2026-08-01T09:00:00+00:00
3.0,profile-v3-0324,ui-ux,0.125,0.125,0.0,2026-08-01T09:00:00+00:00
3.0,profile-v3-0325,nutrition,0.166667,0.166667,0.0,2026-08-01T09:00:00+00:00
3.0,profile-v3-0325,wellbeing,0.166667,0.166667,0.0,2026-08-01T09:00:00+00:00
3.0,profile-v3-0325,theatre,0.166667,0.166667,0.0,2026-08-01T09:00:00+00:00
3.0,profile-v3-0325,ui-ux,0.166667,0.166667,0.0,2026-08-01T09:00:00+00:00
3.0,profile-v3-0325,engineering,0.166667,0.166667,0.0,2026-08-01T09:00:00+00:00
3.0,profile-v3-0325,health-sciences,0.166667,0.166667,0.0,2026-08-01T09:00:00+00:00
3.0,profile-v3-0326,social-responsibility,0.25,0.25,0.0,2026-08-01T09:00:00+00:00
3.0,profile-v3-0326,web-development,0.25,0.25,0.0,2026-08-01T09:00:00+00:00
3.0,profile-v3-0326,graphic-design,0.25,0.25,0.0,2026-08-01T09:00:00+00:00
3.0,profile-v3-0326,game-development,0.25,0.25,0.0,2026-08-01T09:00:00+00:00
3.0,profile-v3-0327,wellbeing,0.2,0.2,0.0,2026-08-01T09:00:00+00:00
3.0,profile-v3-0327,sustainability,0.2,0.2,0.0,2026-08-01T09:00:00+00:00
3.0,profile-v3-0327,web-development,0.2,0.2,0.0,2026-08-01T09:00:00+00:00
3.0,profile-v3-0327,finance,0.2,0.2,0.0,2026-08-01T09:00:00+00:00
3.0,profile-v3-0327,culture,0.2,0.2,0.0,2026-08-01T09:00:00+00:00
3.0,profile-v3-0328,social-sciences,0.166667,0.166667,0.0,2026-08-01T09:00:00+00:00
3.0,profile-v3-0328,finance,0.166667,0.166667,0.0,2026-08-01T09:00:00+00:00
3.0,profile-v3-0328,sustainability,0.166667,0.166667,0.0,2026-08-01T09:00:00+00:00
3.0,profile-v3-0328,nutrition,0.166667,0.166667,0.0,2026-08-01T09:00:00+00:00
3.0,profile-v3-0328,natural-sciences,0.166667,0.166667,0.0,2026-08-01T09:00:00+00:00
3.0,profile-v3-0328,volunteering,0.166667,0.166667,0.0,2026-08-01T09:00:00+00:00
3.0,profile-v3-0329,travel,0.125,0.125,0.0,2026-08-01T09:00:00+00:00
3.0,profile-v3-0329,sports,0.125,0.125,0.0,2026-08-01T09:00:00+00:00
3.0,profile-v3-0329,culture,0.125,0.125,0.0,2026-08-01T09:00:00+00:00
3.0,profile-v3-0329,graphic-design,0.125,0.125,0.0,2026-08-01T09:00:00+00:00
3.0,profile-v3-0329,theatre,0.125,0.125,0.0,2026-08-01T09:00:00+00:00
3.0,profile-v3-0329,volunteering,0.125,0.125,0.0,2026-08-01T09:00:00+00:00
3.0,profile-v3-0329,web-development,0.125,0.125,0.0,2026-08-01T09:00:00+00:00
3.0,profile-v3-0329,career,0.125,0.125,0.0,2026-08-01T09:00:00+00:00
3.0,profile-v3-0330,languages,0.166667,0.166667,0.0,2026-08-01T09:00:00+00:00
3.0,profile-v3-0330,mental-health,0.166667,0.166667,0.0,2026-08-01T09:00:00+00:00
3.0,profile-v3-0330,product,0.166667,0.166667,0.0,2026-08-01T09:00:00+00:00
3.0,profile-v3-0330,volunteering,0.166667,0.166667,0.0,2026-08-01T09:00:00+00:00
3.0,profile-v3-0330,theatre,0.166667,0.166667,0.0,2026-08-01T09:00:00+00:00
3.0,profile-v3-0330,health-sciences,0.166667,0.166667,0.0,2026-08-01T09:00:00+00:00
3.0,profile-v3-0331,photography,0.333333,0.333333,0.0,2026-08-01T09:00:00+00:00
3.0,profile-v3-0331,nutrition,0.333333,0.333333,0.0,2026-08-01T09:00:00+00:00
3.0,profile-v3-0331,entrepreneurship,0.333333,0.333333,0.0,2026-08-01T09:00:00+00:00
3.0,profile-v3-0332,social-sciences,0.142857,0.142857,0.0,2026-08-01T09:00:00+00:00
3.0,profile-v3-0332,languages,0.142857,0.142857,0.0,2026-08-01T09:00:00+00:00
3.0,profile-v3-0332,wellbeing,0.142857,0.142857,0.0,2026-08-01T09:00:00+00:00
3.0,profile-v3-0332,nutrition,0.142857,0.142857,0.0,2026-08-01T09:00:00+00:00
3.0,profile-v3-0332,product,0.142857,0.142857,0.0,2026-08-01T09:00:00+00:00
3.0,profile-v3-0332,volunteering,0.142857,0.142857,0.0,2026-08-01T09:00:00+00:00
3.0,profile-v3-0332,data-science,0.142857,0.142857,0.0,2026-08-01T09:00:00+00:00
3.0,profile-v3-0333,culture,0.2,0.2,0.0,2026-08-01T09:00:00+00:00
3.0,profile-v3-0333,photography,0.2,0.2,0.0,2026-08-01T09:00:00+00:00
3.0,profile-v3-0333,social-sciences,0.2,0.2,0.0,2026-08-01T09:00:00+00:00
3.0,profile-v3-0333,wellbeing,0.2,0.2,0.0,2026-08-01T09:00:00+00:00
3.0,profile-v3-0333,sustainability,0.2,0.2,0.0,2026-08-01T09:00:00+00:00
3.0,profile-v3-0334,nutrition,0.25,0.25,0.0,2026-08-01T09:00:00+00:00
3.0,profile-v3-0334,mobile-development,0.25,0.25,0.0,2026-08-01T09:00:00+00:00
3.0,profile-v3-0334,engineering,0.25,0.25,0.0,2026-08-01T09:00:00+00:00
3.0,profile-v3-0334,international-community,0.25,0.25,0.0,2026-08-01T09:00:00+00:00
3.0,profile-v3-0335,ui-ux,0.25,0.25,0.0,2026-08-01T09:00:00+00:00
3.0,profile-v3-0335,theatre,0.25,0.25,0.0,2026-08-01T09:00:00+00:00
3.0,profile-v3-0335,engineering,0.25,0.25,0.0,2026-08-01T09:00:00+00:00
3.0,profile-v3-0335,mobile-development,0.25,0.25,0.0,2026-08-01T09:00:00+00:00
3.0,profile-v3-0336,web-development,0.2,0.2,0.0,2026-08-01T09:00:00+00:00
3.0,profile-v3-0336,music,0.2,0.2,0.0,2026-08-01T09:00:00+00:00
3.0,profile-v3-0336,engineering,0.2,0.2,0.0,2026-08-01T09:00:00+00:00
3.0,profile-v3-0336,sports,0.2,0.2,0.0,2026-08-01T09:00:00+00:00
3.0,profile-v3-0336,mobile-development,0.2,0.2,0.0,2026-08-01T09:00:00+00:00
3.0,profile-v3-0337,social-responsibility,0.25,0.25,0.0,2026-08-01T09:00:00+00:00
3.0,profile-v3-0337,graphic-design,0.25,0.25,0.0,2026-08-01T09:00:00+00:00
3.0,profile-v3-0337,mental-health,0.25,0.25,0.0,2026-08-01T09:00:00+00:00
3.0,profile-v3-0337,international-community,0.25,0.25,0.0,2026-08-01T09:00:00+00:00
3.0,profile-v3-0338,health-sciences,0.25,0.25,0.0,2026-08-01T09:00:00+00:00
3.0,profile-v3-0338,photography,0.25,0.25,0.0,2026-08-01T09:00:00+00:00
3.0,profile-v3-0338,languages,0.25,0.25,0.0,2026-08-01T09:00:00+00:00
3.0,profile-v3-0338,graphic-design,0.25,0.25,0.0,2026-08-01T09:00:00+00:00
3.0,profile-v3-0339,culture,0.333333,0.333333,0.0,2026-08-01T09:00:00+00:00
3.0,profile-v3-0339,finance,0.333333,0.333333,0.0,2026-08-01T09:00:00+00:00
3.0,profile-v3-0339,ai,0.333333,0.333333,0.0,2026-08-01T09:00:00+00:00
3.0,profile-v3-0340,game-development,0.25,0.25,0.0,2026-08-01T09:00:00+00:00
3.0,profile-v3-0340,theatre,0.25,0.25,0.0,2026-08-01T09:00:00+00:00
3.0,profile-v3-0340,ui-ux,0.25,0.25,0.0,2026-08-01T09:00:00+00:00
3.0,profile-v3-0340,graphic-design,0.25,0.25,0.0,2026-08-01T09:00:00+00:00
3.0,profile-v3-0341,mobile-development,0.25,0.25,0.0,2026-08-01T09:00:00+00:00
3.0,profile-v3-0341,mental-health,0.25,0.25,0.0,2026-08-01T09:00:00+00:00
3.0,profile-v3-0341,international-community,0.25,0.25,0.0,2026-08-01T09:00:00+00:00
3.0,profile-v3-0341,health-sciences,0.25,0.25,0.0,2026-08-01T09:00:00+00:00
3.0,profile-v3-0342,health-sciences,0.142857,0.142857,0.0,2026-08-01T09:00:00+00:00
3.0,profile-v3-0342,ui-ux,0.142857,0.142857,0.0,2026-08-01T09:00:00+00:00
3.0,profile-v3-0342,international-community,0.142857,0.142857,0.0,2026-08-01T09:00:00+00:00
3.0,profile-v3-0342,wellbeing,0.142857,0.142857,0.0,2026-08-01T09:00:00+00:00
3.0,profile-v3-0342,cybersecurity,0.142857,0.142857,0.0,2026-08-01T09:00:00+00:00
3.0,profile-v3-0342,mental-health,0.142857,0.142857,0.0,2026-08-01T09:00:00+00:00
3.0,profile-v3-0342,travel,0.142857,0.142857,0.0,2026-08-01T09:00:00+00:00
3.0,profile-v3-0343,social-responsibility,0.25,0.25,0.0,2026-08-01T09:00:00+00:00
3.0,profile-v3-0343,web-development,0.25,0.25,0.0,2026-08-01T09:00:00+00:00
3.0,profile-v3-0343,career,0.25,0.25,0.0,2026-08-01T09:00:00+00:00
3.0,profile-v3-0343,graphic-design,0.25,0.25,0.0,2026-08-01T09:00:00+00:00
3.0,profile-v3-0344,volunteering,0.333333,0.333333,0.0,2026-08-01T09:00:00+00:00
3.0,profile-v3-0344,sports,0.333333,0.333333,0.0,2026-08-01T09:00:00+00:00
3.0,profile-v3-0344,mobile-development,0.333333,0.333333,0.0,2026-08-01T09:00:00+00:00
3.0,profile-v3-0345,natural-sciences,0.333333,0.333333,0.0,2026-08-01T09:00:00+00:00
3.0,profile-v3-0345,wellbeing,0.333333,0.333333,0.0,2026-08-01T09:00:00+00:00
3.0,profile-v3-0345,entrepreneurship,0.333333,0.333333,0.0,2026-08-01T09:00:00+00:00
3.0,profile-v3-0346,product,0.25,0.25,0.0,2026-08-01T09:00:00+00:00
3.0,profile-v3-0346,game-development,0.25,0.25,0.0,2026-08-01T09:00:00+00:00
3.0,profile-v3-0346,international-community,0.25,0.25,0.0,2026-08-01T09:00:00+00:00
3.0,profile-v3-0346,theatre,0.25,0.25,0.0,2026-08-01T09:00:00+00:00
3.0,profile-v3-0347,theatre,0.2,0.2,0.0,2026-08-01T09:00:00+00:00
3.0,profile-v3-0347,wellbeing,0.2,0.2,0.0,2026-08-01T09:00:00+00:00
3.0,profile-v3-0347,photography,0.2,0.2,0.0,2026-08-01T09:00:00+00:00
3.0,profile-v3-0347,languages,0.2,0.2,0.0,2026-08-01T09:00:00+00:00
3.0,profile-v3-0347,natural-sciences,0.2,0.2,0.0,2026-08-01T09:00:00+00:00
3.0,profile-v3-0348,social-responsibility,0.333333,0.333333,0.0,2026-08-01T09:00:00+00:00
3.0,profile-v3-0348,international-community,0.333333,0.333333,0.0,2026-08-01T09:00:00+00:00
3.0,profile-v3-0348,music,0.333333,0.333333,0.0,2026-08-01T09:00:00+00:00
3.0,profile-v3-0349,natural-sciences,0.333333,0.333333,0.0,2026-08-01T09:00:00+00:00
3.0,profile-v3-0349,nutrition,0.333333,0.333333,0.0,2026-08-01T09:00:00+00:00
3.0,profile-v3-0349,culture,0.333333,0.333333,0.0,2026-08-01T09:00:00+00:00
3.0,profile-v3-0350,photography,0.166667,0.166667,0.0,2026-08-01T09:00:00+00:00
3.0,profile-v3-0350,engineering,0.166667,0.166667,0.0,2026-08-01T09:00:00+00:00
3.0,profile-v3-0350,ai,0.166667,0.166667,0.0,2026-08-01T09:00:00+00:00
3.0,profile-v3-0350,social-responsibility,0.166667,0.166667,0.0,2026-08-01T09:00:00+00:00
3.0,profile-v3-0350,game-development,0.166667,0.166667,0.0,2026-08-01T09:00:00+00:00
3.0,profile-v3-0350,career,0.166667,0.166667,0.0,2026-08-01T09:00:00+00:00
3.0,profile-v3-0351,travel,0.166667,0.166667,0.0,2026-08-01T09:00:00+00:00
3.0,profile-v3-0351,ai,0.166667,0.166667,0.0,2026-08-01T09:00:00+00:00
3.0,profile-v3-0351,languages,0.166667,0.166667,0.0,2026-08-01T09:00:00+00:00
3.0,profile-v3-0351,finance,0.166667,0.166667,0.0,2026-08-01T09:00:00+00:00
3.0,profile-v3-0351,mobile-development,0.166667,0.166667,0.0,2026-08-01T09:00:00+00:00
3.0,profile-v3-0351,engineering,0.166667,0.166667,0.0,2026-08-01T09:00:00+00:00
3.0,profile-v3-0352,ai,0.166667,0.166667,0.0,2026-08-01T09:00:00+00:00
3.0,profile-v3-0352,theatre,0.166667,0.166667,0.0,2026-08-01T09:00:00+00:00
3.0,profile-v3-0352,health-sciences,0.166667,0.166667,0.0,2026-08-01T09:00:00+00:00
3.0,profile-v3-0352,game-development,0.166667,0.166667,0.0,2026-08-01T09:00:00+00:00
3.0,profile-v3-0352,social-sciences,0.166667,0.166667,0.0,2026-08-01T09:00:00+00:00
3.0,profile-v3-0352,career,0.166667,0.166667,0.0,2026-08-01T09:00:00+00:00
3.0,profile-v3-0353,health-sciences,0.2,0.2,0.0,2026-08-01T09:00:00+00:00
3.0,profile-v3-0353,languages,0.2,0.2,0.0,2026-08-01T09:00:00+00:00
3.0,profile-v3-0353,ai,0.2,0.2,0.0,2026-08-01T09:00:00+00:00
3.0,profile-v3-0353,mental-health,0.2,0.2,0.0,2026-08-01T09:00:00+00:00
3.0,profile-v3-0353,travel,0.2,0.2,0.0,2026-08-01T09:00:00+00:00
3.0,profile-v3-0354,game-development,0.166667,0.166667,0.0,2026-08-01T09:00:00+00:00
3.0,profile-v3-0354,graphic-design,0.166667,0.166667,0.0,2026-08-01T09:00:00+00:00
3.0,profile-v3-0354,nutrition,0.166667,0.166667,0.0,2026-08-01T09:00:00+00:00
3.0,profile-v3-0354,music,0.166667,0.166667,0.0,2026-08-01T09:00:00+00:00
3.0,profile-v3-0354,social-responsibility,0.166667,0.166667,0.0,2026-08-01T09:00:00+00:00
3.0,profile-v3-0354,career,0.166667,0.166667,0.0,2026-08-01T09:00:00+00:00
3.0,profile-v3-0355,data-science,0.25,0.25,0.0,2026-08-01T09:00:00+00:00
3.0,profile-v3-0355,ai,0.25,0.25,0.0,2026-08-01T09:00:00+00:00
3.0,profile-v3-0355,cybersecurity,0.25,0.25,0.0,2026-08-01T09:00:00+00:00
3.0,profile-v3-0355,finance,0.25,0.25,0.0,2026-08-01T09:00:00+00:00
3.0,profile-v3-0356,entrepreneurship,0.142857,0.142857,0.0,2026-08-01T09:00:00+00:00
3.0,profile-v3-0356,social-responsibility,0.142857,0.142857,0.0,2026-08-01T09:00:00+00:00
3.0,profile-v3-0356,volunteering,0.142857,0.142857,0.0,2026-08-01T09:00:00+00:00
3.0,profile-v3-0356,engineering,0.142857,0.142857,0.0,2026-08-01T09:00:00+00:00
3.0,profile-v3-0356,ai,0.142857,0.142857,0.0,2026-08-01T09:00:00+00:00
3.0,profile-v3-0356,photography,0.142857,0.142857,0.0,2026-08-01T09:00:00+00:00
3.0,profile-v3-0356,sports,0.142857,0.142857,0.0,2026-08-01T09:00:00+00:00
3.0,profile-v3-0357,music,0.142857,0.142857,0.0,2026-08-01T09:00:00+00:00
3.0,profile-v3-0357,international-community,0.142857,0.142857,0.0,2026-08-01T09:00:00+00:00
3.0,profile-v3-0357,mental-health,0.142857,0.142857,0.0,2026-08-01T09:00:00+00:00
3.0,profile-v3-0357,career,0.142857,0.142857,0.0,2026-08-01T09:00:00+00:00
3.0,profile-v3-0357,volunteering,0.142857,0.142857,0.0,2026-08-01T09:00:00+00:00
3.0,profile-v3-0357,photography,0.142857,0.142857,0.0,2026-08-01T09:00:00+00:00
3.0,profile-v3-0357,cybersecurity,0.142857,0.142857,0.0,2026-08-01T09:00:00+00:00
3.0,profile-v3-0358,international-community,0.333333,0.333333,0.0,2026-08-01T09:00:00+00:00
3.0,profile-v3-0358,mobile-development,0.333333,0.333333,0.0,2026-08-01T09:00:00+00:00
3.0,profile-v3-0358,nutrition,0.333333,0.333333,0.0,2026-08-01T09:00:00+00:00
3.0,profile-v3-0359,game-development,0.25,0.25,0.0,2026-08-01T09:00:00+00:00
3.0,profile-v3-0359,natural-sciences,0.25,0.25,0.0,2026-08-01T09:00:00+00:00
3.0,profile-v3-0359,music,0.25,0.25,0.0,2026-08-01T09:00:00+00:00
3.0,profile-v3-0359,finance,0.25,0.25,0.0,2026-08-01T09:00:00+00:00
3.0,profile-v3-0360,finance,0.25,0.25,0.0,2026-08-01T09:00:00+00:00
3.0,profile-v3-0360,international-community,0.25,0.25,0.0,2026-08-01T09:00:00+00:00
3.0,profile-v3-0360,theatre,0.25,0.25,0.0,2026-08-01T09:00:00+00:00
3.0,profile-v3-0360,mobile-development,0.25,0.25,0.0,2026-08-01T09:00:00+00:00
3.0,profile-v3-0361,health-sciences,0.125,0.125,0.0,2026-08-01T09:00:00+00:00
3.0,profile-v3-0361,natural-sciences,0.125,0.125,0.0,2026-08-01T09:00:00+00:00
3.0,profile-v3-0361,career,0.125,0.125,0.0,2026-08-01T09:00:00+00:00
3.0,profile-v3-0361,mental-health,0.125,0.125,0.0,2026-08-01T09:00:00+00:00
3.0,profile-v3-0361,nutrition,0.125,0.125,0.0,2026-08-01T09:00:00+00:00
3.0,profile-v3-0361,international-community,0.125,0.125,0.0,2026-08-01T09:00:00+00:00
3.0,profile-v3-0361,game-development,0.125,0.125,0.0,2026-08-01T09:00:00+00:00
3.0,profile-v3-0361,web-development,0.125,0.125,0.0,2026-08-01T09:00:00+00:00
3.0,profile-v3-0362,game-development,0.2,0.2,0.0,2026-08-01T09:00:00+00:00
3.0,profile-v3-0362,ai,0.2,0.2,0.0,2026-08-01T09:00:00+00:00
3.0,profile-v3-0362,finance,0.2,0.2,0.0,2026-08-01T09:00:00+00:00
3.0,profile-v3-0362,cybersecurity,0.2,0.2,0.0,2026-08-01T09:00:00+00:00
3.0,profile-v3-0362,wellbeing,0.2,0.2,0.0,2026-08-01T09:00:00+00:00
3.0,profile-v3-0363,ai,0.25,0.25,0.0,2026-08-01T09:00:00+00:00
3.0,profile-v3-0363,engineering,0.25,0.25,0.0,2026-08-01T09:00:00+00:00
3.0,profile-v3-0363,culture,0.25,0.25,0.0,2026-08-01T09:00:00+00:00
3.0,profile-v3-0363,mental-health,0.25,0.25,0.0,2026-08-01T09:00:00+00:00
3.0,profile-v3-0364,languages,0.2,0.2,0.0,2026-08-01T09:00:00+00:00
3.0,profile-v3-0364,music,0.2,0.2,0.0,2026-08-01T09:00:00+00:00
3.0,profile-v3-0364,finance,0.2,0.2,0.0,2026-08-01T09:00:00+00:00
3.0,profile-v3-0364,natural-sciences,0.2,0.2,0.0,2026-08-01T09:00:00+00:00
3.0,profile-v3-0364,travel,0.2,0.2,0.0,2026-08-01T09:00:00+00:00
3.0,profile-v3-0365,sports,0.125,0.125,0.0,2026-08-01T09:00:00+00:00
3.0,profile-v3-0365,engineering,0.125,0.125,0.0,2026-08-01T09:00:00+00:00
3.0,profile-v3-0365,mental-health,0.125,0.125,0.0,2026-08-01T09:00:00+00:00
3.0,profile-v3-0365,social-responsibility,0.125,0.125,0.0,2026-08-01T09:00:00+00:00
3.0,profile-v3-0365,ai,0.125,0.125,0.0,2026-08-01T09:00:00+00:00
3.0,profile-v3-0365,web-development,0.125,0.125,0.0,2026-08-01T09:00:00+00:00
3.0,profile-v3-0365,data-science,0.125,0.125,0.0,2026-08-01T09:00:00+00:00
3.0,profile-v3-0365,mobile-development,0.125,0.125,0.0,2026-08-01T09:00:00+00:00
3.0,profile-v3-0366,sports,0.25,0.25,0.0,2026-08-01T09:00:00+00:00
3.0,profile-v3-0366,ai,0.25,0.25,0.0,2026-08-01T09:00:00+00:00
3.0,profile-v3-0366,music,0.25,0.25,0.0,2026-08-01T09:00:00+00:00
3.0,profile-v3-0366,social-sciences,0.25,0.25,0.0,2026-08-01T09:00:00+00:00
3.0,profile-v3-0367,social-sciences,0.166667,0.166667,0.0,2026-08-01T09:00:00+00:00
3.0,profile-v3-0367,sustainability,0.166667,0.166667,0.0,2026-08-01T09:00:00+00:00
3.0,profile-v3-0367,theatre,0.166667,0.166667,0.0,2026-08-01T09:00:00+00:00
3.0,profile-v3-0367,ai,0.166667,0.166667,0.0,2026-08-01T09:00:00+00:00
3.0,profile-v3-0367,international-community,0.166667,0.166667,0.0,2026-08-01T09:00:00+00:00
3.0,profile-v3-0367,wellbeing,0.166667,0.166667,0.0,2026-08-01T09:00:00+00:00
3.0,profile-v3-0368,wellbeing,0.2,0.2,0.0,2026-08-01T09:00:00+00:00
3.0,profile-v3-0368,natural-sciences,0.2,0.2,0.0,2026-08-01T09:00:00+00:00
3.0,profile-v3-0368,music,0.2,0.2,0.0,2026-08-01T09:00:00+00:00
3.0,profile-v3-0368,entrepreneurship,0.2,0.2,0.0,2026-08-01T09:00:00+00:00
3.0,profile-v3-0368,product,0.2,0.2,0.0,2026-08-01T09:00:00+00:00
3.0,profile-v3-0369,natural-sciences,0.166667,0.166667,0.0,2026-08-01T09:00:00+00:00
3.0,profile-v3-0369,engineering,0.166667,0.166667,0.0,2026-08-01T09:00:00+00:00
3.0,profile-v3-0369,nutrition,0.166667,0.166667,0.0,2026-08-01T09:00:00+00:00
3.0,profile-v3-0369,mobile-development,0.166667,0.166667,0.0,2026-08-01T09:00:00+00:00
3.0,profile-v3-0369,sports,0.166667,0.166667,0.0,2026-08-01T09:00:00+00:00
3.0,profile-v3-0369,sustainability,0.166667,0.166667,0.0,2026-08-01T09:00:00+00:00
3.0,profile-v3-0370,volunteering,0.333333,0.333333,0.0,2026-08-01T09:00:00+00:00
3.0,profile-v3-0370,ai,0.333333,0.333333,0.0,2026-08-01T09:00:00+00:00
3.0,profile-v3-0370,social-responsibility,0.333333,0.333333,0.0,2026-08-01T09:00:00+00:00
3.0,profile-v3-0371,culture,0.125,0.125,0.0,2026-08-01T09:00:00+00:00
3.0,profile-v3-0371,international-community,0.125,0.125,0.0,2026-08-01T09:00:00+00:00
3.0,profile-v3-0371,social-sciences,0.125,0.125,0.0,2026-08-01T09:00:00+00:00
3.0,profile-v3-0371,finance,0.125,0.125,0.0,2026-08-01T09:00:00+00:00
3.0,profile-v3-0371,music,0.125,0.125,0.0,2026-08-01T09:00:00+00:00
3.0,profile-v3-0371,health-sciences,0.125,0.125,0.0,2026-08-01T09:00:00+00:00
3.0,profile-v3-0371,sustainability,0.125,0.125,0.0,2026-08-01T09:00:00+00:00
3.0,profile-v3-0371,languages,0.125,0.125,0.0,2026-08-01T09:00:00+00:00
3.0,profile-v3-0372,volunteering,0.333333,0.333333,0.0,2026-08-01T09:00:00+00:00
3.0,profile-v3-0372,web-development,0.333333,0.333333,0.0,2026-08-01T09:00:00+00:00
3.0,profile-v3-0372,product,0.333333,0.333333,0.0,2026-08-01T09:00:00+00:00
3.0,profile-v3-0373,nutrition,0.166667,0.166667,0.0,2026-08-01T09:00:00+00:00
3.0,profile-v3-0373,mental-health,0.166667,0.166667,0.0,2026-08-01T09:00:00+00:00
3.0,profile-v3-0373,theatre,0.166667,0.166667,0.0,2026-08-01T09:00:00+00:00
3.0,profile-v3-0373,international-community,0.166667,0.166667,0.0,2026-08-01T09:00:00+00:00
3.0,profile-v3-0373,engineering,0.166667,0.166667,0.0,2026-08-01T09:00:00+00:00
3.0,profile-v3-0373,music,0.166667,0.166667,0.0,2026-08-01T09:00:00+00:00
3.0,profile-v3-0374,social-sciences,0.125,0.125,0.0,2026-08-01T09:00:00+00:00
3.0,profile-v3-0374,health-sciences,0.125,0.125,0.0,2026-08-01T09:00:00+00:00
3.0,profile-v3-0374,ui-ux,0.125,0.125,0.0,2026-08-01T09:00:00+00:00
3.0,profile-v3-0374,photography,0.125,0.125,0.0,2026-08-01T09:00:00+00:00
3.0,profile-v3-0374,wellbeing,0.125,0.125,0.0,2026-08-01T09:00:00+00:00
3.0,profile-v3-0374,ai,0.125,0.125,0.0,2026-08-01T09:00:00+00:00
3.0,profile-v3-0374,entrepreneurship,0.125,0.125,0.0,2026-08-01T09:00:00+00:00
3.0,profile-v3-0374,music,0.125,0.125,0.0,2026-08-01T09:00:00+00:00
3.0,profile-v3-0375,music,0.333333,0.333333,0.0,2026-08-01T09:00:00+00:00
3.0,profile-v3-0375,entrepreneurship,0.333333,0.333333,0.0,2026-08-01T09:00:00+00:00
3.0,profile-v3-0375,cybersecurity,0.333333,0.333333,0.0,2026-08-01T09:00:00+00:00
3.0,profile-v3-0376,data-science,0.25,0.25,0.0,2026-08-01T09:00:00+00:00
3.0,profile-v3-0376,ui-ux,0.25,0.25,0.0,2026-08-01T09:00:00+00:00
3.0,profile-v3-0376,ai,0.25,0.25,0.0,2026-08-01T09:00:00+00:00
3.0,profile-v3-0376,photography,0.25,0.25,0.0,2026-08-01T09:00:00+00:00
3.0,profile-v3-0377,entrepreneurship,0.125,0.125,0.0,2026-08-01T09:00:00+00:00
3.0,profile-v3-0377,cybersecurity,0.125,0.125,0.0,2026-08-01T09:00:00+00:00
3.0,profile-v3-0377,mobile-development,0.125,0.125,0.0,2026-08-01T09:00:00+00:00
3.0,profile-v3-0377,photography,0.125,0.125,0.0,2026-08-01T09:00:00+00:00
3.0,profile-v3-0377,engineering,0.125,0.125,0.0,2026-08-01T09:00:00+00:00
3.0,profile-v3-0377,natural-sciences,0.125,0.125,0.0,2026-08-01T09:00:00+00:00
3.0,profile-v3-0377,sports,0.125,0.125,0.0,2026-08-01T09:00:00+00:00
3.0,profile-v3-0377,graphic-design,0.125,0.125,0.0,2026-08-01T09:00:00+00:00
3.0,profile-v3-0378,natural-sciences,0.25,0.25,0.0,2026-08-01T09:00:00+00:00
3.0,profile-v3-0378,languages,0.25,0.25,0.0,2026-08-01T09:00:00+00:00
3.0,profile-v3-0378,photography,0.25,0.25,0.0,2026-08-01T09:00:00+00:00
3.0,profile-v3-0378,graphic-design,0.25,0.25,0.0,2026-08-01T09:00:00+00:00
3.0,profile-v3-0379,culture,0.2,0.2,0.0,2026-08-01T09:00:00+00:00
3.0,profile-v3-0379,social-responsibility,0.2,0.2,0.0,2026-08-01T09:00:00+00:00
3.0,profile-v3-0379,graphic-design,0.2,0.2,0.0,2026-08-01T09:00:00+00:00
3.0,profile-v3-0379,mobile-development,0.2,0.2,0.0,2026-08-01T09:00:00+00:00
3.0,profile-v3-0379,nutrition,0.2,0.2,0.0,2026-08-01T09:00:00+00:00
3.0,profile-v3-0380,engineering,0.25,0.25,0.0,2026-08-01T09:00:00+00:00
3.0,profile-v3-0380,languages,0.25,0.25,0.0,2026-08-01T09:00:00+00:00
3.0,profile-v3-0380,travel,0.25,0.25,0.0,2026-08-01T09:00:00+00:00
3.0,profile-v3-0380,social-sciences,0.25,0.25,0.0,2026-08-01T09:00:00+00:00
3.0,profile-v3-0381,volunteering,0.166667,0.166667,0.0,2026-08-01T09:00:00+00:00
3.0,profile-v3-0381,social-sciences,0.166667,0.166667,0.0,2026-08-01T09:00:00+00:00
3.0,profile-v3-0381,career,0.166667,0.166667,0.0,2026-08-01T09:00:00+00:00
3.0,profile-v3-0381,ai,0.166667,0.166667,0.0,2026-08-01T09:00:00+00:00
3.0,profile-v3-0381,game-development,0.166667,0.166667,0.0,2026-08-01T09:00:00+00:00
3.0,profile-v3-0381,web-development,0.166667,0.166667,0.0,2026-08-01T09:00:00+00:00
3.0,profile-v3-0382,graphic-design,0.125,0.125,0.0,2026-08-01T09:00:00+00:00
3.0,profile-v3-0382,career,0.125,0.125,0.0,2026-08-01T09:00:00+00:00
3.0,profile-v3-0382,music,0.125,0.125,0.0,2026-08-01T09:00:00+00:00
3.0,profile-v3-0382,photography,0.125,0.125,0.0,2026-08-01T09:00:00+00:00
3.0,profile-v3-0382,nutrition,0.125,0.125,0.0,2026-08-01T09:00:00+00:00
3.0,profile-v3-0382,social-responsibility,0.125,0.125,0.0,2026-08-01T09:00:00+00:00
3.0,profile-v3-0382,finance,0.125,0.125,0.0,2026-08-01T09:00:00+00:00
3.0,profile-v3-0382,culture,0.125,0.125,0.0,2026-08-01T09:00:00+00:00
3.0,profile-v3-0383,product,0.166667,0.166667,0.0,2026-08-01T09:00:00+00:00
3.0,profile-v3-0383,career,0.166667,0.166667,0.0,2026-08-01T09:00:00+00:00
3.0,profile-v3-0383,ui-ux,0.166667,0.166667,0.0,2026-08-01T09:00:00+00:00
3.0,profile-v3-0383,theatre,0.166667,0.166667,0.0,2026-08-01T09:00:00+00:00
3.0,profile-v3-0383,finance,0.166667,0.166667,0.0,2026-08-01T09:00:00+00:00
3.0,profile-v3-0383,wellbeing,0.166667,0.166667,0.0,2026-08-01T09:00:00+00:00
3.0,profile-v3-0384,volunteering,0.125,0.125,0.0,2026-08-01T09:00:00+00:00
3.0,profile-v3-0384,photography,0.125,0.125,0.0,2026-08-01T09:00:00+00:00
3.0,profile-v3-0384,sports,0.125,0.125,0.0,2026-08-01T09:00:00+00:00
3.0,profile-v3-0384,finance,0.125,0.125,0.0,2026-08-01T09:00:00+00:00
3.0,profile-v3-0384,natural-sciences,0.125,0.125,0.0,2026-08-01T09:00:00+00:00
3.0,profile-v3-0384,sustainability,0.125,0.125,0.0,2026-08-01T09:00:00+00:00
3.0,profile-v3-0384,culture,0.125,0.125,0.0,2026-08-01T09:00:00+00:00
3.0,profile-v3-0384,cybersecurity,0.125,0.125,0.0,2026-08-01T09:00:00+00:00
3.0,profile-v3-0385,sports,0.2,0.2,0.0,2026-08-01T09:00:00+00:00
3.0,profile-v3-0385,web-development,0.2,0.2,0.0,2026-08-01T09:00:00+00:00
3.0,profile-v3-0385,wellbeing,0.2,0.2,0.0,2026-08-01T09:00:00+00:00
3.0,profile-v3-0385,finance,0.2,0.2,0.0,2026-08-01T09:00:00+00:00
3.0,profile-v3-0385,ui-ux,0.2,0.2,0.0,2026-08-01T09:00:00+00:00
3.0,profile-v3-0386,product,0.142857,0.142857,0.0,2026-08-01T09:00:00+00:00
3.0,profile-v3-0386,sustainability,0.142857,0.142857,0.0,2026-08-01T09:00:00+00:00
3.0,profile-v3-0386,volunteering,0.142857,0.142857,0.0,2026-08-01T09:00:00+00:00
3.0,profile-v3-0386,ui-ux,0.142857,0.142857,0.0,2026-08-01T09:00:00+00:00
3.0,profile-v3-0386,languages,0.142857,0.142857,0.0,2026-08-01T09:00:00+00:00
3.0,profile-v3-0386,music,0.142857,0.142857,0.0,2026-08-01T09:00:00+00:00
3.0,profile-v3-0386,game-development,0.142857,0.142857,0.0,2026-08-01T09:00:00+00:00
3.0,profile-v3-0387,international-community,0.25,0.25,0.0,2026-08-01T09:00:00+00:00
3.0,profile-v3-0387,graphic-design,0.25,0.25,0.0,2026-08-01T09:00:00+00:00
3.0,profile-v3-0387,photography,0.25,0.25,0.0,2026-08-01T09:00:00+00:00
3.0,profile-v3-0387,wellbeing,0.25,0.25,0.0,2026-08-01T09:00:00+00:00
3.0,profile-v3-0388,volunteering,0.125,0.125,0.0,2026-08-01T09:00:00+00:00
3.0,profile-v3-0388,engineering,0.125,0.125,0.0,2026-08-01T09:00:00+00:00
3.0,profile-v3-0388,international-community,0.125,0.125,0.0,2026-08-01T09:00:00+00:00
3.0,profile-v3-0388,graphic-design,0.125,0.125,0.0,2026-08-01T09:00:00+00:00
3.0,profile-v3-0388,mobile-development,0.125,0.125,0.0,2026-08-01T09:00:00+00:00
3.0,profile-v3-0388,music,0.125,0.125,0.0,2026-08-01T09:00:00+00:00
3.0,profile-v3-0388,data-science,0.125,0.125,0.0,2026-08-01T09:00:00+00:00
3.0,profile-v3-0388,sports,0.125,0.125,0.0,2026-08-01T09:00:00+00:00
3.0,profile-v3-0389,music,0.166667,0.166667,0.0,2026-08-01T09:00:00+00:00
3.0,profile-v3-0389,finance,0.166667,0.166667,0.0,2026-08-01T09:00:00+00:00
3.0,profile-v3-0389,health-sciences,0.166667,0.166667,0.0,2026-08-01T09:00:00+00:00
3.0,profile-v3-0389,sustainability,0.166667,0.166667,0.0,2026-08-01T09:00:00+00:00
3.0,profile-v3-0389,ai,0.166667,0.166667,0.0,2026-08-01T09:00:00+00:00
3.0,profile-v3-0389,natural-sciences,0.166667,0.166667,0.0,2026-08-01T09:00:00+00:00
3.0,profile-v3-0390,music,0.25,0.25,0.0,2026-08-01T09:00:00+00:00
3.0,profile-v3-0390,product,0.25,0.25,0.0,2026-08-01T09:00:00+00:00
3.0,profile-v3-0390,international-community,0.25,0.25,0.0,2026-08-01T09:00:00+00:00
3.0,profile-v3-0390,sports,0.25,0.25,0.0,2026-08-01T09:00:00+00:00
3.0,profile-v3-0391,sustainability,0.166667,0.166667,0.0,2026-08-01T09:00:00+00:00
3.0,profile-v3-0391,wellbeing,0.166667,0.166667,0.0,2026-08-01T09:00:00+00:00
3.0,profile-v3-0391,music,0.166667,0.166667,0.0,2026-08-01T09:00:00+00:00
3.0,profile-v3-0391,engineering,0.166667,0.166667,0.0,2026-08-01T09:00:00+00:00
3.0,profile-v3-0391,photography,0.166667,0.166667,0.0,2026-08-01T09:00:00+00:00
3.0,profile-v3-0391,game-development,0.166667,0.166667,0.0,2026-08-01T09:00:00+00:00
3.0,profile-v3-0392,career,0.166667,0.166667,0.0,2026-08-01T09:00:00+00:00
3.0,profile-v3-0392,languages,0.166667,0.166667,0.0,2026-08-01T09:00:00+00:00
3.0,profile-v3-0392,natural-sciences,0.166667,0.166667,0.0,2026-08-01T09:00:00+00:00
3.0,profile-v3-0392,entrepreneurship,0.166667,0.166667,0.0,2026-08-01T09:00:00+00:00
3.0,profile-v3-0392,theatre,0.166667,0.166667,0.0,2026-08-01T09:00:00+00:00
3.0,profile-v3-0392,ai,0.166667,0.166667,0.0,2026-08-01T09:00:00+00:00
3.0,profile-v3-0393,mobile-development,0.125,0.125,0.0,2026-08-01T09:00:00+00:00
3.0,profile-v3-0393,international-community,0.125,0.125,0.0,2026-08-01T09:00:00+00:00
3.0,profile-v3-0393,nutrition,0.125,0.125,0.0,2026-08-01T09:00:00+00:00
3.0,profile-v3-0393,theatre,0.125,0.125,0.0,2026-08-01T09:00:00+00:00
3.0,profile-v3-0393,mental-health,0.125,0.125,0.0,2026-08-01T09:00:00+00:00
3.0,profile-v3-0393,culture,0.125,0.125,0.0,2026-08-01T09:00:00+00:00
3.0,profile-v3-0393,finance,0.125,0.125,0.0,2026-08-01T09:00:00+00:00
3.0,profile-v3-0393,social-sciences,0.125,0.125,0.0,2026-08-01T09:00:00+00:00
3.0,profile-v3-0394,nutrition,0.125,0.125,0.0,2026-08-01T09:00:00+00:00
3.0,profile-v3-0394,social-sciences,0.125,0.125,0.0,2026-08-01T09:00:00+00:00
3.0,profile-v3-0394,travel,0.125,0.125,0.0,2026-08-01T09:00:00+00:00
3.0,profile-v3-0394,sports,0.125,0.125,0.0,2026-08-01T09:00:00+00:00
3.0,profile-v3-0394,health-sciences,0.125,0.125,0.0,2026-08-01T09:00:00+00:00
3.0,profile-v3-0394,entrepreneurship,0.125,0.125,0.0,2026-08-01T09:00:00+00:00
3.0,profile-v3-0394,mental-health,0.125,0.125,0.0,2026-08-01T09:00:00+00:00
3.0,profile-v3-0394,finance,0.125,0.125,0.0,2026-08-01T09:00:00+00:00
3.0,profile-v3-0395,ui-ux,0.142857,0.142857,0.0,2026-08-01T09:00:00+00:00
3.0,profile-v3-0395,wellbeing,0.142857,0.142857,0.0,2026-08-01T09:00:00+00:00
3.0,profile-v3-0395,photography,0.142857,0.142857,0.0,2026-08-01T09:00:00+00:00
3.0,profile-v3-0395,graphic-design,0.142857,0.142857,0.0,2026-08-01T09:00:00+00:00
3.0,profile-v3-0395,product,0.142857,0.142857,0.0,2026-08-01T09:00:00+00:00
3.0,profile-v3-0395,sports,0.142857,0.142857,0.0,2026-08-01T09:00:00+00:00
3.0,profile-v3-0395,languages,0.142857,0.142857,0.0,2026-08-01T09:00:00+00:00
3.0,profile-v3-0396,culture,0.166667,0.166667,0.0,2026-08-01T09:00:00+00:00
3.0,profile-v3-0396,mobile-development,0.166667,0.166667,0.0,2026-08-01T09:00:00+00:00
3.0,profile-v3-0396,music,0.166667,0.166667,0.0,2026-08-01T09:00:00+00:00
3.0,profile-v3-0396,international-community,0.166667,0.166667,0.0,2026-08-01T09:00:00+00:00
3.0,profile-v3-0396,product,0.166667,0.166667,0.0,2026-08-01T09:00:00+00:00
3.0,profile-v3-0396,entrepreneurship,0.166667,0.166667,0.0,2026-08-01T09:00:00+00:00
3.0,profile-v3-0397,finance,0.125,0.125,0.0,2026-08-01T09:00:00+00:00
3.0,profile-v3-0397,ai,0.125,0.125,0.0,2026-08-01T09:00:00+00:00
3.0,profile-v3-0397,sports,0.125,0.125,0.0,2026-08-01T09:00:00+00:00
3.0,profile-v3-0397,career,0.125,0.125,0.0,2026-08-01T09:00:00+00:00
3.0,profile-v3-0397,ui-ux,0.125,0.125,0.0,2026-08-01T09:00:00+00:00
3.0,profile-v3-0397,culture,0.125,0.125,0.0,2026-08-01T09:00:00+00:00
3.0,profile-v3-0397,photography,0.125,0.125,0.0,2026-08-01T09:00:00+00:00
3.0,profile-v3-0397,travel,0.125,0.125,0.0,2026-08-01T09:00:00+00:00
3.0,profile-v3-0398,game-development,0.142857,0.142857,0.0,2026-08-01T09:00:00+00:00
3.0,profile-v3-0398,ai,0.142857,0.142857,0.0,2026-08-01T09:00:00+00:00
3.0,profile-v3-0398,health-sciences,0.142857,0.142857,0.0,2026-08-01T09:00:00+00:00
3.0,profile-v3-0398,finance,0.142857,0.142857,0.0,2026-08-01T09:00:00+00:00
3.0,profile-v3-0398,international-community,0.142857,0.142857,0.0,2026-08-01T09:00:00+00:00
3.0,profile-v3-0398,data-science,0.142857,0.142857,0.0,2026-08-01T09:00:00+00:00
3.0,profile-v3-0398,career,0.142857,0.142857,0.0,2026-08-01T09:00:00+00:00
3.0,profile-v3-0399,ai,0.25,0.25,0.0,2026-08-01T09:00:00+00:00
3.0,profile-v3-0399,languages,0.25,0.25,0.0,2026-08-01T09:00:00+00:00
3.0,profile-v3-0399,product,0.25,0.25,0.0,2026-08-01T09:00:00+00:00
3.0,profile-v3-0399,health-sciences,0.25,0.25,0.0,2026-08-01T09:00:00+00:00
3.0,profile-v3-0400,sustainability,0.333333,0.333333,0.0,2026-08-01T09:00:00+00:00
3.0,profile-v3-0400,entrepreneurship,0.333333,0.333333,0.0,2026-08-01T09:00:00+00:00
3.0,profile-v3-0400,data-science,0.333333,0.333333,0.0,2026-08-01T09:00:00+00:00
3.0,profile-v3-0401,mental-health,0.333333,0.333333,0.0,2026-08-01T09:00:00+00:00
3.0,profile-v3-0401,sports,0.333333,0.333333,0.0,2026-08-01T09:00:00+00:00
3.0,profile-v3-0401,finance,0.333333,0.333333,0.0,2026-08-01T09:00:00+00:00
3.0,profile-v3-0402,ai,0.2,0.2,0.0,2026-08-01T09:00:00+00:00
3.0,profile-v3-0402,entrepreneurship,0.2,0.2,0.0,2026-08-01T09:00:00+00:00
3.0,profile-v3-0402,culture,0.2,0.2,0.0,2026-08-01T09:00:00+00:00
3.0,profile-v3-0402,volunteering,0.2,0.2,0.0,2026-08-01T09:00:00+00:00
3.0,profile-v3-0402,international-community,0.2,0.2,0.0,2026-08-01T09:00:00+00:00
3.0,profile-v3-0403,ui-ux,0.142857,0.142857,0.0,2026-08-01T09:00:00+00:00
3.0,profile-v3-0403,theatre,0.142857,0.142857,0.0,2026-08-01T09:00:00+00:00
3.0,profile-v3-0403,cybersecurity,0.142857,0.142857,0.0,2026-08-01T09:00:00+00:00
3.0,profile-v3-0403,mental-health,0.142857,0.142857,0.0,2026-08-01T09:00:00+00:00
3.0,profile-v3-0403,health-sciences,0.142857,0.142857,0.0,2026-08-01T09:00:00+00:00
3.0,profile-v3-0403,sports,0.142857,0.142857,0.0,2026-08-01T09:00:00+00:00
3.0,profile-v3-0403,natural-sciences,0.142857,0.142857,0.0,2026-08-01T09:00:00+00:00
3.0,profile-v3-0404,sustainability,0.142857,0.142857,0.0,2026-08-01T09:00:00+00:00
3.0,profile-v3-0404,wellbeing,0.142857,0.142857,0.0,2026-08-01T09:00:00+00:00
3.0,profile-v3-0404,photography,0.142857,0.142857,0.0,2026-08-01T09:00:00+00:00
3.0,profile-v3-0404,international-community,0.142857,0.142857,0.0,2026-08-01T09:00:00+00:00
3.0,profile-v3-0404,travel,0.142857,0.142857,0.0,2026-08-01T09:00:00+00:00
3.0,profile-v3-0404,graphic-design,0.142857,0.142857,0.0,2026-08-01T09:00:00+00:00
3.0,profile-v3-0404,data-science,0.142857,0.142857,0.0,2026-08-01T09:00:00+00:00
3.0,profile-v3-0405,ui-ux,0.142857,0.142857,0.0,2026-08-01T09:00:00+00:00
3.0,profile-v3-0405,natural-sciences,0.142857,0.142857,0.0,2026-08-01T09:00:00+00:00
3.0,profile-v3-0405,social-responsibility,0.142857,0.142857,0.0,2026-08-01T09:00:00+00:00
3.0,profile-v3-0405,engineering,0.142857,0.142857,0.0,2026-08-01T09:00:00+00:00
3.0,profile-v3-0405,career,0.142857,0.142857,0.0,2026-08-01T09:00:00+00:00
3.0,profile-v3-0405,nutrition,0.142857,0.142857,0.0,2026-08-01T09:00:00+00:00
3.0,profile-v3-0405,data-science,0.142857,0.142857,0.0,2026-08-01T09:00:00+00:00
3.0,profile-v3-0406,nutrition,0.333333,0.333333,0.0,2026-08-01T09:00:00+00:00
3.0,profile-v3-0406,mobile-development,0.333333,0.333333,0.0,2026-08-01T09:00:00+00:00
3.0,profile-v3-0406,web-development,0.333333,0.333333,0.0,2026-08-01T09:00:00+00:00
3.0,profile-v3-0407,ui-ux,0.2,0.2,0.0,2026-08-01T09:00:00+00:00
3.0,profile-v3-0407,photography,0.2,0.2,0.0,2026-08-01T09:00:00+00:00
3.0,profile-v3-0407,theatre,0.2,0.2,0.0,2026-08-01T09:00:00+00:00
3.0,profile-v3-0407,music,0.2,0.2,0.0,2026-08-01T09:00:00+00:00
3.0,profile-v3-0407,sports,0.2,0.2,0.0,2026-08-01T09:00:00+00:00
3.0,profile-v3-0408,wellbeing,0.2,0.2,0.0,2026-08-01T09:00:00+00:00
3.0,profile-v3-0408,social-sciences,0.2,0.2,0.0,2026-08-01T09:00:00+00:00
3.0,profile-v3-0408,game-development,0.2,0.2,0.0,2026-08-01T09:00:00+00:00
3.0,profile-v3-0408,volunteering,0.2,0.2,0.0,2026-08-01T09:00:00+00:00
3.0,profile-v3-0408,theatre,0.2,0.2,0.0,2026-08-01T09:00:00+00:00
3.0,profile-v3-0409,cybersecurity,0.2,0.2,0.0,2026-08-01T09:00:00+00:00
3.0,profile-v3-0409,volunteering,0.2,0.2,0.0,2026-08-01T09:00:00+00:00
3.0,profile-v3-0409,sustainability,0.2,0.2,0.0,2026-08-01T09:00:00+00:00
3.0,profile-v3-0409,ai,0.2,0.2,0.0,2026-08-01T09:00:00+00:00
3.0,profile-v3-0409,mental-health,0.2,0.2,0.0,2026-08-01T09:00:00+00:00
3.0,profile-v3-0410,ui-ux,0.25,0.25,0.0,2026-08-01T09:00:00+00:00
3.0,profile-v3-0410,social-sciences,0.25,0.25,0.0,2026-08-01T09:00:00+00:00
3.0,profile-v3-0410,finance,0.25,0.25,0.0,2026-08-01T09:00:00+00:00
3.0,profile-v3-0410,culture,0.25,0.25,0.0,2026-08-01T09:00:00+00:00
3.0,profile-v3-0411,photography,0.2,0.2,0.0,2026-08-01T09:00:00+00:00
3.0,profile-v3-0411,social-sciences,0.2,0.2,0.0,2026-08-01T09:00:00+00:00
3.0,profile-v3-0411,game-development,0.2,0.2,0.0,2026-08-01T09:00:00+00:00
3.0,profile-v3-0411,natural-sciences,0.2,0.2,0.0,2026-08-01T09:00:00+00:00
3.0,profile-v3-0411,theatre,0.2,0.2,0.0,2026-08-01T09:00:00+00:00
3.0,profile-v3-0412,web-development,0.142857,0.142857,0.0,2026-08-01T09:00:00+00:00
3.0,profile-v3-0412,sustainability,0.142857,0.142857,0.0,2026-08-01T09:00:00+00:00
3.0,profile-v3-0412,mental-health,0.142857,0.142857,0.0,2026-08-01T09:00:00+00:00
3.0,profile-v3-0412,game-development,0.142857,0.142857,0.0,2026-08-01T09:00:00+00:00
3.0,profile-v3-0412,product,0.142857,0.142857,0.0,2026-08-01T09:00:00+00:00
3.0,profile-v3-0412,nutrition,0.142857,0.142857,0.0,2026-08-01T09:00:00+00:00
3.0,profile-v3-0412,mobile-development,0.142857,0.142857,0.0,2026-08-01T09:00:00+00:00
3.0,profile-v3-0413,career,0.333333,0.333333,0.0,2026-08-01T09:00:00+00:00
3.0,profile-v3-0413,volunteering,0.333333,0.333333,0.0,2026-08-01T09:00:00+00:00
3.0,profile-v3-0413,health-sciences,0.333333,0.333333,0.0,2026-08-01T09:00:00+00:00
3.0,profile-v3-0414,ai,0.25,0.25,0.0,2026-08-01T09:00:00+00:00
3.0,profile-v3-0414,languages,0.25,0.25,0.0,2026-08-01T09:00:00+00:00
3.0,profile-v3-0414,culture,0.25,0.25,0.0,2026-08-01T09:00:00+00:00
3.0,profile-v3-0414,graphic-design,0.25,0.25,0.0,2026-08-01T09:00:00+00:00
3.0,profile-v3-0415,social-sciences,0.333333,0.333333,0.0,2026-08-01T09:00:00+00:00
3.0,profile-v3-0415,natural-sciences,0.333333,0.333333,0.0,2026-08-01T09:00:00+00:00
3.0,profile-v3-0415,wellbeing,0.333333,0.333333,0.0,2026-08-01T09:00:00+00:00
3.0,profile-v3-0416,theatre,0.333333,0.333333,0.0,2026-08-01T09:00:00+00:00
3.0,profile-v3-0416,languages,0.333333,0.333333,0.0,2026-08-01T09:00:00+00:00
3.0,profile-v3-0416,mental-health,0.333333,0.333333,0.0,2026-08-01T09:00:00+00:00
3.0,profile-v3-0417,photography,0.125,0.125,0.0,2026-08-01T09:00:00+00:00
3.0,profile-v3-0417,nutrition,0.125,0.125,0.0,2026-08-01T09:00:00+00:00
3.0,profile-v3-0417,sports,0.125,0.125,0.0,2026-08-01T09:00:00+00:00
3.0,profile-v3-0417,health-sciences,0.125,0.125,0.0,2026-08-01T09:00:00+00:00
3.0,profile-v3-0417,engineering,0.125,0.125,0.0,2026-08-01T09:00:00+00:00
3.0,profile-v3-0417,game-development,0.125,0.125,0.0,2026-08-01T09:00:00+00:00
3.0,profile-v3-0417,social-responsibility,0.125,0.125,0.0,2026-08-01T09:00:00+00:00
3.0,profile-v3-0417,ui-ux,0.125,0.125,0.0,2026-08-01T09:00:00+00:00
3.0,profile-v3-0418,data-science,0.125,0.125,0.0,2026-08-01T09:00:00+00:00
3.0,profile-v3-0418,finance,0.125,0.125,0.0,2026-08-01T09:00:00+00:00
3.0,profile-v3-0418,mental-health,0.125,0.125,0.0,2026-08-01T09:00:00+00:00
3.0,profile-v3-0418,sports,0.125,0.125,0.0,2026-08-01T09:00:00+00:00
3.0,profile-v3-0418,health-sciences,0.125,0.125,0.0,2026-08-01T09:00:00+00:00
3.0,profile-v3-0418,sustainability,0.125,0.125,0.0,2026-08-01T09:00:00+00:00
3.0,profile-v3-0418,theatre,0.125,0.125,0.0,2026-08-01T09:00:00+00:00
3.0,profile-v3-0418,web-development,0.125,0.125,0.0,2026-08-01T09:00:00+00:00
3.0,profile-v3-0419,languages,0.25,0.25,0.0,2026-08-01T09:00:00+00:00
3.0,profile-v3-0419,travel,0.25,0.25,0.0,2026-08-01T09:00:00+00:00
3.0,profile-v3-0419,product,0.25,0.25,0.0,2026-08-01T09:00:00+00:00
3.0,profile-v3-0419,mental-health,0.25,0.25,0.0,2026-08-01T09:00:00+00:00
3.0,profile-v3-0420,finance,0.333333,0.333333,0.0,2026-08-01T09:00:00+00:00
3.0,profile-v3-0420,travel,0.333333,0.333333,0.0,2026-08-01T09:00:00+00:00
3.0,profile-v3-0420,volunteering,0.333333,0.333333,0.0,2026-08-01T09:00:00+00:00
3.0,profile-v3-0421,data-science,0.166667,0.166667,0.0,2026-08-01T09:00:00+00:00
3.0,profile-v3-0421,mental-health,0.166667,0.166667,0.0,2026-08-01T09:00:00+00:00
3.0,profile-v3-0421,career,0.166667,0.166667,0.0,2026-08-01T09:00:00+00:00
3.0,profile-v3-0421,social-responsibility,0.166667,0.166667,0.0,2026-08-01T09:00:00+00:00
3.0,profile-v3-0421,culture,0.166667,0.166667,0.0,2026-08-01T09:00:00+00:00
3.0,profile-v3-0421,wellbeing,0.166667,0.166667,0.0,2026-08-01T09:00:00+00:00
3.0,profile-v3-0422,volunteering,0.142857,0.142857,0.0,2026-08-01T09:00:00+00:00
3.0,profile-v3-0422,nutrition,0.142857,0.142857,0.0,2026-08-01T09:00:00+00:00
3.0,profile-v3-0422,game-development,0.142857,0.142857,0.0,2026-08-01T09:00:00+00:00
3.0,profile-v3-0422,sports,0.142857,0.142857,0.0,2026-08-01T09:00:00+00:00
3.0,profile-v3-0422,mental-health,0.142857,0.142857,0.0,2026-08-01T09:00:00+00:00
3.0,profile-v3-0422,theatre,0.142857,0.142857,0.0,2026-08-01T09:00:00+00:00
3.0,profile-v3-0422,engineering,0.142857,0.142857,0.0,2026-08-01T09:00:00+00:00
3.0,profile-v3-0423,health-sciences,0.166667,0.166667,0.0,2026-08-01T09:00:00+00:00
3.0,profile-v3-0423,culture,0.166667,0.166667,0.0,2026-08-01T09:00:00+00:00
3.0,profile-v3-0423,ai,0.166667,0.166667,0.0,2026-08-01T09:00:00+00:00
3.0,profile-v3-0423,mobile-development,0.166667,0.166667,0.0,2026-08-01T09:00:00+00:00
3.0,profile-v3-0423,social-sciences,0.166667,0.166667,0.0,2026-08-01T09:00:00+00:00
3.0,profile-v3-0423,languages,0.166667,0.166667,0.0,2026-08-01T09:00:00+00:00
3.0,profile-v3-0424,nutrition,0.166667,0.166667,0.0,2026-08-01T09:00:00+00:00
3.0,profile-v3-0424,culture,0.166667,0.166667,0.0,2026-08-01T09:00:00+00:00
3.0,profile-v3-0424,social-responsibility,0.166667,0.166667,0.0,2026-08-01T09:00:00+00:00
3.0,profile-v3-0424,theatre,0.166667,0.166667,0.0,2026-08-01T09:00:00+00:00
3.0,profile-v3-0424,data-science,0.166667,0.166667,0.0,2026-08-01T09:00:00+00:00
3.0,profile-v3-0424,international-community,0.166667,0.166667,0.0,2026-08-01T09:00:00+00:00
3.0,profile-v3-0425,entrepreneurship,0.333333,0.333333,0.0,2026-08-01T09:00:00+00:00
3.0,profile-v3-0425,data-science,0.333333,0.333333,0.0,2026-08-01T09:00:00+00:00
3.0,profile-v3-0425,volunteering,0.333333,0.333333,0.0,2026-08-01T09:00:00+00:00
3.0,profile-v3-0426,travel,0.142857,0.142857,0.0,2026-08-01T09:00:00+00:00
3.0,profile-v3-0426,mental-health,0.142857,0.142857,0.0,2026-08-01T09:00:00+00:00
3.0,profile-v3-0426,web-development,0.142857,0.142857,0.0,2026-08-01T09:00:00+00:00
3.0,profile-v3-0426,social-responsibility,0.142857,0.142857,0.0,2026-08-01T09:00:00+00:00
3.0,profile-v3-0426,international-community,0.142857,0.142857,0.0,2026-08-01T09:00:00+00:00
3.0,profile-v3-0426,culture,0.142857,0.142857,0.0,2026-08-01T09:00:00+00:00
3.0,profile-v3-0426,mobile-development,0.142857,0.142857,0.0,2026-08-01T09:00:00+00:00
3.0,profile-v3-0427,mental-health,0.125,0.125,0.0,2026-08-01T09:00:00+00:00
3.0,profile-v3-0427,international-community,0.125,0.125,0.0,2026-08-01T09:00:00+00:00
3.0,profile-v3-0427,sports,0.125,0.125,0.0,2026-08-01T09:00:00+00:00
3.0,profile-v3-0427,sustainability,0.125,0.125,0.0,2026-08-01T09:00:00+00:00
3.0,profile-v3-0427,wellbeing,0.125,0.125,0.0,2026-08-01T09:00:00+00:00
3.0,profile-v3-0427,music,0.125,0.125,0.0,2026-08-01T09:00:00+00:00
3.0,profile-v3-0427,nutrition,0.125,0.125,0.0,2026-08-01T09:00:00+00:00
3.0,profile-v3-0427,web-development,0.125,0.125,0.0,2026-08-01T09:00:00+00:00
3.0,profile-v3-0428,natural-sciences,0.25,0.25,0.0,2026-08-01T09:00:00+00:00
3.0,profile-v3-0428,wellbeing,0.25,0.25,0.0,2026-08-01T09:00:00+00:00
3.0,profile-v3-0428,volunteering,0.25,0.25,0.0,2026-08-01T09:00:00+00:00
3.0,profile-v3-0428,engineering,0.25,0.25,0.0,2026-08-01T09:00:00+00:00
3.0,profile-v3-0429,finance,0.166667,0.166667,0.0,2026-08-01T09:00:00+00:00
3.0,profile-v3-0429,cybersecurity,0.166667,0.166667,0.0,2026-08-01T09:00:00+00:00
3.0,profile-v3-0429,photography,0.166667,0.166667,0.0,2026-08-01T09:00:00+00:00
3.0,profile-v3-0429,health-sciences,0.166667,0.166667,0.0,2026-08-01T09:00:00+00:00
3.0,profile-v3-0429,product,0.166667,0.166667,0.0,2026-08-01T09:00:00+00:00
3.0,profile-v3-0429,mobile-development,0.166667,0.166667,0.0,2026-08-01T09:00:00+00:00
3.0,profile-v3-0430,languages,0.142857,0.142857,0.0,2026-08-01T09:00:00+00:00
3.0,profile-v3-0430,nutrition,0.142857,0.142857,0.0,2026-08-01T09:00:00+00:00
3.0,profile-v3-0430,entrepreneurship,0.142857,0.142857,0.0,2026-08-01T09:00:00+00:00
3.0,profile-v3-0430,social-sciences,0.142857,0.142857,0.0,2026-08-01T09:00:00+00:00
3.0,profile-v3-0430,finance,0.142857,0.142857,0.0,2026-08-01T09:00:00+00:00
3.0,profile-v3-0430,web-development,0.142857,0.142857,0.0,2026-08-01T09:00:00+00:00
3.0,profile-v3-0430,cybersecurity,0.142857,0.142857,0.0,2026-08-01T09:00:00+00:00
3.0,profile-v3-0431,languages,0.166667,0.166667,0.0,2026-08-01T09:00:00+00:00
3.0,profile-v3-0431,ui-ux,0.166667,0.166667,0.0,2026-08-01T09:00:00+00:00
3.0,profile-v3-0431,career,0.166667,0.166667,0.0,2026-08-01T09:00:00+00:00
3.0,profile-v3-0431,finance,0.166667,0.166667,0.0,2026-08-01T09:00:00+00:00
3.0,profile-v3-0431,game-development,0.166667,0.166667,0.0,2026-08-01T09:00:00+00:00
3.0,profile-v3-0431,culture,0.166667,0.166667,0.0,2026-08-01T09:00:00+00:00
3.0,profile-v3-0432,cybersecurity,0.166667,0.166667,0.0,2026-08-01T09:00:00+00:00
3.0,profile-v3-0432,social-responsibility,0.166667,0.166667,0.0,2026-08-01T09:00:00+00:00
3.0,profile-v3-0432,game-development,0.166667,0.166667,0.0,2026-08-01T09:00:00+00:00
3.0,profile-v3-0432,career,0.166667,0.166667,0.0,2026-08-01T09:00:00+00:00
3.0,profile-v3-0432,nutrition,0.166667,0.166667,0.0,2026-08-01T09:00:00+00:00
3.0,profile-v3-0432,theatre,0.166667,0.166667,0.0,2026-08-01T09:00:00+00:00
3.0,profile-v3-0433,graphic-design,0.142857,0.142857,0.0,2026-08-01T09:00:00+00:00
3.0,profile-v3-0433,career,0.142857,0.142857,0.0,2026-08-01T09:00:00+00:00
3.0,profile-v3-0433,wellbeing,0.142857,0.142857,0.0,2026-08-01T09:00:00+00:00
3.0,profile-v3-0433,travel,0.142857,0.142857,0.0,2026-08-01T09:00:00+00:00
3.0,profile-v3-0433,social-sciences,0.142857,0.142857,0.0,2026-08-01T09:00:00+00:00
3.0,profile-v3-0433,volunteering,0.142857,0.142857,0.0,2026-08-01T09:00:00+00:00
3.0,profile-v3-0433,social-responsibility,0.142857,0.142857,0.0,2026-08-01T09:00:00+00:00
3.0,profile-v3-0434,international-community,0.333333,0.333333,0.0,2026-08-01T09:00:00+00:00
3.0,profile-v3-0434,cybersecurity,0.333333,0.333333,0.0,2026-08-01T09:00:00+00:00
3.0,profile-v3-0434,finance,0.333333,0.333333,0.0,2026-08-01T09:00:00+00:00
3.0,profile-v3-0435,natural-sciences,0.333333,0.333333,0.0,2026-08-01T09:00:00+00:00
3.0,profile-v3-0435,international-community,0.333333,0.333333,0.0,2026-08-01T09:00:00+00:00
3.0,profile-v3-0435,social-sciences,0.333333,0.333333,0.0,2026-08-01T09:00:00+00:00
3.0,profile-v3-0436,natural-sciences,0.2,0.2,0.0,2026-08-01T09:00:00+00:00
3.0,profile-v3-0436,languages,0.2,0.2,0.0,2026-08-01T09:00:00+00:00
3.0,profile-v3-0436,health-sciences,0.2,0.2,0.0,2026-08-01T09:00:00+00:00
3.0,profile-v3-0436,social-sciences,0.2,0.2,0.0,2026-08-01T09:00:00+00:00
3.0,profile-v3-0436,nutrition,0.2,0.2,0.0,2026-08-01T09:00:00+00:00
3.0,profile-v3-0437,sports,0.2,0.2,0.0,2026-08-01T09:00:00+00:00
3.0,profile-v3-0437,sustainability,0.2,0.2,0.0,2026-08-01T09:00:00+00:00
3.0,profile-v3-0437,health-sciences,0.2,0.2,0.0,2026-08-01T09:00:00+00:00
3.0,profile-v3-0437,game-development,0.2,0.2,0.0,2026-08-01T09:00:00+00:00
3.0,profile-v3-0437,data-science,0.2,0.2,0.0,2026-08-01T09:00:00+00:00
3.0,profile-v3-0438,music,0.2,0.2,0.0,2026-08-01T09:00:00+00:00
3.0,profile-v3-0438,nutrition,0.2,0.2,0.0,2026-08-01T09:00:00+00:00
3.0,profile-v3-0438,engineering,0.2,0.2,0.0,2026-08-01T09:00:00+00:00
3.0,profile-v3-0438,product,0.2,0.2,0.0,2026-08-01T09:00:00+00:00
3.0,profile-v3-0438,cybersecurity,0.2,0.2,0.0,2026-08-01T09:00:00+00:00
3.0,profile-v3-0439,theatre,0.125,0.125,0.0,2026-08-01T09:00:00+00:00
3.0,profile-v3-0439,sustainability,0.125,0.125,0.0,2026-08-01T09:00:00+00:00
3.0,profile-v3-0439,health-sciences,0.125,0.125,0.0,2026-08-01T09:00:00+00:00
3.0,profile-v3-0439,ui-ux,0.125,0.125,0.0,2026-08-01T09:00:00+00:00
3.0,profile-v3-0439,ai,0.125,0.125,0.0,2026-08-01T09:00:00+00:00
3.0,profile-v3-0439,mental-health,0.125,0.125,0.0,2026-08-01T09:00:00+00:00
3.0,profile-v3-0439,languages,0.125,0.125,0.0,2026-08-01T09:00:00+00:00
3.0,profile-v3-0439,sports,0.125,0.125,0.0,2026-08-01T09:00:00+00:00
3.0,profile-v3-0440,culture,0.166667,0.166667,0.0,2026-08-01T09:00:00+00:00
3.0,profile-v3-0440,ui-ux,0.166667,0.166667,0.0,2026-08-01T09:00:00+00:00
3.0,profile-v3-0440,product,0.166667,0.166667,0.0,2026-08-01T09:00:00+00:00
3.0,profile-v3-0440,photography,0.166667,0.166667,0.0,2026-08-01T09:00:00+00:00
3.0,profile-v3-0440,finance,0.166667,0.166667,0.0,2026-08-01T09:00:00+00:00
3.0,profile-v3-0440,social-sciences,0.166667,0.166667,0.0,2026-08-01T09:00:00+00:00
3.0,profile-v3-0441,languages,0.166667,0.166667,0.0,2026-08-01T09:00:00+00:00
3.0,profile-v3-0441,social-responsibility,0.166667,0.166667,0.0,2026-08-01T09:00:00+00:00
3.0,profile-v3-0441,natural-sciences,0.166667,0.166667,0.0,2026-08-01T09:00:00+00:00
3.0,profile-v3-0441,social-sciences,0.166667,0.166667,0.0,2026-08-01T09:00:00+00:00
3.0,profile-v3-0441,entrepreneurship,0.166667,0.166667,0.0,2026-08-01T09:00:00+00:00
3.0,profile-v3-0441,mobile-development,0.166667,0.166667,0.0,2026-08-01T09:00:00+00:00
3.0,profile-v3-0442,engineering,0.2,0.2,0.0,2026-08-01T09:00:00+00:00
3.0,profile-v3-0442,wellbeing,0.2,0.2,0.0,2026-08-01T09:00:00+00:00
3.0,profile-v3-0442,sports,0.2,0.2,0.0,2026-08-01T09:00:00+00:00
3.0,profile-v3-0442,mental-health,0.2,0.2,0.0,2026-08-01T09:00:00+00:00
3.0,profile-v3-0442,ui-ux,0.2,0.2,0.0,2026-08-01T09:00:00+00:00
3.0,profile-v3-0443,nutrition,0.2,0.2,0.0,2026-08-01T09:00:00+00:00
3.0,profile-v3-0443,career,0.2,0.2,0.0,2026-08-01T09:00:00+00:00
3.0,profile-v3-0443,travel,0.2,0.2,0.0,2026-08-01T09:00:00+00:00
3.0,profile-v3-0443,languages,0.2,0.2,0.0,2026-08-01T09:00:00+00:00
3.0,profile-v3-0443,web-development,0.2,0.2,0.0,2026-08-01T09:00:00+00:00
3.0,profile-v3-0444,wellbeing,0.142857,0.142857,0.0,2026-08-01T09:00:00+00:00
3.0,profile-v3-0444,graphic-design,0.142857,0.142857,0.0,2026-08-01T09:00:00+00:00
3.0,profile-v3-0444,volunteering,0.142857,0.142857,0.0,2026-08-01T09:00:00+00:00
3.0,profile-v3-0444,entrepreneurship,0.142857,0.142857,0.0,2026-08-01T09:00:00+00:00
3.0,profile-v3-0444,web-development,0.142857,0.142857,0.0,2026-08-01T09:00:00+00:00
3.0,profile-v3-0444,finance,0.142857,0.142857,0.0,2026-08-01T09:00:00+00:00
3.0,profile-v3-0444,social-sciences,0.142857,0.142857,0.0,2026-08-01T09:00:00+00:00
3.0,profile-v3-0445,international-community,0.166667,0.166667,0.0,2026-08-01T09:00:00+00:00
3.0,profile-v3-0445,photography,0.166667,0.166667,0.0,2026-08-01T09:00:00+00:00
3.0,profile-v3-0445,graphic-design,0.166667,0.166667,0.0,2026-08-01T09:00:00+00:00
3.0,profile-v3-0445,mobile-development,0.166667,0.166667,0.0,2026-08-01T09:00:00+00:00
3.0,profile-v3-0445,data-science,0.166667,0.166667,0.0,2026-08-01T09:00:00+00:00
3.0,profile-v3-0445,career,0.166667,0.166667,0.0,2026-08-01T09:00:00+00:00
3.0,profile-v3-0446,music,0.25,0.25,0.0,2026-08-01T09:00:00+00:00
3.0,profile-v3-0446,natural-sciences,0.25,0.25,0.0,2026-08-01T09:00:00+00:00
3.0,profile-v3-0446,finance,0.25,0.25,0.0,2026-08-01T09:00:00+00:00
3.0,profile-v3-0446,product,0.25,0.25,0.0,2026-08-01T09:00:00+00:00
3.0,profile-v3-0447,engineering,0.2,0.2,0.0,2026-08-01T09:00:00+00:00
3.0,profile-v3-0447,culture,0.2,0.2,0.0,2026-08-01T09:00:00+00:00
3.0,profile-v3-0447,graphic-design,0.2,0.2,0.0,2026-08-01T09:00:00+00:00
3.0,profile-v3-0447,web-development,0.2,0.2,0.0,2026-08-01T09:00:00+00:00
3.0,profile-v3-0447,natural-sciences,0.2,0.2,0.0,2026-08-01T09:00:00+00:00
3.0,profile-v3-0448,engineering,0.333333,0.333333,0.0,2026-08-01T09:00:00+00:00
3.0,profile-v3-0448,mobile-development,0.333333,0.333333,0.0,2026-08-01T09:00:00+00:00
3.0,profile-v3-0448,natural-sciences,0.333333,0.333333,0.0,2026-08-01T09:00:00+00:00
3.0,profile-v3-0449,international-community,0.25,0.25,0.0,2026-08-01T09:00:00+00:00
3.0,profile-v3-0449,nutrition,0.25,0.25,0.0,2026-08-01T09:00:00+00:00
3.0,profile-v3-0449,photography,0.25,0.25,0.0,2026-08-01T09:00:00+00:00
3.0,profile-v3-0449,music,0.25,0.25,0.0,2026-08-01T09:00:00+00:00
3.0,profile-v3-0450,wellbeing,0.2,0.2,0.0,2026-08-01T09:00:00+00:00
3.0,profile-v3-0450,ai,0.2,0.2,0.0,2026-08-01T09:00:00+00:00
3.0,profile-v3-0450,languages,0.2,0.2,0.0,2026-08-01T09:00:00+00:00
3.0,profile-v3-0450,sports,0.2,0.2,0.0,2026-08-01T09:00:00+00:00
3.0,profile-v3-0450,music,0.2,0.2,0.0,2026-08-01T09:00:00+00:00
3.0,profile-v3-0451,music,0.25,0.25,0.0,2026-08-01T09:00:00+00:00
3.0,profile-v3-0451,health-sciences,0.25,0.25,0.0,2026-08-01T09:00:00+00:00
3.0,profile-v3-0451,finance,0.25,0.25,0.0,2026-08-01T09:00:00+00:00
3.0,profile-v3-0451,travel,0.25,0.25,0.0,2026-08-01T09:00:00+00:00
3.0,profile-v3-0452,volunteering,0.333333,0.333333,0.0,2026-08-01T09:00:00+00:00
3.0,profile-v3-0452,wellbeing,0.333333,0.333333,0.0,2026-08-01T09:00:00+00:00
3.0,profile-v3-0452,social-sciences,0.333333,0.333333,0.0,2026-08-01T09:00:00+00:00
3.0,profile-v3-0453,health-sciences,0.166667,0.166667,0.0,2026-08-01T09:00:00+00:00
3.0,profile-v3-0453,cybersecurity,0.166667,0.166667,0.0,2026-08-01T09:00:00+00:00
3.0,profile-v3-0453,graphic-design,0.166667,0.166667,0.0,2026-08-01T09:00:00+00:00
3.0,profile-v3-0453,social-responsibility,0.166667,0.166667,0.0,2026-08-01T09:00:00+00:00
3.0,profile-v3-0453,ai,0.166667,0.166667,0.0,2026-08-01T09:00:00+00:00
3.0,profile-v3-0453,game-development,0.166667,0.166667,0.0,2026-08-01T09:00:00+00:00
3.0,profile-v3-0454,travel,0.142857,0.142857,0.0,2026-08-01T09:00:00+00:00
3.0,profile-v3-0454,product,0.142857,0.142857,0.0,2026-08-01T09:00:00+00:00
3.0,profile-v3-0454,graphic-design,0.142857,0.142857,0.0,2026-08-01T09:00:00+00:00
3.0,profile-v3-0454,game-development,0.142857,0.142857,0.0,2026-08-01T09:00:00+00:00
3.0,profile-v3-0454,social-sciences,0.142857,0.142857,0.0,2026-08-01T09:00:00+00:00
3.0,profile-v3-0454,sustainability,0.142857,0.142857,0.0,2026-08-01T09:00:00+00:00
3.0,profile-v3-0454,cybersecurity,0.142857,0.142857,0.0,2026-08-01T09:00:00+00:00
3.0,profile-v3-0455,ui-ux,0.166667,0.166667,0.0,2026-08-01T09:00:00+00:00
3.0,profile-v3-0455,cybersecurity,0.166667,0.166667,0.0,2026-08-01T09:00:00+00:00
3.0,profile-v3-0455,ai,0.166667,0.166667,0.0,2026-08-01T09:00:00+00:00
3.0,profile-v3-0455,graphic-design,0.166667,0.166667,0.0,2026-08-01T09:00:00+00:00
3.0,profile-v3-0455,nutrition,0.166667,0.166667,0.0,2026-08-01T09:00:00+00:00
3.0,profile-v3-0455,natural-sciences,0.166667,0.166667,0.0,2026-08-01T09:00:00+00:00
3.0,profile-v3-0456,ai,0.333333,0.333333,0.0,2026-08-01T09:00:00+00:00
3.0,profile-v3-0456,sports,0.333333,0.333333,0.0,2026-08-01T09:00:00+00:00
3.0,profile-v3-0456,wellbeing,0.333333,0.333333,0.0,2026-08-01T09:00:00+00:00
3.0,profile-v3-0457,health-sciences,0.142857,0.142857,0.0,2026-08-01T09:00:00+00:00
3.0,profile-v3-0457,game-development,0.142857,0.142857,0.0,2026-08-01T09:00:00+00:00
3.0,profile-v3-0457,wellbeing,0.142857,0.142857,0.0,2026-08-01T09:00:00+00:00
3.0,profile-v3-0457,nutrition,0.142857,0.142857,0.0,2026-08-01T09:00:00+00:00
3.0,profile-v3-0457,sports,0.142857,0.142857,0.0,2026-08-01T09:00:00+00:00
3.0,profile-v3-0457,social-sciences,0.142857,0.142857,0.0,2026-08-01T09:00:00+00:00
3.0,profile-v3-0457,natural-sciences,0.142857,0.142857,0.0,2026-08-01T09:00:00+00:00
3.0,profile-v3-0458,international-community,0.333333,0.333333,0.0,2026-08-01T09:00:00+00:00
3.0,profile-v3-0458,finance,0.333333,0.333333,0.0,2026-08-01T09:00:00+00:00
3.0,profile-v3-0458,mental-health,0.333333,0.333333,0.0,2026-08-01T09:00:00+00:00
3.0,profile-v3-0459,languages,0.25,0.25,0.0,2026-08-01T09:00:00+00:00
3.0,profile-v3-0459,graphic-design,0.25,0.25,0.0,2026-08-01T09:00:00+00:00
3.0,profile-v3-0459,ui-ux,0.25,0.25,0.0,2026-08-01T09:00:00+00:00
3.0,profile-v3-0459,health-sciences,0.25,0.25,0.0,2026-08-01T09:00:00+00:00
3.0,profile-v3-0460,theatre,0.142857,0.142857,0.0,2026-08-01T09:00:00+00:00
3.0,profile-v3-0460,game-development,0.142857,0.142857,0.0,2026-08-01T09:00:00+00:00
3.0,profile-v3-0460,graphic-design,0.142857,0.142857,0.0,2026-08-01T09:00:00+00:00
3.0,profile-v3-0460,languages,0.142857,0.142857,0.0,2026-08-01T09:00:00+00:00
3.0,profile-v3-0460,finance,0.142857,0.142857,0.0,2026-08-01T09:00:00+00:00
3.0,profile-v3-0460,photography,0.142857,0.142857,0.0,2026-08-01T09:00:00+00:00
3.0,profile-v3-0460,music,0.142857,0.142857,0.0,2026-08-01T09:00:00+00:00
3.0,profile-v3-0461,career,0.166667,0.166667,0.0,2026-08-01T09:00:00+00:00
3.0,profile-v3-0461,product,0.166667,0.166667,0.0,2026-08-01T09:00:00+00:00
3.0,profile-v3-0461,finance,0.166667,0.166667,0.0,2026-08-01T09:00:00+00:00
3.0,profile-v3-0461,game-development,0.166667,0.166667,0.0,2026-08-01T09:00:00+00:00
3.0,profile-v3-0461,social-sciences,0.166667,0.166667,0.0,2026-08-01T09:00:00+00:00
3.0,profile-v3-0461,music,0.166667,0.166667,0.0,2026-08-01T09:00:00+00:00
3.0,profile-v3-0462,wellbeing,0.142857,0.142857,0.0,2026-08-01T09:00:00+00:00
3.0,profile-v3-0462,theatre,0.142857,0.142857,0.0,2026-08-01T09:00:00+00:00
3.0,profile-v3-0462,entrepreneurship,0.142857,0.142857,0.0,2026-08-01T09:00:00+00:00
3.0,profile-v3-0462,ai,0.142857,0.142857,0.0,2026-08-01T09:00:00+00:00
3.0,profile-v3-0462,volunteering,0.142857,0.142857,0.0,2026-08-01T09:00:00+00:00
3.0,profile-v3-0462,natural-sciences,0.142857,0.142857,0.0,2026-08-01T09:00:00+00:00
3.0,profile-v3-0462,photography,0.142857,0.142857,0.0,2026-08-01T09:00:00+00:00
3.0,profile-v3-0463,travel,0.142857,0.142857,0.0,2026-08-01T09:00:00+00:00
3.0,profile-v3-0463,music,0.142857,0.142857,0.0,2026-08-01T09:00:00+00:00
3.0,profile-v3-0463,finance,0.142857,0.142857,0.0,2026-08-01T09:00:00+00:00
3.0,profile-v3-0463,natural-sciences,0.142857,0.142857,0.0,2026-08-01T09:00:00+00:00
3.0,profile-v3-0463,culture,0.142857,0.142857,0.0,2026-08-01T09:00:00+00:00
3.0,profile-v3-0463,volunteering,0.142857,0.142857,0.0,2026-08-01T09:00:00+00:00
3.0,profile-v3-0463,data-science,0.142857,0.142857,0.0,2026-08-01T09:00:00+00:00
3.0,profile-v3-0464,nutrition,0.166667,0.166667,0.0,2026-08-01T09:00:00+00:00
3.0,profile-v3-0464,product,0.166667,0.166667,0.0,2026-08-01T09:00:00+00:00
3.0,profile-v3-0464,cybersecurity,0.166667,0.166667,0.0,2026-08-01T09:00:00+00:00
3.0,profile-v3-0464,mental-health,0.166667,0.166667,0.0,2026-08-01T09:00:00+00:00
3.0,profile-v3-0464,ui-ux,0.166667,0.166667,0.0,2026-08-01T09:00:00+00:00
3.0,profile-v3-0464,social-sciences,0.166667,0.166667,0.0,2026-08-01T09:00:00+00:00
3.0,profile-v3-0465,ui-ux,0.333333,0.333333,0.0,2026-08-01T09:00:00+00:00
3.0,profile-v3-0465,wellbeing,0.333333,0.333333,0.0,2026-08-01T09:00:00+00:00
3.0,profile-v3-0465,data-science,0.333333,0.333333,0.0,2026-08-01T09:00:00+00:00
3.0,profile-v3-0466,engineering,0.333333,0.333333,0.0,2026-08-01T09:00:00+00:00
3.0,profile-v3-0466,social-sciences,0.333333,0.333333,0.0,2026-08-01T09:00:00+00:00
3.0,profile-v3-0466,social-responsibility,0.333333,0.333333,0.0,2026-08-01T09:00:00+00:00
3.0,profile-v3-0467,health-sciences,0.142857,0.142857,0.0,2026-08-01T09:00:00+00:00
3.0,profile-v3-0467,sustainability,0.142857,0.142857,0.0,2026-08-01T09:00:00+00:00
3.0,profile-v3-0467,finance,0.142857,0.142857,0.0,2026-08-01T09:00:00+00:00
3.0,profile-v3-0467,data-science,0.142857,0.142857,0.0,2026-08-01T09:00:00+00:00
3.0,profile-v3-0467,theatre,0.142857,0.142857,0.0,2026-08-01T09:00:00+00:00
3.0,profile-v3-0467,photography,0.142857,0.142857,0.0,2026-08-01T09:00:00+00:00
3.0,profile-v3-0467,entrepreneurship,0.142857,0.142857,0.0,2026-08-01T09:00:00+00:00
3.0,profile-v3-0468,social-responsibility,0.125,0.125,0.0,2026-08-01T09:00:00+00:00
3.0,profile-v3-0468,entrepreneurship,0.125,0.125,0.0,2026-08-01T09:00:00+00:00
3.0,profile-v3-0468,cybersecurity,0.125,0.125,0.0,2026-08-01T09:00:00+00:00
3.0,profile-v3-0468,career,0.125,0.125,0.0,2026-08-01T09:00:00+00:00
3.0,profile-v3-0468,wellbeing,0.125,0.125,0.0,2026-08-01T09:00:00+00:00
3.0,profile-v3-0468,game-development,0.125,0.125,0.0,2026-08-01T09:00:00+00:00
3.0,profile-v3-0468,languages,0.125,0.125,0.0,2026-08-01T09:00:00+00:00
3.0,profile-v3-0468,international-community,0.125,0.125,0.0,2026-08-01T09:00:00+00:00
3.0,profile-v3-0469,international-community,0.25,0.25,0.0,2026-08-01T09:00:00+00:00
3.0,profile-v3-0469,finance,0.25,0.25,0.0,2026-08-01T09:00:00+00:00
3.0,profile-v3-0469,ui-ux,0.25,0.25,0.0,2026-08-01T09:00:00+00:00
3.0,profile-v3-0469,game-development,0.25,0.25,0.0,2026-08-01T09:00:00+00:00
3.0,profile-v3-0470,health-sciences,0.2,0.2,0.0,2026-08-01T09:00:00+00:00
3.0,profile-v3-0470,entrepreneurship,0.2,0.2,0.0,2026-08-01T09:00:00+00:00
3.0,profile-v3-0470,wellbeing,0.2,0.2,0.0,2026-08-01T09:00:00+00:00
3.0,profile-v3-0470,theatre,0.2,0.2,0.0,2026-08-01T09:00:00+00:00
3.0,profile-v3-0470,music,0.2,0.2,0.0,2026-08-01T09:00:00+00:00
3.0,profile-v3-0471,volunteering,0.142857,0.142857,0.0,2026-08-01T09:00:00+00:00
3.0,profile-v3-0471,sustainability,0.142857,0.142857,0.0,2026-08-01T09:00:00+00:00
3.0,profile-v3-0471,web-development,0.142857,0.142857,0.0,2026-08-01T09:00:00+00:00
3.0,profile-v3-0471,graphic-design,0.142857,0.142857,0.0,2026-08-01T09:00:00+00:00
3.0,profile-v3-0471,ai,0.142857,0.142857,0.0,2026-08-01T09:00:00+00:00
3.0,profile-v3-0471,game-development,0.142857,0.142857,0.0,2026-08-01T09:00:00+00:00
3.0,profile-v3-0471,finance,0.142857,0.142857,0.0,2026-08-01T09:00:00+00:00
3.0,profile-v3-0472,sports,0.25,0.25,0.0,2026-08-01T09:00:00+00:00
3.0,profile-v3-0472,career,0.25,0.25,0.0,2026-08-01T09:00:00+00:00
3.0,profile-v3-0472,social-responsibility,0.25,0.25,0.0,2026-08-01T09:00:00+00:00
3.0,profile-v3-0472,game-development,0.25,0.25,0.0,2026-08-01T09:00:00+00:00
3.0,profile-v3-0473,finance,0.2,0.2,0.0,2026-08-01T09:00:00+00:00
3.0,profile-v3-0473,wellbeing,0.2,0.2,0.0,2026-08-01T09:00:00+00:00
3.0,profile-v3-0473,natural-sciences,0.2,0.2,0.0,2026-08-01T09:00:00+00:00
3.0,profile-v3-0473,photography,0.2,0.2,0.0,2026-08-01T09:00:00+00:00
3.0,profile-v3-0473,social-sciences,0.2,0.2,0.0,2026-08-01T09:00:00+00:00
3.0,profile-v3-0474,health-sciences,0.25,0.25,0.0,2026-08-01T09:00:00+00:00
3.0,profile-v3-0474,social-sciences,0.25,0.25,0.0,2026-08-01T09:00:00+00:00
3.0,profile-v3-0474,ui-ux,0.25,0.25,0.0,2026-08-01T09:00:00+00:00
3.0,profile-v3-0474,nutrition,0.25,0.25,0.0,2026-08-01T09:00:00+00:00
3.0,profile-v3-0475,nutrition,0.166667,0.166667,0.0,2026-08-01T09:00:00+00:00
3.0,profile-v3-0475,finance,0.166667,0.166667,0.0,2026-08-01T09:00:00+00:00
3.0,profile-v3-0475,social-responsibility,0.166667,0.166667,0.0,2026-08-01T09:00:00+00:00
3.0,profile-v3-0475,graphic-design,0.166667,0.166667,0.0,2026-08-01T09:00:00+00:00
3.0,profile-v3-0475,ui-ux,0.166667,0.166667,0.0,2026-08-01T09:00:00+00:00
3.0,profile-v3-0475,game-development,0.166667,0.166667,0.0,2026-08-01T09:00:00+00:00
3.0,profile-v3-0476,wellbeing,0.25,0.25,0.0,2026-08-01T09:00:00+00:00
3.0,profile-v3-0476,travel,0.25,0.25,0.0,2026-08-01T09:00:00+00:00
3.0,profile-v3-0476,social-sciences,0.25,0.25,0.0,2026-08-01T09:00:00+00:00
3.0,profile-v3-0476,product,0.25,0.25,0.0,2026-08-01T09:00:00+00:00
3.0,profile-v3-0477,nutrition,0.125,0.125,0.0,2026-08-01T09:00:00+00:00
3.0,profile-v3-0477,entrepreneurship,0.125,0.125,0.0,2026-08-01T09:00:00+00:00
3.0,profile-v3-0477,natural-sciences,0.125,0.125,0.0,2026-08-01T09:00:00+00:00
3.0,profile-v3-0477,international-community,0.125,0.125,0.0,2026-08-01T09:00:00+00:00
3.0,profile-v3-0477,travel,0.125,0.125,0.0,2026-08-01T09:00:00+00:00
3.0,profile-v3-0477,photography,0.125,0.125,0.0,2026-08-01T09:00:00+00:00
3.0,profile-v3-0477,languages,0.125,0.125,0.0,2026-08-01T09:00:00+00:00
3.0,profile-v3-0477,sports,0.125,0.125,0.0,2026-08-01T09:00:00+00:00
3.0,profile-v3-0478,web-development,0.333333,0.333333,0.0,2026-08-01T09:00:00+00:00
3.0,profile-v3-0478,finance,0.333333,0.333333,0.0,2026-08-01T09:00:00+00:00
3.0,profile-v3-0478,mobile-development,0.333333,0.333333,0.0,2026-08-01T09:00:00+00:00
3.0,profile-v3-0479,languages,0.142857,0.142857,0.0,2026-08-01T09:00:00+00:00
3.0,profile-v3-0479,music,0.142857,0.142857,0.0,2026-08-01T09:00:00+00:00
3.0,profile-v3-0479,career,0.142857,0.142857,0.0,2026-08-01T09:00:00+00:00
3.0,profile-v3-0479,mental-health,0.142857,0.142857,0.0,2026-08-01T09:00:00+00:00
3.0,profile-v3-0479,game-development,0.142857,0.142857,0.0,2026-08-01T09:00:00+00:00
3.0,profile-v3-0479,social-sciences,0.142857,0.142857,0.0,2026-08-01T09:00:00+00:00
3.0,profile-v3-0479,photography,0.142857,0.142857,0.0,2026-08-01T09:00:00+00:00
3.0,profile-v3-0480,data-science,0.333333,0.333333,0.0,2026-08-01T09:00:00+00:00
3.0,profile-v3-0480,game-development,0.333333,0.333333,0.0,2026-08-01T09:00:00+00:00
3.0,profile-v3-0480,natural-sciences,0.333333,0.333333,0.0,2026-08-01T09:00:00+00:00
3.0,profile-v3-0481,product,0.25,0.25,0.0,2026-08-01T09:00:00+00:00
3.0,profile-v3-0481,nutrition,0.25,0.25,0.0,2026-08-01T09:00:00+00:00
3.0,profile-v3-0481,ui-ux,0.25,0.25,0.0,2026-08-01T09:00:00+00:00
3.0,profile-v3-0481,mental-health,0.25,0.25,0.0,2026-08-01T09:00:00+00:00
3.0,profile-v3-0482,music,0.166667,0.166667,0.0,2026-08-01T09:00:00+00:00
3.0,profile-v3-0482,nutrition,0.166667,0.166667,0.0,2026-08-01T09:00:00+00:00
3.0,profile-v3-0482,travel,0.166667,0.166667,0.0,2026-08-01T09:00:00+00:00
3.0,profile-v3-0482,mental-health,0.166667,0.166667,0.0,2026-08-01T09:00:00+00:00
3.0,profile-v3-0482,engineering,0.166667,0.166667,0.0,2026-08-01T09:00:00+00:00
3.0,profile-v3-0482,international-community,0.166667,0.166667,0.0,2026-08-01T09:00:00+00:00
3.0,profile-v3-0483,sustainability,0.2,0.2,0.0,2026-08-01T09:00:00+00:00
3.0,profile-v3-0483,career,0.2,0.2,0.0,2026-08-01T09:00:00+00:00
3.0,profile-v3-0483,wellbeing,0.2,0.2,0.0,2026-08-01T09:00:00+00:00
3.0,profile-v3-0483,entrepreneurship,0.2,0.2,0.0,2026-08-01T09:00:00+00:00
3.0,profile-v3-0483,music,0.2,0.2,0.0,2026-08-01T09:00:00+00:00
3.0,profile-v3-0484,music,0.125,0.125,0.0,2026-08-01T09:00:00+00:00
3.0,profile-v3-0484,ai,0.125,0.125,0.0,2026-08-01T09:00:00+00:00
3.0,profile-v3-0484,entrepreneurship,0.125,0.125,0.0,2026-08-01T09:00:00+00:00
3.0,profile-v3-0484,culture,0.125,0.125,0.0,2026-08-01T09:00:00+00:00
3.0,profile-v3-0484,data-science,0.125,0.125,0.0,2026-08-01T09:00:00+00:00
3.0,profile-v3-0484,volunteering,0.125,0.125,0.0,2026-08-01T09:00:00+00:00
3.0,profile-v3-0484,nutrition,0.125,0.125,0.0,2026-08-01T09:00:00+00:00
3.0,profile-v3-0484,sustainability,0.125,0.125,0.0,2026-08-01T09:00:00+00:00
3.0,profile-v3-0485,international-community,0.142857,0.142857,0.0,2026-08-01T09:00:00+00:00
3.0,profile-v3-0485,natural-sciences,0.142857,0.142857,0.0,2026-08-01T09:00:00+00:00
3.0,profile-v3-0485,health-sciences,0.142857,0.142857,0.0,2026-08-01T09:00:00+00:00
3.0,profile-v3-0485,ai,0.142857,0.142857,0.0,2026-08-01T09:00:00+00:00
3.0,profile-v3-0485,web-development,0.142857,0.142857,0.0,2026-08-01T09:00:00+00:00
3.0,profile-v3-0485,data-science,0.142857,0.142857,0.0,2026-08-01T09:00:00+00:00
3.0,profile-v3-0485,social-sciences,0.142857,0.142857,0.0,2026-08-01T09:00:00+00:00
3.0,profile-v3-0486,entrepreneurship,0.166667,0.166667,0.0,2026-08-01T09:00:00+00:00
3.0,profile-v3-0486,engineering,0.166667,0.166667,0.0,2026-08-01T09:00:00+00:00
3.0,profile-v3-0486,ui-ux,0.166667,0.166667,0.0,2026-08-01T09:00:00+00:00
3.0,profile-v3-0486,career,0.166667,0.166667,0.0,2026-08-01T09:00:00+00:00
3.0,profile-v3-0486,languages,0.166667,0.166667,0.0,2026-08-01T09:00:00+00:00
3.0,profile-v3-0486,mobile-development,0.166667,0.166667,0.0,2026-08-01T09:00:00+00:00
3.0,profile-v3-0487,ai,0.166667,0.166667,0.0,2026-08-01T09:00:00+00:00
3.0,profile-v3-0487,engineering,0.166667,0.166667,0.0,2026-08-01T09:00:00+00:00
3.0,profile-v3-0487,travel,0.166667,0.166667,0.0,2026-08-01T09:00:00+00:00
3.0,profile-v3-0487,ui-ux,0.166667,0.166667,0.0,2026-08-01T09:00:00+00:00
3.0,profile-v3-0487,culture,0.166667,0.166667,0.0,2026-08-01T09:00:00+00:00
3.0,profile-v3-0487,data-science,0.166667,0.166667,0.0,2026-08-01T09:00:00+00:00
3.0,profile-v3-0488,music,0.142857,0.142857,0.0,2026-08-01T09:00:00+00:00
3.0,profile-v3-0488,graphic-design,0.142857,0.142857,0.0,2026-08-01T09:00:00+00:00
3.0,profile-v3-0488,ui-ux,0.142857,0.142857,0.0,2026-08-01T09:00:00+00:00
3.0,profile-v3-0488,culture,0.142857,0.142857,0.0,2026-08-01T09:00:00+00:00
3.0,profile-v3-0488,ai,0.142857,0.142857,0.0,2026-08-01T09:00:00+00:00
3.0,profile-v3-0488,volunteering,0.142857,0.142857,0.0,2026-08-01T09:00:00+00:00
3.0,profile-v3-0488,social-responsibility,0.142857,0.142857,0.0,2026-08-01T09:00:00+00:00
3.0,profile-v3-0489,mental-health,0.25,0.25,0.0,2026-08-01T09:00:00+00:00
3.0,profile-v3-0489,volunteering,0.25,0.25,0.0,2026-08-01T09:00:00+00:00
3.0,profile-v3-0489,engineering,0.25,0.25,0.0,2026-08-01T09:00:00+00:00
3.0,profile-v3-0489,sustainability,0.25,0.25,0.0,2026-08-01T09:00:00+00:00
3.0,profile-v3-0490,product,0.166667,0.166667,0.0,2026-08-01T09:00:00+00:00
3.0,profile-v3-0490,graphic-design,0.166667,0.166667,0.0,2026-08-01T09:00:00+00:00
3.0,profile-v3-0490,travel,0.166667,0.166667,0.0,2026-08-01T09:00:00+00:00
3.0,profile-v3-0490,social-sciences,0.166667,0.166667,0.0,2026-08-01T09:00:00+00:00
3.0,profile-v3-0490,wellbeing,0.166667,0.166667,0.0,2026-08-01T09:00:00+00:00
3.0,profile-v3-0490,mental-health,0.166667,0.166667,0.0,2026-08-01T09:00:00+00:00
3.0,profile-v3-0491,ui-ux,0.2,0.2,0.0,2026-08-01T09:00:00+00:00
3.0,profile-v3-0491,engineering,0.2,0.2,0.0,2026-08-01T09:00:00+00:00
3.0,profile-v3-0491,web-development,0.2,0.2,0.0,2026-08-01T09:00:00+00:00
3.0,profile-v3-0491,music,0.2,0.2,0.0,2026-08-01T09:00:00+00:00
3.0,profile-v3-0491,social-sciences,0.2,0.2,0.0,2026-08-01T09:00:00+00:00
3.0,profile-v3-0492,game-development,0.2,0.2,0.0,2026-08-01T09:00:00+00:00
3.0,profile-v3-0492,ui-ux,0.2,0.2,0.0,2026-08-01T09:00:00+00:00
3.0,profile-v3-0492,cybersecurity,0.2,0.2,0.0,2026-08-01T09:00:00+00:00
3.0,profile-v3-0492,social-sciences,0.2,0.2,0.0,2026-08-01T09:00:00+00:00
3.0,profile-v3-0492,entrepreneurship,0.2,0.2,0.0,2026-08-01T09:00:00+00:00
3.0,profile-v3-0493,mobile-development,0.166667,0.166667,0.0,2026-08-01T09:00:00+00:00
3.0,profile-v3-0493,travel,0.166667,0.166667,0.0,2026-08-01T09:00:00+00:00
3.0,profile-v3-0493,engineering,0.166667,0.166667,0.0,2026-08-01T09:00:00+00:00
3.0,profile-v3-0493,game-development,0.166667,0.166667,0.0,2026-08-01T09:00:00+00:00
3.0,profile-v3-0493,volunteering,0.166667,0.166667,0.0,2026-08-01T09:00:00+00:00
3.0,profile-v3-0493,languages,0.166667,0.166667,0.0,2026-08-01T09:00:00+00:00
3.0,profile-v3-0494,data-science,0.142857,0.142857,0.0,2026-08-01T09:00:00+00:00
3.0,profile-v3-0494,social-responsibility,0.142857,0.142857,0.0,2026-08-01T09:00:00+00:00
3.0,profile-v3-0494,travel,0.142857,0.142857,0.0,2026-08-01T09:00:00+00:00
3.0,profile-v3-0494,engineering,0.142857,0.142857,0.0,2026-08-01T09:00:00+00:00
3.0,profile-v3-0494,ui-ux,0.142857,0.142857,0.0,2026-08-01T09:00:00+00:00
3.0,profile-v3-0494,cybersecurity,0.142857,0.142857,0.0,2026-08-01T09:00:00+00:00
3.0,profile-v3-0494,photography,0.142857,0.142857,0.0,2026-08-01T09:00:00+00:00
3.0,profile-v3-0495,data-science,0.2,0.2,0.0,2026-08-01T09:00:00+00:00
3.0,profile-v3-0495,social-sciences,0.2,0.2,0.0,2026-08-01T09:00:00+00:00
3.0,profile-v3-0495,languages,0.2,0.2,0.0,2026-08-01T09:00:00+00:00
3.0,profile-v3-0495,natural-sciences,0.2,0.2,0.0,2026-08-01T09:00:00+00:00
3.0,profile-v3-0495,volunteering,0.2,0.2,0.0,2026-08-01T09:00:00+00:00
3.0,profile-v3-0496,mobile-development,0.333333,0.333333,0.0,2026-08-01T09:00:00+00:00
3.0,profile-v3-0496,ui-ux,0.333333,0.333333,0.0,2026-08-01T09:00:00+00:00
3.0,profile-v3-0496,culture,0.333333,0.333333,0.0,2026-08-01T09:00:00+00:00
3.0,profile-v3-0497,product,0.25,0.25,0.0,2026-08-01T09:00:00+00:00
3.0,profile-v3-0497,sustainability,0.25,0.25,0.0,2026-08-01T09:00:00+00:00
3.0,profile-v3-0497,languages,0.25,0.25,0.0,2026-08-01T09:00:00+00:00
3.0,profile-v3-0497,travel,0.25,0.25,0.0,2026-08-01T09:00:00+00:00
3.0,profile-v3-0498,sustainability,0.125,0.125,0.0,2026-08-01T09:00:00+00:00
3.0,profile-v3-0498,health-sciences,0.125,0.125,0.0,2026-08-01T09:00:00+00:00
3.0,profile-v3-0498,photography,0.125,0.125,0.0,2026-08-01T09:00:00+00:00
3.0,profile-v3-0498,product,0.125,0.125,0.0,2026-08-01T09:00:00+00:00
3.0,profile-v3-0498,ai,0.125,0.125,0.0,2026-08-01T09:00:00+00:00
3.0,profile-v3-0498,engineering,0.125,0.125,0.0,2026-08-01T09:00:00+00:00
3.0,profile-v3-0498,graphic-design,0.125,0.125,0.0,2026-08-01T09:00:00+00:00
3.0,profile-v3-0498,mobile-development,0.125,0.125,0.0,2026-08-01T09:00:00+00:00
3.0,profile-v3-0499,mobile-development,0.333333,0.333333,0.0,2026-08-01T09:00:00+00:00
3.0,profile-v3-0499,game-development,0.333333,0.333333,0.0,2026-08-01T09:00:00+00:00
3.0,profile-v3-0499,engineering,0.333333,0.333333,0.0,2026-08-01T09:00:00+00:00
3.0,profile-v3-0500,health-sciences,0.166667,0.166667,0.0,2026-08-01T09:00:00+00:00
3.0,profile-v3-0500,international-community,0.166667,0.166667,0.0,2026-08-01T09:00:00+00:00
3.0,profile-v3-0500,culture,0.166667,0.166667,0.0,2026-08-01T09:00:00+00:00
3.0,profile-v3-0500,social-sciences,0.166667,0.166667,0.0,2026-08-01T09:00:00+00:00
3.0,profile-v3-0500,music,0.166667,0.166667,0.0,2026-08-01T09:00:00+00:00
3.0,profile-v3-0500,photography,0.166667,0.166667,0.0,2026-08-01T09:00:00+00:00
3.0,profile-v3-0501,career,0.333333,0.333333,0.0,2026-08-01T09:00:00+00:00
3.0,profile-v3-0501,photography,0.333333,0.333333,0.0,2026-08-01T09:00:00+00:00
3.0,profile-v3-0501,volunteering,0.333333,0.333333,0.0,2026-08-01T09:00:00+00:00
3.0,profile-v3-0502,languages,0.142857,0.142857,0.0,2026-08-01T09:00:00+00:00
3.0,profile-v3-0502,sports,0.142857,0.142857,0.0,2026-08-01T09:00:00+00:00
3.0,profile-v3-0502,ai,0.142857,0.142857,0.0,2026-08-01T09:00:00+00:00
3.0,profile-v3-0502,health-sciences,0.142857,0.142857,0.0,2026-08-01T09:00:00+00:00
3.0,profile-v3-0502,volunteering,0.142857,0.142857,0.0,2026-08-01T09:00:00+00:00
3.0,profile-v3-0502,finance,0.142857,0.142857,0.0,2026-08-01T09:00:00+00:00
3.0,profile-v3-0502,engineering,0.142857,0.142857,0.0,2026-08-01T09:00:00+00:00
3.0,profile-v3-0503,career,0.125,0.125,0.0,2026-08-01T09:00:00+00:00
3.0,profile-v3-0503,ui-ux,0.125,0.125,0.0,2026-08-01T09:00:00+00:00
3.0,profile-v3-0503,music,0.125,0.125,0.0,2026-08-01T09:00:00+00:00
3.0,profile-v3-0503,web-development,0.125,0.125,0.0,2026-08-01T09:00:00+00:00
3.0,profile-v3-0503,sports,0.125,0.125,0.0,2026-08-01T09:00:00+00:00
3.0,profile-v3-0503,volunteering,0.125,0.125,0.0,2026-08-01T09:00:00+00:00
3.0,profile-v3-0503,social-sciences,0.125,0.125,0.0,2026-08-01T09:00:00+00:00
3.0,profile-v3-0503,mental-health,0.125,0.125,0.0,2026-08-01T09:00:00+00:00
3.0,profile-v3-0504,entrepreneurship,0.333333,0.333333,0.0,2026-08-01T09:00:00+00:00
3.0,profile-v3-0504,finance,0.333333,0.333333,0.0,2026-08-01T09:00:00+00:00
3.0,profile-v3-0504,career,0.333333,0.333333,0.0,2026-08-01T09:00:00+00:00
3.0,profile-v3-0505,cybersecurity,0.166667,0.166667,0.0,2026-08-01T09:00:00+00:00
3.0,profile-v3-0505,product,0.166667,0.166667,0.0,2026-08-01T09:00:00+00:00
3.0,profile-v3-0505,photography,0.166667,0.166667,0.0,2026-08-01T09:00:00+00:00
3.0,profile-v3-0505,ai,0.166667,0.166667,0.0,2026-08-01T09:00:00+00:00
3.0,profile-v3-0505,sports,0.166667,0.166667,0.0,2026-08-01T09:00:00+00:00
3.0,profile-v3-0505,music,0.166667,0.166667,0.0,2026-08-01T09:00:00+00:00
3.0,profile-v3-0506,languages,0.125,0.125,0.0,2026-08-01T09:00:00+00:00
3.0,profile-v3-0506,finance,0.125,0.125,0.0,2026-08-01T09:00:00+00:00
3.0,profile-v3-0506,social-responsibility,0.125,0.125,0.0,2026-08-01T09:00:00+00:00
3.0,profile-v3-0506,game-development,0.125,0.125,0.0,2026-08-01T09:00:00+00:00
3.0,profile-v3-0506,data-science,0.125,0.125,0.0,2026-08-01T09:00:00+00:00
3.0,profile-v3-0506,photography,0.125,0.125,0.0,2026-08-01T09:00:00+00:00
3.0,profile-v3-0506,web-development,0.125,0.125,0.0,2026-08-01T09:00:00+00:00
3.0,profile-v3-0506,wellbeing,0.125,0.125,0.0,2026-08-01T09:00:00+00:00
3.0,profile-v3-0507,entrepreneurship,0.2,0.2,0.0,2026-08-01T09:00:00+00:00
3.0,profile-v3-0507,international-community,0.2,0.2,0.0,2026-08-01T09:00:00+00:00
3.0,profile-v3-0507,graphic-design,0.2,0.2,0.0,2026-08-01T09:00:00+00:00
3.0,profile-v3-0507,game-development,0.2,0.2,0.0,2026-08-01T09:00:00+00:00
3.0,profile-v3-0507,mobile-development,0.2,0.2,0.0,2026-08-01T09:00:00+00:00
3.0,profile-v3-0508,photography,0.25,0.25,0.0,2026-08-01T09:00:00+00:00
3.0,profile-v3-0508,entrepreneurship,0.25,0.25,0.0,2026-08-01T09:00:00+00:00
3.0,profile-v3-0508,career,0.25,0.25,0.0,2026-08-01T09:00:00+00:00
3.0,profile-v3-0508,engineering,0.25,0.25,0.0,2026-08-01T09:00:00+00:00
3.0,profile-v3-0509,sustainability,0.2,0.2,0.0,2026-08-01T09:00:00+00:00
3.0,profile-v3-0509,finance,0.2,0.2,0.0,2026-08-01T09:00:00+00:00
3.0,profile-v3-0509,graphic-design,0.2,0.2,0.0,2026-08-01T09:00:00+00:00
3.0,profile-v3-0509,languages,0.2,0.2,0.0,2026-08-01T09:00:00+00:00
3.0,profile-v3-0509,culture,0.2,0.2,0.0,2026-08-01T09:00:00+00:00
3.0,profile-v3-0510,nutrition,0.166667,0.166667,0.0,2026-08-01T09:00:00+00:00
3.0,profile-v3-0510,photography,0.166667,0.166667,0.0,2026-08-01T09:00:00+00:00
3.0,profile-v3-0510,web-development,0.166667,0.166667,0.0,2026-08-01T09:00:00+00:00
3.0,profile-v3-0510,health-sciences,0.166667,0.166667,0.0,2026-08-01T09:00:00+00:00
3.0,profile-v3-0510,finance,0.166667,0.166667,0.0,2026-08-01T09:00:00+00:00
3.0,profile-v3-0510,volunteering,0.166667,0.166667,0.0,2026-08-01T09:00:00+00:00
3.0,profile-v3-0511,data-science,0.333333,0.333333,0.0,2026-08-01T09:00:00+00:00
3.0,profile-v3-0511,cybersecurity,0.333333,0.333333,0.0,2026-08-01T09:00:00+00:00
3.0,profile-v3-0511,natural-sciences,0.333333,0.333333,0.0,2026-08-01T09:00:00+00:00
3.0,profile-v3-0512,finance,0.125,0.125,0.0,2026-08-01T09:00:00+00:00
3.0,profile-v3-0512,music,0.125,0.125,0.0,2026-08-01T09:00:00+00:00
3.0,profile-v3-0512,international-community,0.125,0.125,0.0,2026-08-01T09:00:00+00:00
3.0,profile-v3-0512,engineering,0.125,0.125,0.0,2026-08-01T09:00:00+00:00
3.0,profile-v3-0512,data-science,0.125,0.125,0.0,2026-08-01T09:00:00+00:00
3.0,profile-v3-0512,nutrition,0.125,0.125,0.0,2026-08-01T09:00:00+00:00
3.0,profile-v3-0512,graphic-design,0.125,0.125,0.0,2026-08-01T09:00:00+00:00
3.0,profile-v3-0512,health-sciences,0.125,0.125,0.0,2026-08-01T09:00:00+00:00
3.0,profile-v3-0513,ai,0.2,0.2,0.0,2026-08-01T09:00:00+00:00
3.0,profile-v3-0513,languages,0.2,0.2,0.0,2026-08-01T09:00:00+00:00
3.0,profile-v3-0513,music,0.2,0.2,0.0,2026-08-01T09:00:00+00:00
3.0,profile-v3-0513,wellbeing,0.2,0.2,0.0,2026-08-01T09:00:00+00:00
3.0,profile-v3-0513,social-responsibility,0.2,0.2,0.0,2026-08-01T09:00:00+00:00
3.0,profile-v3-0514,theatre,0.2,0.2,0.0,2026-08-01T09:00:00+00:00
3.0,profile-v3-0514,wellbeing,0.2,0.2,0.0,2026-08-01T09:00:00+00:00
3.0,profile-v3-0514,international-community,0.2,0.2,0.0,2026-08-01T09:00:00+00:00
3.0,profile-v3-0514,product,0.2,0.2,0.0,2026-08-01T09:00:00+00:00
3.0,profile-v3-0514,nutrition,0.2,0.2,0.0,2026-08-01T09:00:00+00:00
3.0,profile-v3-0515,career,0.2,0.2,0.0,2026-08-01T09:00:00+00:00
3.0,profile-v3-0515,wellbeing,0.2,0.2,0.0,2026-08-01T09:00:00+00:00
3.0,profile-v3-0515,cybersecurity,0.2,0.2,0.0,2026-08-01T09:00:00+00:00
3.0,profile-v3-0515,engineering,0.2,0.2,0.0,2026-08-01T09:00:00+00:00
3.0,profile-v3-0515,music,0.2,0.2,0.0,2026-08-01T09:00:00+00:00
3.0,profile-v3-0516,languages,0.25,0.25,0.0,2026-08-01T09:00:00+00:00
3.0,profile-v3-0516,ui-ux,0.25,0.25,0.0,2026-08-01T09:00:00+00:00
3.0,profile-v3-0516,product,0.25,0.25,0.0,2026-08-01T09:00:00+00:00
3.0,profile-v3-0516,finance,0.25,0.25,0.0,2026-08-01T09:00:00+00:00
3.0,profile-v3-0517,music,0.2,0.2,0.0,2026-08-01T09:00:00+00:00
3.0,profile-v3-0517,engineering,0.2,0.2,0.0,2026-08-01T09:00:00+00:00
3.0,profile-v3-0517,data-science,0.2,0.2,0.0,2026-08-01T09:00:00+00:00
3.0,profile-v3-0517,theatre,0.2,0.2,0.0,2026-08-01T09:00:00+00:00
3.0,profile-v3-0517,travel,0.2,0.2,0.0,2026-08-01T09:00:00+00:00
3.0,profile-v3-0518,sustainability,0.333333,0.333333,0.0,2026-08-01T09:00:00+00:00
3.0,profile-v3-0518,finance,0.333333,0.333333,0.0,2026-08-01T09:00:00+00:00
3.0,profile-v3-0518,social-sciences,0.333333,0.333333,0.0,2026-08-01T09:00:00+00:00
3.0,profile-v3-0519,natural-sciences,0.2,0.2,0.0,2026-08-01T09:00:00+00:00
3.0,profile-v3-0519,wellbeing,0.2,0.2,0.0,2026-08-01T09:00:00+00:00
3.0,profile-v3-0519,international-community,0.2,0.2,0.0,2026-08-01T09:00:00+00:00
3.0,profile-v3-0519,social-sciences,0.2,0.2,0.0,2026-08-01T09:00:00+00:00
3.0,profile-v3-0519,nutrition,0.2,0.2,0.0,2026-08-01T09:00:00+00:00
3.0,profile-v3-0520,photography,0.25,0.25,0.0,2026-08-01T09:00:00+00:00
3.0,profile-v3-0520,product,0.25,0.25,0.0,2026-08-01T09:00:00+00:00
3.0,profile-v3-0520,cybersecurity,0.25,0.25,0.0,2026-08-01T09:00:00+00:00
3.0,profile-v3-0520,mental-health,0.25,0.25,0.0,2026-08-01T09:00:00+00:00
3.0,profile-v3-0521,theatre,0.142857,0.142857,0.0,2026-08-01T09:00:00+00:00
3.0,profile-v3-0521,entrepreneurship,0.142857,0.142857,0.0,2026-08-01T09:00:00+00:00
3.0,profile-v3-0521,cybersecurity,0.142857,0.142857,0.0,2026-08-01T09:00:00+00:00
3.0,profile-v3-0521,career,0.142857,0.142857,0.0,2026-08-01T09:00:00+00:00
3.0,profile-v3-0521,social-responsibility,0.142857,0.142857,0.0,2026-08-01T09:00:00+00:00
3.0,profile-v3-0521,natural-sciences,0.142857,0.142857,0.0,2026-08-01T09:00:00+00:00
3.0,profile-v3-0521,culture,0.142857,0.142857,0.0,2026-08-01T09:00:00+00:00
3.0,profile-v3-0522,social-responsibility,0.166667,0.166667,0.0,2026-08-01T09:00:00+00:00
3.0,profile-v3-0522,photography,0.166667,0.166667,0.0,2026-08-01T09:00:00+00:00
3.0,profile-v3-0522,volunteering,0.166667,0.166667,0.0,2026-08-01T09:00:00+00:00
3.0,profile-v3-0522,sports,0.166667,0.166667,0.0,2026-08-01T09:00:00+00:00
3.0,profile-v3-0522,wellbeing,0.166667,0.166667,0.0,2026-08-01T09:00:00+00:00
3.0,profile-v3-0522,ui-ux,0.166667,0.166667,0.0,2026-08-01T09:00:00+00:00
3.0,profile-v3-0523,health-sciences,0.142857,0.142857,0.0,2026-08-01T09:00:00+00:00
3.0,profile-v3-0523,graphic-design,0.142857,0.142857,0.0,2026-08-01T09:00:00+00:00
3.0,profile-v3-0523,wellbeing,0.142857,0.142857,0.0,2026-08-01T09:00:00+00:00
3.0,profile-v3-0523,ai,0.142857,0.142857,0.0,2026-08-01T09:00:00+00:00
3.0,profile-v3-0523,cybersecurity,0.142857,0.142857,0.0,2026-08-01T09:00:00+00:00
3.0,profile-v3-0523,data-science,0.142857,0.142857,0.0,2026-08-01T09:00:00+00:00
3.0,profile-v3-0523,mental-health,0.142857,0.142857,0.0,2026-08-01T09:00:00+00:00
3.0,profile-v3-0524,engineering,0.333333,0.333333,0.0,2026-08-01T09:00:00+00:00
3.0,profile-v3-0524,wellbeing,0.333333,0.333333,0.0,2026-08-01T09:00:00+00:00
3.0,profile-v3-0524,finance,0.333333,0.333333,0.0,2026-08-01T09:00:00+00:00
3.0,profile-v3-0525,product,0.25,0.25,0.0,2026-08-01T09:00:00+00:00
3.0,profile-v3-0525,culture,0.25,0.25,0.0,2026-08-01T09:00:00+00:00
3.0,profile-v3-0525,international-community,0.25,0.25,0.0,2026-08-01T09:00:00+00:00
3.0,profile-v3-0525,social-sciences,0.25,0.25,0.0,2026-08-01T09:00:00+00:00
3.0,profile-v3-0526,photography,0.25,0.25,0.0,2026-08-01T09:00:00+00:00
3.0,profile-v3-0526,sports,0.25,0.25,0.0,2026-08-01T09:00:00+00:00
3.0,profile-v3-0526,game-development,0.25,0.25,0.0,2026-08-01T09:00:00+00:00
3.0,profile-v3-0526,volunteering,0.25,0.25,0.0,2026-08-01T09:00:00+00:00
3.0,profile-v3-0527,music,0.2,0.2,0.0,2026-08-01T09:00:00+00:00
3.0,profile-v3-0527,finance,0.2,0.2,0.0,2026-08-01T09:00:00+00:00
3.0,profile-v3-0527,social-responsibility,0.2,0.2,0.0,2026-08-01T09:00:00+00:00
3.0,profile-v3-0527,ui-ux,0.2,0.2,0.0,2026-08-01T09:00:00+00:00
3.0,profile-v3-0527,graphic-design,0.2,0.2,0.0,2026-08-01T09:00:00+00:00
3.0,profile-v3-0528,web-development,0.125,0.125,0.0,2026-08-01T09:00:00+00:00
3.0,profile-v3-0528,health-sciences,0.125,0.125,0.0,2026-08-01T09:00:00+00:00
3.0,profile-v3-0528,natural-sciences,0.125,0.125,0.0,2026-08-01T09:00:00+00:00
3.0,profile-v3-0528,languages,0.125,0.125,0.0,2026-08-01T09:00:00+00:00
3.0,profile-v3-0528,photography,0.125,0.125,0.0,2026-08-01T09:00:00+00:00
3.0,profile-v3-0528,international-community,0.125,0.125,0.0,2026-08-01T09:00:00+00:00
3.0,profile-v3-0528,finance,0.125,0.125,0.0,2026-08-01T09:00:00+00:00
3.0,profile-v3-0528,cybersecurity,0.125,0.125,0.0,2026-08-01T09:00:00+00:00
3.0,profile-v3-0529,mental-health,0.2,0.2,0.0,2026-08-01T09:00:00+00:00
3.0,profile-v3-0529,web-development,0.2,0.2,0.0,2026-08-01T09:00:00+00:00
3.0,profile-v3-0529,volunteering,0.2,0.2,0.0,2026-08-01T09:00:00+00:00
3.0,profile-v3-0529,international-community,0.2,0.2,0.0,2026-08-01T09:00:00+00:00
3.0,profile-v3-0529,engineering,0.2,0.2,0.0,2026-08-01T09:00:00+00:00
3.0,profile-v3-0530,graphic-design,0.166667,0.166667,0.0,2026-08-01T09:00:00+00:00
3.0,profile-v3-0530,finance,0.166667,0.166667,0.0,2026-08-01T09:00:00+00:00
3.0,profile-v3-0530,career,0.166667,0.166667,0.0,2026-08-01T09:00:00+00:00
3.0,profile-v3-0530,nutrition,0.166667,0.166667,0.0,2026-08-01T09:00:00+00:00
3.0,profile-v3-0530,volunteering,0.166667,0.166667,0.0,2026-08-01T09:00:00+00:00
3.0,profile-v3-0530,wellbeing,0.166667,0.166667,0.0,2026-08-01T09:00:00+00:00
3.0,profile-v3-0531,career,0.2,0.2,0.0,2026-08-01T09:00:00+00:00
3.0,profile-v3-0531,graphic-design,0.2,0.2,0.0,2026-08-01T09:00:00+00:00
3.0,profile-v3-0531,sustainability,0.2,0.2,0.0,2026-08-01T09:00:00+00:00
3.0,profile-v3-0531,natural-sciences,0.2,0.2,0.0,2026-08-01T09:00:00+00:00
3.0,profile-v3-0531,volunteering,0.2,0.2,0.0,2026-08-01T09:00:00+00:00
3.0,profile-v3-0532,travel,0.333333,0.333333,0.0,2026-08-01T09:00:00+00:00
3.0,profile-v3-0532,international-community,0.333333,0.333333,0.0,2026-08-01T09:00:00+00:00
3.0,profile-v3-0532,web-development,0.333333,0.333333,0.0,2026-08-01T09:00:00+00:00
3.0,profile-v3-0533,cybersecurity,0.125,0.125,0.0,2026-08-01T09:00:00+00:00
3.0,profile-v3-0533,ai,0.125,0.125,0.0,2026-08-01T09:00:00+00:00
3.0,profile-v3-0533,sports,0.125,0.125,0.0,2026-08-01T09:00:00+00:00
3.0,profile-v3-0533,culture,0.125,0.125,0.0,2026-08-01T09:00:00+00:00
3.0,profile-v3-0533,ui-ux,0.125,0.125,0.0,2026-08-01T09:00:00+00:00
3.0,profile-v3-0533,nutrition,0.125,0.125,0.0,2026-08-01T09:00:00+00:00
3.0,profile-v3-0533,product,0.125,0.125,0.0,2026-08-01T09:00:00+00:00
3.0,profile-v3-0533,languages,0.125,0.125,0.0,2026-08-01T09:00:00+00:00
3.0,profile-v3-0534,natural-sciences,0.142857,0.142857,0.0,2026-08-01T09:00:00+00:00
3.0,profile-v3-0534,mobile-development,0.142857,0.142857,0.0,2026-08-01T09:00:00+00:00
3.0,profile-v3-0534,social-sciences,0.142857,0.142857,0.0,2026-08-01T09:00:00+00:00
3.0,profile-v3-0534,sports,0.142857,0.142857,0.0,2026-08-01T09:00:00+00:00
3.0,profile-v3-0534,data-science,0.142857,0.142857,0.0,2026-08-01T09:00:00+00:00
3.0,profile-v3-0534,career,0.142857,0.142857,0.0,2026-08-01T09:00:00+00:00
3.0,profile-v3-0534,web-development,0.142857,0.142857,0.0,2026-08-01T09:00:00+00:00
3.0,profile-v3-0535,ai,0.333333,0.333333,0.0,2026-08-01T09:00:00+00:00
3.0,profile-v3-0535,music,0.333333,0.333333,0.0,2026-08-01T09:00:00+00:00
3.0,profile-v3-0535,theatre,0.333333,0.333333,0.0,2026-08-01T09:00:00+00:00
3.0,profile-v3-0536,ui-ux,0.125,0.125,0.0,2026-08-01T09:00:00+00:00
3.0,profile-v3-0536,data-science,0.125,0.125,0.0,2026-08-01T09:00:00+00:00
3.0,profile-v3-0536,theatre,0.125,0.125,0.0,2026-08-01T09:00:00+00:00
3.0,profile-v3-0536,culture,0.125,0.125,0.0,2026-08-01T09:00:00+00:00
3.0,profile-v3-0536,travel,0.125,0.125,0.0,2026-08-01T09:00:00+00:00
3.0,profile-v3-0536,product,0.125,0.125,0.0,2026-08-01T09:00:00+00:00
3.0,profile-v3-0536,entrepreneurship,0.125,0.125,0.0,2026-08-01T09:00:00+00:00
3.0,profile-v3-0536,ai,0.125,0.125,0.0,2026-08-01T09:00:00+00:00
3.0,profile-v3-0537,data-science,0.333333,0.333333,0.0,2026-08-01T09:00:00+00:00
3.0,profile-v3-0537,volunteering,0.333333,0.333333,0.0,2026-08-01T09:00:00+00:00
3.0,profile-v3-0537,cybersecurity,0.333333,0.333333,0.0,2026-08-01T09:00:00+00:00
3.0,profile-v3-0538,volunteering,0.2,0.2,0.0,2026-08-01T09:00:00+00:00
3.0,profile-v3-0538,graphic-design,0.2,0.2,0.0,2026-08-01T09:00:00+00:00
3.0,profile-v3-0538,career,0.2,0.2,0.0,2026-08-01T09:00:00+00:00
3.0,profile-v3-0538,web-development,0.2,0.2,0.0,2026-08-01T09:00:00+00:00
3.0,profile-v3-0538,social-sciences,0.2,0.2,0.0,2026-08-01T09:00:00+00:00
3.0,profile-v3-0539,cybersecurity,0.125,0.125,0.0,2026-08-01T09:00:00+00:00
3.0,profile-v3-0539,health-sciences,0.125,0.125,0.0,2026-08-01T09:00:00+00:00
3.0,profile-v3-0539,sustainability,0.125,0.125,0.0,2026-08-01T09:00:00+00:00
3.0,profile-v3-0539,ai,0.125,0.125,0.0,2026-08-01T09:00:00+00:00
3.0,profile-v3-0539,volunteering,0.125,0.125,0.0,2026-08-01T09:00:00+00:00
3.0,profile-v3-0539,graphic-design,0.125,0.125,0.0,2026-08-01T09:00:00+00:00
3.0,profile-v3-0539,natural-sciences,0.125,0.125,0.0,2026-08-01T09:00:00+00:00
3.0,profile-v3-0539,product,0.125,0.125,0.0,2026-08-01T09:00:00+00:00
3.0,profile-v3-0540,nutrition,0.2,0.2,0.0,2026-08-01T09:00:00+00:00
3.0,profile-v3-0540,product,0.2,0.2,0.0,2026-08-01T09:00:00+00:00
3.0,profile-v3-0540,wellbeing,0.2,0.2,0.0,2026-08-01T09:00:00+00:00
3.0,profile-v3-0540,finance,0.2,0.2,0.0,2026-08-01T09:00:00+00:00
3.0,profile-v3-0540,sports,0.2,0.2,0.0,2026-08-01T09:00:00+00:00
3.0,profile-v3-0541,theatre,0.25,0.25,0.0,2026-08-01T09:00:00+00:00
3.0,profile-v3-0541,career,0.25,0.25,0.0,2026-08-01T09:00:00+00:00
3.0,profile-v3-0541,volunteering,0.25,0.25,0.0,2026-08-01T09:00:00+00:00
3.0,profile-v3-0541,music,0.25,0.25,0.0,2026-08-01T09:00:00+00:00
3.0,profile-v3-0542,data-science,0.25,0.25,0.0,2026-08-01T09:00:00+00:00
3.0,profile-v3-0542,web-development,0.25,0.25,0.0,2026-08-01T09:00:00+00:00
3.0,profile-v3-0542,cybersecurity,0.25,0.25,0.0,2026-08-01T09:00:00+00:00
3.0,profile-v3-0542,product,0.25,0.25,0.0,2026-08-01T09:00:00+00:00
3.0,profile-v3-0543,international-community,0.125,0.125,0.0,2026-08-01T09:00:00+00:00
3.0,profile-v3-0543,health-sciences,0.125,0.125,0.0,2026-08-01T09:00:00+00:00
3.0,profile-v3-0543,graphic-design,0.125,0.125,0.0,2026-08-01T09:00:00+00:00
3.0,profile-v3-0543,wellbeing,0.125,0.125,0.0,2026-08-01T09:00:00+00:00
3.0,profile-v3-0543,travel,0.125,0.125,0.0,2026-08-01T09:00:00+00:00
3.0,profile-v3-0543,sports,0.125,0.125,0.0,2026-08-01T09:00:00+00:00
3.0,profile-v3-0543,mental-health,0.125,0.125,0.0,2026-08-01T09:00:00+00:00
3.0,profile-v3-0543,entrepreneurship,0.125,0.125,0.0,2026-08-01T09:00:00+00:00
3.0,profile-v3-0544,ai,0.2,0.2,0.0,2026-08-01T09:00:00+00:00
3.0,profile-v3-0544,natural-sciences,0.2,0.2,0.0,2026-08-01T09:00:00+00:00
3.0,profile-v3-0544,culture,0.2,0.2,0.0,2026-08-01T09:00:00+00:00
3.0,profile-v3-0544,cybersecurity,0.2,0.2,0.0,2026-08-01T09:00:00+00:00
3.0,profile-v3-0544,mobile-development,0.2,0.2,0.0,2026-08-01T09:00:00+00:00
3.0,profile-v3-0545,travel,0.142857,0.142857,0.0,2026-08-01T09:00:00+00:00
3.0,profile-v3-0545,cybersecurity,0.142857,0.142857,0.0,2026-08-01T09:00:00+00:00
3.0,profile-v3-0545,natural-sciences,0.142857,0.142857,0.0,2026-08-01T09:00:00+00:00
3.0,profile-v3-0545,theatre,0.142857,0.142857,0.0,2026-08-01T09:00:00+00:00
3.0,profile-v3-0545,engineering,0.142857,0.142857,0.0,2026-08-01T09:00:00+00:00
3.0,profile-v3-0545,international-community,0.142857,0.142857,0.0,2026-08-01T09:00:00+00:00
3.0,profile-v3-0545,career,0.142857,0.142857,0.0,2026-08-01T09:00:00+00:00
3.0,profile-v3-0546,entrepreneurship,0.2,0.2,0.0,2026-08-01T09:00:00+00:00
3.0,profile-v3-0546,social-responsibility,0.2,0.2,0.0,2026-08-01T09:00:00+00:00
3.0,profile-v3-0546,product,0.2,0.2,0.0,2026-08-01T09:00:00+00:00
3.0,profile-v3-0546,languages,0.2,0.2,0.0,2026-08-01T09:00:00+00:00
3.0,profile-v3-0546,international-community,0.2,0.2,0.0,2026-08-01T09:00:00+00:00
3.0,profile-v3-0547,cybersecurity,0.166667,0.166667,0.0,2026-08-01T09:00:00+00:00
3.0,profile-v3-0547,web-development,0.166667,0.166667,0.0,2026-08-01T09:00:00+00:00
3.0,profile-v3-0547,mental-health,0.166667,0.166667,0.0,2026-08-01T09:00:00+00:00
3.0,profile-v3-0547,social-responsibility,0.166667,0.166667,0.0,2026-08-01T09:00:00+00:00
3.0,profile-v3-0547,health-sciences,0.166667,0.166667,0.0,2026-08-01T09:00:00+00:00
3.0,profile-v3-0547,culture,0.166667,0.166667,0.0,2026-08-01T09:00:00+00:00
3.0,profile-v3-0548,sports,0.25,0.25,0.0,2026-08-01T09:00:00+00:00
3.0,profile-v3-0548,mental-health,0.25,0.25,0.0,2026-08-01T09:00:00+00:00
3.0,profile-v3-0548,theatre,0.25,0.25,0.0,2026-08-01T09:00:00+00:00
3.0,profile-v3-0548,natural-sciences,0.25,0.25,0.0,2026-08-01T09:00:00+00:00
3.0,profile-v3-0549,graphic-design,0.333333,0.333333,0.0,2026-08-01T09:00:00+00:00
3.0,profile-v3-0549,product,0.333333,0.333333,0.0,2026-08-01T09:00:00+00:00
3.0,profile-v3-0549,sustainability,0.333333,0.333333,0.0,2026-08-01T09:00:00+00:00
3.0,profile-v3-0550,sports,0.125,0.125,0.0,2026-08-01T09:00:00+00:00
3.0,profile-v3-0550,theatre,0.125,0.125,0.0,2026-08-01T09:00:00+00:00
3.0,profile-v3-0550,volunteering,0.125,0.125,0.0,2026-08-01T09:00:00+00:00
3.0,profile-v3-0550,sustainability,0.125,0.125,0.0,2026-08-01T09:00:00+00:00
3.0,profile-v3-0550,data-science,0.125,0.125,0.0,2026-08-01T09:00:00+00:00
3.0,profile-v3-0550,ui-ux,0.125,0.125,0.0,2026-08-01T09:00:00+00:00
3.0,profile-v3-0550,finance,0.125,0.125,0.0,2026-08-01T09:00:00+00:00
3.0,profile-v3-0550,social-responsibility,0.125,0.125,0.0,2026-08-01T09:00:00+00:00
3.0,profile-v3-0551,ai,0.25,0.25,0.0,2026-08-01T09:00:00+00:00
3.0,profile-v3-0551,culture,0.25,0.25,0.0,2026-08-01T09:00:00+00:00
3.0,profile-v3-0551,product,0.25,0.25,0.0,2026-08-01T09:00:00+00:00
3.0,profile-v3-0551,health-sciences,0.25,0.25,0.0,2026-08-01T09:00:00+00:00
3.0,profile-v3-0552,social-sciences,0.333333,0.333333,0.0,2026-08-01T09:00:00+00:00
3.0,profile-v3-0552,natural-sciences,0.333333,0.333333,0.0,2026-08-01T09:00:00+00:00
3.0,profile-v3-0552,mobile-development,0.333333,0.333333,0.0,2026-08-01T09:00:00+00:00
3.0,profile-v3-0553,graphic-design,0.2,0.2,0.0,2026-08-01T09:00:00+00:00
3.0,profile-v3-0553,sports,0.2,0.2,0.0,2026-08-01T09:00:00+00:00
3.0,profile-v3-0553,ai,0.2,0.2,0.0,2026-08-01T09:00:00+00:00
3.0,profile-v3-0553,finance,0.2,0.2,0.0,2026-08-01T09:00:00+00:00
3.0,profile-v3-0553,health-sciences,0.2,0.2,0.0,2026-08-01T09:00:00+00:00
3.0,profile-v3-0554,volunteering,0.2,0.2,0.0,2026-08-01T09:00:00+00:00
3.0,profile-v3-0554,theatre,0.2,0.2,0.0,2026-08-01T09:00:00+00:00
3.0,profile-v3-0554,ui-ux,0.2,0.2,0.0,2026-08-01T09:00:00+00:00
3.0,profile-v3-0554,mental-health,0.2,0.2,0.0,2026-08-01T09:00:00+00:00
3.0,profile-v3-0554,engineering,0.2,0.2,0.0,2026-08-01T09:00:00+00:00
3.0,profile-v3-0555,career,0.333333,0.333333,0.0,2026-08-01T09:00:00+00:00
3.0,profile-v3-0555,international-community,0.333333,0.333333,0.0,2026-08-01T09:00:00+00:00
3.0,profile-v3-0555,nutrition,0.333333,0.333333,0.0,2026-08-01T09:00:00+00:00
3.0,profile-v3-0556,nutrition,0.333333,0.333333,0.0,2026-08-01T09:00:00+00:00
3.0,profile-v3-0556,music,0.333333,0.333333,0.0,2026-08-01T09:00:00+00:00
3.0,profile-v3-0556,mental-health,0.333333,0.333333,0.0,2026-08-01T09:00:00+00:00
3.0,profile-v3-0557,mental-health,0.142857,0.142857,0.0,2026-08-01T09:00:00+00:00
3.0,profile-v3-0557,ai,0.142857,0.142857,0.0,2026-08-01T09:00:00+00:00
3.0,profile-v3-0557,web-development,0.142857,0.142857,0.0,2026-08-01T09:00:00+00:00
3.0,profile-v3-0557,sports,0.142857,0.142857,0.0,2026-08-01T09:00:00+00:00
3.0,profile-v3-0557,international-community,0.142857,0.142857,0.0,2026-08-01T09:00:00+00:00
3.0,profile-v3-0557,languages,0.142857,0.142857,0.0,2026-08-01T09:00:00+00:00
3.0,profile-v3-0557,product,0.142857,0.142857,0.0,2026-08-01T09:00:00+00:00
3.0,profile-v3-0558,ui-ux,0.142857,0.142857,0.0,2026-08-01T09:00:00+00:00
3.0,profile-v3-0558,graphic-design,0.142857,0.142857,0.0,2026-08-01T09:00:00+00:00
3.0,profile-v3-0558,sustainability,0.142857,0.142857,0.0,2026-08-01T09:00:00+00:00
3.0,profile-v3-0558,culture,0.142857,0.142857,0.0,2026-08-01T09:00:00+00:00
3.0,profile-v3-0558,theatre,0.142857,0.142857,0.0,2026-08-01T09:00:00+00:00
3.0,profile-v3-0558,career,0.142857,0.142857,0.0,2026-08-01T09:00:00+00:00
3.0,profile-v3-0558,ai,0.142857,0.142857,0.0,2026-08-01T09:00:00+00:00
3.0,profile-v3-0559,career,0.2,0.2,0.0,2026-08-01T09:00:00+00:00
3.0,profile-v3-0559,graphic-design,0.2,0.2,0.0,2026-08-01T09:00:00+00:00
3.0,profile-v3-0559,nutrition,0.2,0.2,0.0,2026-08-01T09:00:00+00:00
3.0,profile-v3-0559,cybersecurity,0.2,0.2,0.0,2026-08-01T09:00:00+00:00
3.0,profile-v3-0559,entrepreneurship,0.2,0.2,0.0,2026-08-01T09:00:00+00:00
3.0,profile-v3-0560,travel,0.166667,0.166667,0.0,2026-08-01T09:00:00+00:00
3.0,profile-v3-0560,mobile-development,0.166667,0.166667,0.0,2026-08-01T09:00:00+00:00
3.0,profile-v3-0560,engineering,0.166667,0.166667,0.0,2026-08-01T09:00:00+00:00
3.0,profile-v3-0560,theatre,0.166667,0.166667,0.0,2026-08-01T09:00:00+00:00
3.0,profile-v3-0560,game-development,0.166667,0.166667,0.0,2026-08-01T09:00:00+00:00
3.0,profile-v3-0560,ai,0.166667,0.166667,0.0,2026-08-01T09:00:00+00:00
3.0,profile-v3-0561,cybersecurity,0.166667,0.166667,0.0,2026-08-01T09:00:00+00:00
3.0,profile-v3-0561,theatre,0.166667,0.166667,0.0,2026-08-01T09:00:00+00:00
3.0,profile-v3-0561,entrepreneurship,0.166667,0.166667,0.0,2026-08-01T09:00:00+00:00
3.0,profile-v3-0561,health-sciences,0.166667,0.166667,0.0,2026-08-01T09:00:00+00:00
3.0,profile-v3-0561,travel,0.166667,0.166667,0.0,2026-08-01T09:00:00+00:00
3.0,profile-v3-0561,music,0.166667,0.166667,0.0,2026-08-01T09:00:00+00:00
3.0,profile-v3-0562,finance,0.166667,0.166667,0.0,2026-08-01T09:00:00+00:00
3.0,profile-v3-0562,international-community,0.166667,0.166667,0.0,2026-08-01T09:00:00+00:00
3.0,profile-v3-0562,sports,0.166667,0.166667,0.0,2026-08-01T09:00:00+00:00
3.0,profile-v3-0562,product,0.166667,0.166667,0.0,2026-08-01T09:00:00+00:00
3.0,profile-v3-0562,languages,0.166667,0.166667,0.0,2026-08-01T09:00:00+00:00
3.0,profile-v3-0562,game-development,0.166667,0.166667,0.0,2026-08-01T09:00:00+00:00
3.0,profile-v3-0563,music,0.2,0.2,0.0,2026-08-01T09:00:00+00:00
3.0,profile-v3-0563,theatre,0.2,0.2,0.0,2026-08-01T09:00:00+00:00
3.0,profile-v3-0563,languages,0.2,0.2,0.0,2026-08-01T09:00:00+00:00
3.0,profile-v3-0563,graphic-design,0.2,0.2,0.0,2026-08-01T09:00:00+00:00
3.0,profile-v3-0563,natural-sciences,0.2,0.2,0.0,2026-08-01T09:00:00+00:00
3.0,profile-v3-0564,graphic-design,0.25,0.25,0.0,2026-08-01T09:00:00+00:00
3.0,profile-v3-0564,game-development,0.25,0.25,0.0,2026-08-01T09:00:00+00:00
3.0,profile-v3-0564,ui-ux,0.25,0.25,0.0,2026-08-01T09:00:00+00:00
3.0,profile-v3-0564,cybersecurity,0.25,0.25,0.0,2026-08-01T09:00:00+00:00
3.0,profile-v3-0565,finance,0.25,0.25,0.0,2026-08-01T09:00:00+00:00
3.0,profile-v3-0565,travel,0.25,0.25,0.0,2026-08-01T09:00:00+00:00
3.0,profile-v3-0565,culture,0.25,0.25,0.0,2026-08-01T09:00:00+00:00
3.0,profile-v3-0565,languages,0.25,0.25,0.0,2026-08-01T09:00:00+00:00
3.0,profile-v3-0566,ui-ux,0.142857,0.142857,0.0,2026-08-01T09:00:00+00:00
3.0,profile-v3-0566,entrepreneurship,0.142857,0.142857,0.0,2026-08-01T09:00:00+00:00
3.0,profile-v3-0566,career,0.142857,0.142857,0.0,2026-08-01T09:00:00+00:00
3.0,profile-v3-0566,music,0.142857,0.142857,0.0,2026-08-01T09:00:00+00:00
3.0,profile-v3-0566,health-sciences,0.142857,0.142857,0.0,2026-08-01T09:00:00+00:00
3.0,profile-v3-0566,engineering,0.142857,0.142857,0.0,2026-08-01T09:00:00+00:00
3.0,profile-v3-0566,theatre,0.142857,0.142857,0.0,2026-08-01T09:00:00+00:00
3.0,profile-v3-0567,cybersecurity,0.166667,0.166667,0.0,2026-08-01T09:00:00+00:00
3.0,profile-v3-0567,sports,0.166667,0.166667,0.0,2026-08-01T09:00:00+00:00
3.0,profile-v3-0567,travel,0.166667,0.166667,0.0,2026-08-01T09:00:00+00:00
3.0,profile-v3-0567,ai,0.166667,0.166667,0.0,2026-08-01T09:00:00+00:00
3.0,profile-v3-0567,ui-ux,0.166667,0.166667,0.0,2026-08-01T09:00:00+00:00
3.0,profile-v3-0567,languages,0.166667,0.166667,0.0,2026-08-01T09:00:00+00:00
3.0,profile-v3-0568,natural-sciences,0.25,0.25,0.0,2026-08-01T09:00:00+00:00
3.0,profile-v3-0568,sports,0.25,0.25,0.0,2026-08-01T09:00:00+00:00
3.0,profile-v3-0568,music,0.25,0.25,0.0,2026-08-01T09:00:00+00:00
3.0,profile-v3-0568,culture,0.25,0.25,0.0,2026-08-01T09:00:00+00:00
3.0,profile-v3-0569,culture,0.25,0.25,0.0,2026-08-01T09:00:00+00:00
3.0,profile-v3-0569,ui-ux,0.25,0.25,0.0,2026-08-01T09:00:00+00:00
3.0,profile-v3-0569,sustainability,0.25,0.25,0.0,2026-08-01T09:00:00+00:00
3.0,profile-v3-0569,volunteering,0.25,0.25,0.0,2026-08-01T09:00:00+00:00
3.0,profile-v3-0570,theatre,0.2,0.2,0.0,2026-08-01T09:00:00+00:00
3.0,profile-v3-0570,health-sciences,0.2,0.2,0.0,2026-08-01T09:00:00+00:00
3.0,profile-v3-0570,travel,0.2,0.2,0.0,2026-08-01T09:00:00+00:00
3.0,profile-v3-0570,ai,0.2,0.2,0.0,2026-08-01T09:00:00+00:00
3.0,profile-v3-0570,volunteering,0.2,0.2,0.0,2026-08-01T09:00:00+00:00
3.0,profile-v3-0571,web-development,0.333333,0.333333,0.0,2026-08-01T09:00:00+00:00
3.0,profile-v3-0571,wellbeing,0.333333,0.333333,0.0,2026-08-01T09:00:00+00:00
3.0,profile-v3-0571,music,0.333333,0.333333,0.0,2026-08-01T09:00:00+00:00
3.0,profile-v3-0572,international-community,0.125,0.125,0.0,2026-08-01T09:00:00+00:00
3.0,profile-v3-0572,ai,0.125,0.125,0.0,2026-08-01T09:00:00+00:00
3.0,profile-v3-0572,social-responsibility,0.125,0.125,0.0,2026-08-01T09:00:00+00:00
3.0,profile-v3-0572,culture,0.125,0.125,0.0,2026-08-01T09:00:00+00:00
3.0,profile-v3-0572,sustainability,0.125,0.125,0.0,2026-08-01T09:00:00+00:00
3.0,profile-v3-0572,sports,0.125,0.125,0.0,2026-08-01T09:00:00+00:00
3.0,profile-v3-0572,health-sciences,0.125,0.125,0.0,2026-08-01T09:00:00+00:00
3.0,profile-v3-0572,natural-sciences,0.125,0.125,0.0,2026-08-01T09:00:00+00:00
3.0,profile-v3-0573,health-sciences,0.333333,0.333333,0.0,2026-08-01T09:00:00+00:00
3.0,profile-v3-0573,career,0.333333,0.333333,0.0,2026-08-01T09:00:00+00:00
3.0,profile-v3-0573,sustainability,0.333333,0.333333,0.0,2026-08-01T09:00:00+00:00
3.0,profile-v3-0574,engineering,0.166667,0.166667,0.0,2026-08-01T09:00:00+00:00
3.0,profile-v3-0574,career,0.166667,0.166667,0.0,2026-08-01T09:00:00+00:00
3.0,profile-v3-0574,mental-health,0.166667,0.166667,0.0,2026-08-01T09:00:00+00:00
3.0,profile-v3-0574,languages,0.166667,0.166667,0.0,2026-08-01T09:00:00+00:00
3.0,profile-v3-0574,ui-ux,0.166667,0.166667,0.0,2026-08-01T09:00:00+00:00
3.0,profile-v3-0574,cybersecurity,0.166667,0.166667,0.0,2026-08-01T09:00:00+00:00
3.0,profile-v3-0575,international-community,0.25,0.25,0.0,2026-08-01T09:00:00+00:00
3.0,profile-v3-0575,game-development,0.25,0.25,0.0,2026-08-01T09:00:00+00:00
3.0,profile-v3-0575,cybersecurity,0.25,0.25,0.0,2026-08-01T09:00:00+00:00
3.0,profile-v3-0575,culture,0.25,0.25,0.0,2026-08-01T09:00:00+00:00
3.0,profile-v3-0576,nutrition,0.25,0.25,0.0,2026-08-01T09:00:00+00:00
3.0,profile-v3-0576,entrepreneurship,0.25,0.25,0.0,2026-08-01T09:00:00+00:00
3.0,profile-v3-0576,culture,0.25,0.25,0.0,2026-08-01T09:00:00+00:00
3.0,profile-v3-0576,sports,0.25,0.25,0.0,2026-08-01T09:00:00+00:00
3.0,profile-v3-0577,product,0.166667,0.166667,0.0,2026-08-01T09:00:00+00:00
3.0,profile-v3-0577,travel,0.166667,0.166667,0.0,2026-08-01T09:00:00+00:00
3.0,profile-v3-0577,nutrition,0.166667,0.166667,0.0,2026-08-01T09:00:00+00:00
3.0,profile-v3-0577,ui-ux,0.166667,0.166667,0.0,2026-08-01T09:00:00+00:00
3.0,profile-v3-0577,wellbeing,0.166667,0.166667,0.0,2026-08-01T09:00:00+00:00
3.0,profile-v3-0577,international-community,0.166667,0.166667,0.0,2026-08-01T09:00:00+00:00
3.0,profile-v3-0578,social-sciences,0.333333,0.333333,0.0,2026-08-01T09:00:00+00:00
3.0,profile-v3-0578,wellbeing,0.333333,0.333333,0.0,2026-08-01T09:00:00+00:00
3.0,profile-v3-0578,product,0.333333,0.333333,0.0,2026-08-01T09:00:00+00:00
3.0,profile-v3-0579,product,0.25,0.25,0.0,2026-08-01T09:00:00+00:00
3.0,profile-v3-0579,career,0.25,0.25,0.0,2026-08-01T09:00:00+00:00
3.0,profile-v3-0579,entrepreneurship,0.25,0.25,0.0,2026-08-01T09:00:00+00:00
3.0,profile-v3-0579,travel,0.25,0.25,0.0,2026-08-01T09:00:00+00:00
3.0,profile-v3-0580,health-sciences,0.166667,0.166667,0.0,2026-08-01T09:00:00+00:00
3.0,profile-v3-0580,product,0.166667,0.166667,0.0,2026-08-01T09:00:00+00:00
3.0,profile-v3-0580,engineering,0.166667,0.166667,0.0,2026-08-01T09:00:00+00:00
3.0,profile-v3-0580,languages,0.166667,0.166667,0.0,2026-08-01T09:00:00+00:00
3.0,profile-v3-0580,social-responsibility,0.166667,0.166667,0.0,2026-08-01T09:00:00+00:00
3.0,profile-v3-0580,data-science,0.166667,0.166667,0.0,2026-08-01T09:00:00+00:00
3.0,profile-v3-0581,wellbeing,0.25,0.25,0.0,2026-08-01T09:00:00+00:00
3.0,profile-v3-0581,health-sciences,0.25,0.25,0.0,2026-08-01T09:00:00+00:00
3.0,profile-v3-0581,finance,0.25,0.25,0.0,2026-08-01T09:00:00+00:00
3.0,profile-v3-0581,nutrition,0.25,0.25,0.0,2026-08-01T09:00:00+00:00
3.0,profile-v3-0582,social-responsibility,0.125,0.125,0.0,2026-08-01T09:00:00+00:00
3.0,profile-v3-0582,culture,0.125,0.125,0.0,2026-08-01T09:00:00+00:00
3.0,profile-v3-0582,social-sciences,0.125,0.125,0.0,2026-08-01T09:00:00+00:00
3.0,profile-v3-0582,engineering,0.125,0.125,0.0,2026-08-01T09:00:00+00:00
3.0,profile-v3-0582,theatre,0.125,0.125,0.0,2026-08-01T09:00:00+00:00
3.0,profile-v3-0582,health-sciences,0.125,0.125,0.0,2026-08-01T09:00:00+00:00
3.0,profile-v3-0582,mobile-development,0.125,0.125,0.0,2026-08-01T09:00:00+00:00
3.0,profile-v3-0582,web-development,0.125,0.125,0.0,2026-08-01T09:00:00+00:00
3.0,profile-v3-0583,ui-ux,0.25,0.25,0.0,2026-08-01T09:00:00+00:00
3.0,profile-v3-0583,photography,0.25,0.25,0.0,2026-08-01T09:00:00+00:00
3.0,profile-v3-0583,game-development,0.25,0.25,0.0,2026-08-01T09:00:00+00:00
3.0,profile-v3-0583,product,0.25,0.25,0.0,2026-08-01T09:00:00+00:00
3.0,profile-v3-0584,health-sciences,0.166667,0.166667,0.0,2026-08-01T09:00:00+00:00
3.0,profile-v3-0584,sustainability,0.166667,0.166667,0.0,2026-08-01T09:00:00+00:00
3.0,profile-v3-0584,ai,0.166667,0.166667,0.0,2026-08-01T09:00:00+00:00
3.0,profile-v3-0584,theatre,0.166667,0.166667,0.0,2026-08-01T09:00:00+00:00
3.0,profile-v3-0584,languages,0.166667,0.166667,0.0,2026-08-01T09:00:00+00:00
3.0,profile-v3-0584,entrepreneurship,0.166667,0.166667,0.0,2026-08-01T09:00:00+00:00
3.0,profile-v3-0585,volunteering,0.2,0.2,0.0,2026-08-01T09:00:00+00:00
3.0,profile-v3-0585,travel,0.2,0.2,0.0,2026-08-01T09:00:00+00:00
3.0,profile-v3-0585,ai,0.2,0.2,0.0,2026-08-01T09:00:00+00:00
3.0,profile-v3-0585,graphic-design,0.2,0.2,0.0,2026-08-01T09:00:00+00:00
3.0,profile-v3-0585,theatre,0.2,0.2,0.0,2026-08-01T09:00:00+00:00
3.0,profile-v3-0586,photography,0.142857,0.142857,0.0,2026-08-01T09:00:00+00:00
3.0,profile-v3-0586,ai,0.142857,0.142857,0.0,2026-08-01T09:00:00+00:00
3.0,profile-v3-0586,game-development,0.142857,0.142857,0.0,2026-08-01T09:00:00+00:00
3.0,profile-v3-0586,ui-ux,0.142857,0.142857,0.0,2026-08-01T09:00:00+00:00
3.0,profile-v3-0586,volunteering,0.142857,0.142857,0.0,2026-08-01T09:00:00+00:00
3.0,profile-v3-0586,mental-health,0.142857,0.142857,0.0,2026-08-01T09:00:00+00:00
3.0,profile-v3-0586,culture,0.142857,0.142857,0.0,2026-08-01T09:00:00+00:00
3.0,profile-v3-0587,travel,0.142857,0.142857,0.0,2026-08-01T09:00:00+00:00
3.0,profile-v3-0587,social-sciences,0.142857,0.142857,0.0,2026-08-01T09:00:00+00:00
3.0,profile-v3-0587,volunteering,0.142857,0.142857,0.0,2026-08-01T09:00:00+00:00
3.0,profile-v3-0587,theatre,0.142857,0.142857,0.0,2026-08-01T09:00:00+00:00
3.0,profile-v3-0587,international-community,0.142857,0.142857,0.0,2026-08-01T09:00:00+00:00
3.0,profile-v3-0587,game-development,0.142857,0.142857,0.0,2026-08-01T09:00:00+00:00
3.0,profile-v3-0587,graphic-design,0.142857,0.142857,0.0,2026-08-01T09:00:00+00:00
3.0,profile-v3-0588,web-development,0.142857,0.142857,0.0,2026-08-01T09:00:00+00:00
3.0,profile-v3-0588,languages,0.142857,0.142857,0.0,2026-08-01T09:00:00+00:00
3.0,profile-v3-0588,theatre,0.142857,0.142857,0.0,2026-08-01T09:00:00+00:00
3.0,profile-v3-0588,wellbeing,0.142857,0.142857,0.0,2026-08-01T09:00:00+00:00
3.0,profile-v3-0588,sports,0.142857,0.142857,0.0,2026-08-01T09:00:00+00:00
3.0,profile-v3-0588,nutrition,0.142857,0.142857,0.0,2026-08-01T09:00:00+00:00
3.0,profile-v3-0588,finance,0.142857,0.142857,0.0,2026-08-01T09:00:00+00:00
3.0,profile-v3-0589,product,0.2,0.2,0.0,2026-08-01T09:00:00+00:00
3.0,profile-v3-0589,mobile-development,0.2,0.2,0.0,2026-08-01T09:00:00+00:00
3.0,profile-v3-0589,entrepreneurship,0.2,0.2,0.0,2026-08-01T09:00:00+00:00
3.0,profile-v3-0589,languages,0.2,0.2,0.0,2026-08-01T09:00:00+00:00
3.0,profile-v3-0589,mental-health,0.2,0.2,0.0,2026-08-01T09:00:00+00:00
3.0,profile-v3-0590,data-science,0.125,0.125,0.0,2026-08-01T09:00:00+00:00
3.0,profile-v3-0590,ui-ux,0.125,0.125,0.0,2026-08-01T09:00:00+00:00
3.0,profile-v3-0590,international-community,0.125,0.125,0.0,2026-08-01T09:00:00+00:00
3.0,profile-v3-0590,finance,0.125,0.125,0.0,2026-08-01T09:00:00+00:00
3.0,profile-v3-0590,languages,0.125,0.125,0.0,2026-08-01T09:00:00+00:00
3.0,profile-v3-0590,entrepreneurship,0.125,0.125,0.0,2026-08-01T09:00:00+00:00
3.0,profile-v3-0590,nutrition,0.125,0.125,0.0,2026-08-01T09:00:00+00:00
3.0,profile-v3-0590,sports,0.125,0.125,0.0,2026-08-01T09:00:00+00:00
3.0,profile-v3-0591,culture,0.2,0.2,0.0,2026-08-01T09:00:00+00:00
3.0,profile-v3-0591,health-sciences,0.2,0.2,0.0,2026-08-01T09:00:00+00:00
3.0,profile-v3-0591,languages,0.2,0.2,0.0,2026-08-01T09:00:00+00:00
3.0,profile-v3-0591,web-development,0.2,0.2,0.0,2026-08-01T09:00:00+00:00
3.0,profile-v3-0591,travel,0.2,0.2,0.0,2026-08-01T09:00:00+00:00
3.0,profile-v3-0592,music,0.25,0.25,0.0,2026-08-01T09:00:00+00:00
3.0,profile-v3-0592,mental-health,0.25,0.25,0.0,2026-08-01T09:00:00+00:00
3.0,profile-v3-0592,health-sciences,0.25,0.25,0.0,2026-08-01T09:00:00+00:00
3.0,profile-v3-0592,international-community,0.25,0.25,0.0,2026-08-01T09:00:00+00:00
3.0,profile-v3-0593,culture,0.125,0.125,0.0,2026-08-01T09:00:00+00:00
3.0,profile-v3-0593,international-community,0.125,0.125,0.0,2026-08-01T09:00:00+00:00
3.0,profile-v3-0593,nutrition,0.125,0.125,0.0,2026-08-01T09:00:00+00:00
3.0,profile-v3-0593,social-responsibility,0.125,0.125,0.0,2026-08-01T09:00:00+00:00
3.0,profile-v3-0593,ui-ux,0.125,0.125,0.0,2026-08-01T09:00:00+00:00
3.0,profile-v3-0593,graphic-design,0.125,0.125,0.0,2026-08-01T09:00:00+00:00
3.0,profile-v3-0593,finance,0.125,0.125,0.0,2026-08-01T09:00:00+00:00
3.0,profile-v3-0593,web-development,0.125,0.125,0.0,2026-08-01T09:00:00+00:00
3.0,profile-v3-0594,natural-sciences,0.333333,0.333333,0.0,2026-08-01T09:00:00+00:00
3.0,profile-v3-0594,photography,0.333333,0.333333,0.0,2026-08-01T09:00:00+00:00
3.0,profile-v3-0594,wellbeing,0.333333,0.333333,0.0,2026-08-01T09:00:00+00:00
3.0,profile-v3-0595,photography,0.166667,0.166667,0.0,2026-08-01T09:00:00+00:00
3.0,profile-v3-0595,cybersecurity,0.166667,0.166667,0.0,2026-08-01T09:00:00+00:00
3.0,profile-v3-0595,nutrition,0.166667,0.166667,0.0,2026-08-01T09:00:00+00:00
3.0,profile-v3-0595,game-development,0.166667,0.166667,0.0,2026-08-01T09:00:00+00:00
3.0,profile-v3-0595,international-community,0.166667,0.166667,0.0,2026-08-01T09:00:00+00:00
3.0,profile-v3-0595,sustainability,0.166667,0.166667,0.0,2026-08-01T09:00:00+00:00
3.0,profile-v3-0596,social-sciences,0.142857,0.142857,0.0,2026-08-01T09:00:00+00:00
3.0,profile-v3-0596,career,0.142857,0.142857,0.0,2026-08-01T09:00:00+00:00
3.0,profile-v3-0596,health-sciences,0.142857,0.142857,0.0,2026-08-01T09:00:00+00:00
3.0,profile-v3-0596,mental-health,0.142857,0.142857,0.0,2026-08-01T09:00:00+00:00
3.0,profile-v3-0596,theatre,0.142857,0.142857,0.0,2026-08-01T09:00:00+00:00
3.0,profile-v3-0596,travel,0.142857,0.142857,0.0,2026-08-01T09:00:00+00:00
3.0,profile-v3-0596,volunteering,0.142857,0.142857,0.0,2026-08-01T09:00:00+00:00
3.0,profile-v3-0597,volunteering,0.142857,0.142857,0.0,2026-08-01T09:00:00+00:00
3.0,profile-v3-0597,engineering,0.142857,0.142857,0.0,2026-08-01T09:00:00+00:00
3.0,profile-v3-0597,product,0.142857,0.142857,0.0,2026-08-01T09:00:00+00:00
3.0,profile-v3-0597,wellbeing,0.142857,0.142857,0.0,2026-08-01T09:00:00+00:00
3.0,profile-v3-0597,nutrition,0.142857,0.142857,0.0,2026-08-01T09:00:00+00:00
3.0,profile-v3-0597,graphic-design,0.142857,0.142857,0.0,2026-08-01T09:00:00+00:00
3.0,profile-v3-0597,game-development,0.142857,0.142857,0.0,2026-08-01T09:00:00+00:00
3.0,profile-v3-0598,sustainability,0.333333,0.333333,0.0,2026-08-01T09:00:00+00:00
3.0,profile-v3-0598,social-sciences,0.333333,0.333333,0.0,2026-08-01T09:00:00+00:00
3.0,profile-v3-0598,nutrition,0.333333,0.333333,0.0,2026-08-01T09:00:00+00:00
3.0,profile-v3-0599,photography,0.333333,0.333333,0.0,2026-08-01T09:00:00+00:00
3.0,profile-v3-0599,finance,0.333333,0.333333,0.0,2026-08-01T09:00:00+00:00
3.0,profile-v3-0599,nutrition,0.333333,0.333333,0.0,2026-08-01T09:00:00+00:00
3.0,profile-v3-0600,social-sciences,0.166667,0.166667,0.0,2026-08-01T09:00:00+00:00
3.0,profile-v3-0600,graphic-design,0.166667,0.166667,0.0,2026-08-01T09:00:00+00:00
3.0,profile-v3-0600,culture,0.166667,0.166667,0.0,2026-08-01T09:00:00+00:00
3.0,profile-v3-0600,ai,0.166667,0.166667,0.0,2026-08-01T09:00:00+00:00
3.0,profile-v3-0600,languages,0.166667,0.166667,0.0,2026-08-01T09:00:00+00:00
3.0,profile-v3-0600,engineering,0.166667,0.166667,0.0,2026-08-01T09:00:00+00:00
3.0,profile-v3-0601,finance,0.333333,0.333333,0.0,2026-08-01T09:00:00+00:00
3.0,profile-v3-0601,culture,0.333333,0.333333,0.0,2026-08-01T09:00:00+00:00
3.0,profile-v3-0601,travel,0.333333,0.333333,0.0,2026-08-01T09:00:00+00:00
3.0,profile-v3-0602,natural-sciences,0.142857,0.142857,0.0,2026-08-01T09:00:00+00:00
3.0,profile-v3-0602,sustainability,0.142857,0.142857,0.0,2026-08-01T09:00:00+00:00
3.0,profile-v3-0602,photography,0.142857,0.142857,0.0,2026-08-01T09:00:00+00:00
3.0,profile-v3-0602,culture,0.142857,0.142857,0.0,2026-08-01T09:00:00+00:00
3.0,profile-v3-0602,graphic-design,0.142857,0.142857,0.0,2026-08-01T09:00:00+00:00
3.0,profile-v3-0602,career,0.142857,0.142857,0.0,2026-08-01T09:00:00+00:00
3.0,profile-v3-0602,ai,0.142857,0.142857,0.0,2026-08-01T09:00:00+00:00
3.0,profile-v3-0603,cybersecurity,0.25,0.25,0.0,2026-08-01T09:00:00+00:00
3.0,profile-v3-0603,mental-health,0.25,0.25,0.0,2026-08-01T09:00:00+00:00
3.0,profile-v3-0603,mobile-development,0.25,0.25,0.0,2026-08-01T09:00:00+00:00
3.0,profile-v3-0603,languages,0.25,0.25,0.0,2026-08-01T09:00:00+00:00
3.0,profile-v3-0604,mobile-development,0.142857,0.142857,0.0,2026-08-01T09:00:00+00:00
3.0,profile-v3-0604,ai,0.142857,0.142857,0.0,2026-08-01T09:00:00+00:00
3.0,profile-v3-0604,international-community,0.142857,0.142857,0.0,2026-08-01T09:00:00+00:00
3.0,profile-v3-0604,engineering,0.142857,0.142857,0.0,2026-08-01T09:00:00+00:00
3.0,profile-v3-0604,wellbeing,0.142857,0.142857,0.0,2026-08-01T09:00:00+00:00
3.0,profile-v3-0604,travel,0.142857,0.142857,0.0,2026-08-01T09:00:00+00:00
3.0,profile-v3-0604,photography,0.142857,0.142857,0.0,2026-08-01T09:00:00+00:00
3.0,profile-v3-0605,music,0.166667,0.166667,0.0,2026-08-01T09:00:00+00:00
3.0,profile-v3-0605,sports,0.166667,0.166667,0.0,2026-08-01T09:00:00+00:00
3.0,profile-v3-0605,ai,0.166667,0.166667,0.0,2026-08-01T09:00:00+00:00
3.0,profile-v3-0605,photography,0.166667,0.166667,0.0,2026-08-01T09:00:00+00:00
3.0,profile-v3-0605,graphic-design,0.166667,0.166667,0.0,2026-08-01T09:00:00+00:00
3.0,profile-v3-0605,web-development,0.166667,0.166667,0.0,2026-08-01T09:00:00+00:00
3.0,profile-v3-0606,volunteering,0.166667,0.166667,0.0,2026-08-01T09:00:00+00:00
3.0,profile-v3-0606,product,0.166667,0.166667,0.0,2026-08-01T09:00:00+00:00
3.0,profile-v3-0606,photography,0.166667,0.166667,0.0,2026-08-01T09:00:00+00:00
3.0,profile-v3-0606,theatre,0.166667,0.166667,0.0,2026-08-01T09:00:00+00:00
3.0,profile-v3-0606,nutrition,0.166667,0.166667,0.0,2026-08-01T09:00:00+00:00
3.0,profile-v3-0606,web-development,0.166667,0.166667,0.0,2026-08-01T09:00:00+00:00
3.0,profile-v3-0607,health-sciences,0.2,0.2,0.0,2026-08-01T09:00:00+00:00
3.0,profile-v3-0607,natural-sciences,0.2,0.2,0.0,2026-08-01T09:00:00+00:00
3.0,profile-v3-0607,ai,0.2,0.2,0.0,2026-08-01T09:00:00+00:00
3.0,profile-v3-0607,sports,0.2,0.2,0.0,2026-08-01T09:00:00+00:00
3.0,profile-v3-0607,international-community,0.2,0.2,0.0,2026-08-01T09:00:00+00:00
3.0,profile-v3-0608,music,0.2,0.2,0.0,2026-08-01T09:00:00+00:00
3.0,profile-v3-0608,sustainability,0.2,0.2,0.0,2026-08-01T09:00:00+00:00
3.0,profile-v3-0608,data-science,0.2,0.2,0.0,2026-08-01T09:00:00+00:00
3.0,profile-v3-0608,culture,0.2,0.2,0.0,2026-08-01T09:00:00+00:00
3.0,profile-v3-0608,graphic-design,0.2,0.2,0.0,2026-08-01T09:00:00+00:00
3.0,profile-v3-0609,social-sciences,0.25,0.25,0.0,2026-08-01T09:00:00+00:00
3.0,profile-v3-0609,photography,0.25,0.25,0.0,2026-08-01T09:00:00+00:00
3.0,profile-v3-0609,data-science,0.25,0.25,0.0,2026-08-01T09:00:00+00:00
3.0,profile-v3-0609,web-development,0.25,0.25,0.0,2026-08-01T09:00:00+00:00
3.0,profile-v3-0610,sports,0.333333,0.333333,0.0,2026-08-01T09:00:00+00:00
3.0,profile-v3-0610,health-sciences,0.333333,0.333333,0.0,2026-08-01T09:00:00+00:00
3.0,profile-v3-0610,volunteering,0.333333,0.333333,0.0,2026-08-01T09:00:00+00:00
3.0,profile-v3-0611,nutrition,0.142857,0.142857,0.0,2026-08-01T09:00:00+00:00
3.0,profile-v3-0611,entrepreneurship,0.142857,0.142857,0.0,2026-08-01T09:00:00+00:00
3.0,profile-v3-0611,culture,0.142857,0.142857,0.0,2026-08-01T09:00:00+00:00
3.0,profile-v3-0611,theatre,0.142857,0.142857,0.0,2026-08-01T09:00:00+00:00
3.0,profile-v3-0611,health-sciences,0.142857,0.142857,0.0,2026-08-01T09:00:00+00:00
3.0,profile-v3-0611,cybersecurity,0.142857,0.142857,0.0,2026-08-01T09:00:00+00:00
3.0,profile-v3-0611,ai,0.142857,0.142857,0.0,2026-08-01T09:00:00+00:00
3.0,profile-v3-0612,ui-ux,0.166667,0.166667,0.0,2026-08-01T09:00:00+00:00
3.0,profile-v3-0612,social-responsibility,0.166667,0.166667,0.0,2026-08-01T09:00:00+00:00
3.0,profile-v3-0612,mobile-development,0.166667,0.166667,0.0,2026-08-01T09:00:00+00:00
3.0,profile-v3-0612,product,0.166667,0.166667,0.0,2026-08-01T09:00:00+00:00
3.0,profile-v3-0612,health-sciences,0.166667,0.166667,0.0,2026-08-01T09:00:00+00:00
3.0,profile-v3-0612,volunteering,0.166667,0.166667,0.0,2026-08-01T09:00:00+00:00
3.0,profile-v3-0613,nutrition,0.142857,0.142857,0.0,2026-08-01T09:00:00+00:00
3.0,profile-v3-0613,theatre,0.142857,0.142857,0.0,2026-08-01T09:00:00+00:00
3.0,profile-v3-0613,graphic-design,0.142857,0.142857,0.0,2026-08-01T09:00:00+00:00
3.0,profile-v3-0613,cybersecurity,0.142857,0.142857,0.0,2026-08-01T09:00:00+00:00
3.0,profile-v3-0613,international-community,0.142857,0.142857,0.0,2026-08-01T09:00:00+00:00
3.0,profile-v3-0613,mobile-development,0.142857,0.142857,0.0,2026-08-01T09:00:00+00:00
3.0,profile-v3-0613,ai,0.142857,0.142857,0.0,2026-08-01T09:00:00+00:00
3.0,profile-v3-0614,graphic-design,0.142857,0.142857,0.0,2026-08-01T09:00:00+00:00
3.0,profile-v3-0614,music,0.142857,0.142857,0.0,2026-08-01T09:00:00+00:00
3.0,profile-v3-0614,game-development,0.142857,0.142857,0.0,2026-08-01T09:00:00+00:00
3.0,profile-v3-0614,finance,0.142857,0.142857,0.0,2026-08-01T09:00:00+00:00
3.0,profile-v3-0614,engineering,0.142857,0.142857,0.0,2026-08-01T09:00:00+00:00
3.0,profile-v3-0614,mobile-development,0.142857,0.142857,0.0,2026-08-01T09:00:00+00:00
3.0,profile-v3-0614,nutrition,0.142857,0.142857,0.0,2026-08-01T09:00:00+00:00
3.0,profile-v3-0615,mental-health,0.166667,0.166667,0.0,2026-08-01T09:00:00+00:00
3.0,profile-v3-0615,game-development,0.166667,0.166667,0.0,2026-08-01T09:00:00+00:00
3.0,profile-v3-0615,languages,0.166667,0.166667,0.0,2026-08-01T09:00:00+00:00
3.0,profile-v3-0615,natural-sciences,0.166667,0.166667,0.0,2026-08-01T09:00:00+00:00
3.0,profile-v3-0615,web-development,0.166667,0.166667,0.0,2026-08-01T09:00:00+00:00
3.0,profile-v3-0615,social-sciences,0.166667,0.166667,0.0,2026-08-01T09:00:00+00:00
3.0,profile-v3-0616,product,0.142857,0.142857,0.0,2026-08-01T09:00:00+00:00
3.0,profile-v3-0616,social-sciences,0.142857,0.142857,0.0,2026-08-01T09:00:00+00:00
3.0,profile-v3-0616,culture,0.142857,0.142857,0.0,2026-08-01T09:00:00+00:00
3.0,profile-v3-0616,wellbeing,0.142857,0.142857,0.0,2026-08-01T09:00:00+00:00
3.0,profile-v3-0616,sustainability,0.142857,0.142857,0.0,2026-08-01T09:00:00+00:00
3.0,profile-v3-0616,cybersecurity,0.142857,0.142857,0.0,2026-08-01T09:00:00+00:00
3.0,profile-v3-0616,engineering,0.142857,0.142857,0.0,2026-08-01T09:00:00+00:00
3.0,profile-v3-0617,ai,0.25,0.25,0.0,2026-08-01T09:00:00+00:00
3.0,profile-v3-0617,health-sciences,0.25,0.25,0.0,2026-08-01T09:00:00+00:00
3.0,profile-v3-0617,sustainability,0.25,0.25,0.0,2026-08-01T09:00:00+00:00
3.0,profile-v3-0617,volunteering,0.25,0.25,0.0,2026-08-01T09:00:00+00:00
3.0,profile-v3-0618,ai,0.166667,0.166667,0.0,2026-08-01T09:00:00+00:00
3.0,profile-v3-0618,web-development,0.166667,0.166667,0.0,2026-08-01T09:00:00+00:00
3.0,profile-v3-0618,game-development,0.166667,0.166667,0.0,2026-08-01T09:00:00+00:00
3.0,profile-v3-0618,social-sciences,0.166667,0.166667,0.0,2026-08-01T09:00:00+00:00
3.0,profile-v3-0618,ui-ux,0.166667,0.166667,0.0,2026-08-01T09:00:00+00:00
3.0,profile-v3-0618,entrepreneurship,0.166667,0.166667,0.0,2026-08-01T09:00:00+00:00
3.0,profile-v3-0619,photography,0.333333,0.333333,0.0,2026-08-01T09:00:00+00:00
3.0,profile-v3-0619,music,0.333333,0.333333,0.0,2026-08-01T09:00:00+00:00
3.0,profile-v3-0619,sports,0.333333,0.333333,0.0,2026-08-01T09:00:00+00:00
3.0,profile-v3-0620,sustainability,0.166667,0.166667,0.0,2026-08-01T09:00:00+00:00
3.0,profile-v3-0620,sports,0.166667,0.166667,0.0,2026-08-01T09:00:00+00:00
3.0,profile-v3-0620,graphic-design,0.166667,0.166667,0.0,2026-08-01T09:00:00+00:00
3.0,profile-v3-0620,international-community,0.166667,0.166667,0.0,2026-08-01T09:00:00+00:00
3.0,profile-v3-0620,data-science,0.166667,0.166667,0.0,2026-08-01T09:00:00+00:00
3.0,profile-v3-0620,entrepreneurship,0.166667,0.166667,0.0,2026-08-01T09:00:00+00:00
3.0,profile-v3-0621,travel,0.2,0.2,0.0,2026-08-01T09:00:00+00:00
3.0,profile-v3-0621,social-responsibility,0.2,0.2,0.0,2026-08-01T09:00:00+00:00
3.0,profile-v3-0621,finance,0.2,0.2,0.0,2026-08-01T09:00:00+00:00
3.0,profile-v3-0621,music,0.2,0.2,0.0,2026-08-01T09:00:00+00:00
3.0,profile-v3-0621,nutrition,0.2,0.2,0.0,2026-08-01T09:00:00+00:00
3.0,profile-v3-0622,social-sciences,0.2,0.2,0.0,2026-08-01T09:00:00+00:00
3.0,profile-v3-0622,health-sciences,0.2,0.2,0.0,2026-08-01T09:00:00+00:00
3.0,profile-v3-0622,social-responsibility,0.2,0.2,0.0,2026-08-01T09:00:00+00:00
3.0,profile-v3-0622,nutrition,0.2,0.2,0.0,2026-08-01T09:00:00+00:00
3.0,profile-v3-0622,mobile-development,0.2,0.2,0.0,2026-08-01T09:00:00+00:00
3.0,profile-v3-0623,product,0.333333,0.333333,0.0,2026-08-01T09:00:00+00:00
3.0,profile-v3-0623,ui-ux,0.333333,0.333333,0.0,2026-08-01T09:00:00+00:00
3.0,profile-v3-0623,wellbeing,0.333333,0.333333,0.0,2026-08-01T09:00:00+00:00
3.0,profile-v3-0624,wellbeing,0.2,0.2,0.0,2026-08-01T09:00:00+00:00
3.0,profile-v3-0624,engineering,0.2,0.2,0.0,2026-08-01T09:00:00+00:00
3.0,profile-v3-0624,social-responsibility,0.2,0.2,0.0,2026-08-01T09:00:00+00:00
3.0,profile-v3-0624,web-development,0.2,0.2,0.0,2026-08-01T09:00:00+00:00
3.0,profile-v3-0624,cybersecurity,0.2,0.2,0.0,2026-08-01T09:00:00+00:00
3.0,profile-v3-0625,travel,0.25,0.25,0.0,2026-08-01T09:00:00+00:00
3.0,profile-v3-0625,wellbeing,0.25,0.25,0.0,2026-08-01T09:00:00+00:00
3.0,profile-v3-0625,natural-sciences,0.25,0.25,0.0,2026-08-01T09:00:00+00:00
3.0,profile-v3-0625,volunteering,0.25,0.25,0.0,2026-08-01T09:00:00+00:00
3.0,profile-v3-0626,engineering,0.166667,0.166667,0.0,2026-08-01T09:00:00+00:00
3.0,profile-v3-0626,international-community,0.166667,0.166667,0.0,2026-08-01T09:00:00+00:00
3.0,profile-v3-0626,volunteering,0.166667,0.166667,0.0,2026-08-01T09:00:00+00:00
3.0,profile-v3-0626,data-science,0.166667,0.166667,0.0,2026-08-01T09:00:00+00:00
3.0,profile-v3-0626,health-sciences,0.166667,0.166667,0.0,2026-08-01T09:00:00+00:00
3.0,profile-v3-0626,music,0.166667,0.166667,0.0,2026-08-01T09:00:00+00:00
3.0,profile-v3-0627,travel,0.166667,0.166667,0.0,2026-08-01T09:00:00+00:00
3.0,profile-v3-0627,social-responsibility,0.166667,0.166667,0.0,2026-08-01T09:00:00+00:00
3.0,profile-v3-0627,languages,0.166667,0.166667,0.0,2026-08-01T09:00:00+00:00
3.0,profile-v3-0627,photography,0.166667,0.166667,0.0,2026-08-01T09:00:00+00:00
3.0,profile-v3-0627,engineering,0.166667,0.166667,0.0,2026-08-01T09:00:00+00:00
3.0,profile-v3-0627,graphic-design,0.166667,0.166667,0.0,2026-08-01T09:00:00+00:00
3.0,profile-v3-0628,sustainability,0.142857,0.142857,0.0,2026-08-01T09:00:00+00:00
3.0,profile-v3-0628,finance,0.142857,0.142857,0.0,2026-08-01T09:00:00+00:00
3.0,profile-v3-0628,music,0.142857,0.142857,0.0,2026-08-01T09:00:00+00:00
3.0,profile-v3-0628,photography,0.142857,0.142857,0.0,2026-08-01T09:00:00+00:00
3.0,profile-v3-0628,graphic-design,0.142857,0.142857,0.0,2026-08-01T09:00:00+00:00
3.0,profile-v3-0628,cybersecurity,0.142857,0.142857,0.0,2026-08-01T09:00:00+00:00
3.0,profile-v3-0628,nutrition,0.142857,0.142857,0.0,2026-08-01T09:00:00+00:00
3.0,profile-v3-0629,entrepreneurship,0.25,0.25,0.0,2026-08-01T09:00:00+00:00
3.0,profile-v3-0629,game-development,0.25,0.25,0.0,2026-08-01T09:00:00+00:00
3.0,profile-v3-0629,mental-health,0.25,0.25,0.0,2026-08-01T09:00:00+00:00
3.0,profile-v3-0629,wellbeing,0.25,0.25,0.0,2026-08-01T09:00:00+00:00
3.0,profile-v3-0630,languages,0.166667,0.166667,0.0,2026-08-01T09:00:00+00:00
3.0,profile-v3-0630,international-community,0.166667,0.166667,0.0,2026-08-01T09:00:00+00:00
3.0,profile-v3-0630,photography,0.166667,0.166667,0.0,2026-08-01T09:00:00+00:00
3.0,profile-v3-0630,nutrition,0.166667,0.166667,0.0,2026-08-01T09:00:00+00:00
3.0,profile-v3-0630,ui-ux,0.166667,0.166667,0.0,2026-08-01T09:00:00+00:00
3.0,profile-v3-0630,sustainability,0.166667,0.166667,0.0,2026-08-01T09:00:00+00:00
3.0,profile-v3-0631,wellbeing,0.2,0.2,0.0,2026-08-01T09:00:00+00:00
3.0,profile-v3-0631,natural-sciences,0.2,0.2,0.0,2026-08-01T09:00:00+00:00
3.0,profile-v3-0631,international-community,0.2,0.2,0.0,2026-08-01T09:00:00+00:00
3.0,profile-v3-0631,social-responsibility,0.2,0.2,0.0,2026-08-01T09:00:00+00:00
3.0,profile-v3-0631,product,0.2,0.2,0.0,2026-08-01T09:00:00+00:00
3.0,profile-v3-0632,entrepreneurship,0.142857,0.142857,0.0,2026-08-01T09:00:00+00:00
3.0,profile-v3-0632,photography,0.142857,0.142857,0.0,2026-08-01T09:00:00+00:00
3.0,profile-v3-0632,sustainability,0.142857,0.142857,0.0,2026-08-01T09:00:00+00:00
3.0,profile-v3-0632,career,0.142857,0.142857,0.0,2026-08-01T09:00:00+00:00
3.0,profile-v3-0632,sports,0.142857,0.142857,0.0,2026-08-01T09:00:00+00:00
3.0,profile-v3-0632,cybersecurity,0.142857,0.142857,0.0,2026-08-01T09:00:00+00:00
3.0,profile-v3-0632,culture,0.142857,0.142857,0.0,2026-08-01T09:00:00+00:00
3.0,profile-v3-0633,product,0.166667,0.166667,0.0,2026-08-01T09:00:00+00:00
3.0,profile-v3-0633,culture,0.166667,0.166667,0.0,2026-08-01T09:00:00+00:00
3.0,profile-v3-0633,web-development,0.166667,0.166667,0.0,2026-08-01T09:00:00+00:00
3.0,profile-v3-0633,mobile-development,0.166667,0.166667,0.0,2026-08-01T09:00:00+00:00
3.0,profile-v3-0633,engineering,0.166667,0.166667,0.0,2026-08-01T09:00:00+00:00
3.0,profile-v3-0633,sports,0.166667,0.166667,0.0,2026-08-01T09:00:00+00:00
3.0,profile-v3-0634,culture,0.142857,0.142857,0.0,2026-08-01T09:00:00+00:00
3.0,profile-v3-0634,natural-sciences,0.142857,0.142857,0.0,2026-08-01T09:00:00+00:00
3.0,profile-v3-0634,mobile-development,0.142857,0.142857,0.0,2026-08-01T09:00:00+00:00
3.0,profile-v3-0634,languages,0.142857,0.142857,0.0,2026-08-01T09:00:00+00:00
3.0,profile-v3-0634,ai,0.142857,0.142857,0.0,2026-08-01T09:00:00+00:00
3.0,profile-v3-0634,theatre,0.142857,0.142857,0.0,2026-08-01T09:00:00+00:00
3.0,profile-v3-0634,health-sciences,0.142857,0.142857,0.0,2026-08-01T09:00:00+00:00
3.0,profile-v3-0635,photography,0.142857,0.142857,0.0,2026-08-01T09:00:00+00:00
3.0,profile-v3-0635,mental-health,0.142857,0.142857,0.0,2026-08-01T09:00:00+00:00
3.0,profile-v3-0635,culture,0.142857,0.142857,0.0,2026-08-01T09:00:00+00:00
3.0,profile-v3-0635,ai,0.142857,0.142857,0.0,2026-08-01T09:00:00+00:00
3.0,profile-v3-0635,cybersecurity,0.142857,0.142857,0.0,2026-08-01T09:00:00+00:00
3.0,profile-v3-0635,international-community,0.142857,0.142857,0.0,2026-08-01T09:00:00+00:00
3.0,profile-v3-0635,graphic-design,0.142857,0.142857,0.0,2026-08-01T09:00:00+00:00
3.0,profile-v3-0636,ui-ux,0.333333,0.333333,0.0,2026-08-01T09:00:00+00:00
3.0,profile-v3-0636,mental-health,0.333333,0.333333,0.0,2026-08-01T09:00:00+00:00
3.0,profile-v3-0636,volunteering,0.333333,0.333333,0.0,2026-08-01T09:00:00+00:00
3.0,profile-v3-0637,international-community,0.2,0.2,0.0,2026-08-01T09:00:00+00:00
3.0,profile-v3-0637,social-responsibility,0.2,0.2,0.0,2026-08-01T09:00:00+00:00
3.0,profile-v3-0637,languages,0.2,0.2,0.0,2026-08-01T09:00:00+00:00
3.0,profile-v3-0637,social-sciences,0.2,0.2,0.0,2026-08-01T09:00:00+00:00
3.0,profile-v3-0637,web-development,0.2,0.2,0.0,2026-08-01T09:00:00+00:00
3.0,profile-v3-0638,theatre,0.25,0.25,0.0,2026-08-01T09:00:00+00:00
3.0,profile-v3-0638,game-development,0.25,0.25,0.0,2026-08-01T09:00:00+00:00
3.0,profile-v3-0638,web-development,0.25,0.25,0.0,2026-08-01T09:00:00+00:00
3.0,profile-v3-0638,mobile-development,0.25,0.25,0.0,2026-08-01T09:00:00+00:00
3.0,profile-v3-0639,mobile-development,0.333333,0.333333,0.0,2026-08-01T09:00:00+00:00
3.0,profile-v3-0639,nutrition,0.333333,0.333333,0.0,2026-08-01T09:00:00+00:00
3.0,profile-v3-0639,health-sciences,0.333333,0.333333,0.0,2026-08-01T09:00:00+00:00
3.0,profile-v3-0640,international-community,0.166667,0.166667,0.0,2026-08-01T09:00:00+00:00
3.0,profile-v3-0640,nutrition,0.166667,0.166667,0.0,2026-08-01T09:00:00+00:00
3.0,profile-v3-0640,engineering,0.166667,0.166667,0.0,2026-08-01T09:00:00+00:00
3.0,profile-v3-0640,natural-sciences,0.166667,0.166667,0.0,2026-08-01T09:00:00+00:00
3.0,profile-v3-0640,volunteering,0.166667,0.166667,0.0,2026-08-01T09:00:00+00:00
3.0,profile-v3-0640,entrepreneurship,0.166667,0.166667,0.0,2026-08-01T09:00:00+00:00
3.0,profile-v3-0641,mobile-development,0.2,0.2,0.0,2026-08-01T09:00:00+00:00
3.0,profile-v3-0641,finance,0.2,0.2,0.0,2026-08-01T09:00:00+00:00
3.0,profile-v3-0641,theatre,0.2,0.2,0.0,2026-08-01T09:00:00+00:00
3.0,profile-v3-0641,nutrition,0.2,0.2,0.0,2026-08-01T09:00:00+00:00
3.0,profile-v3-0641,photography,0.2,0.2,0.0,2026-08-01T09:00:00+00:00
3.0,profile-v3-0642,data-science,0.125,0.125,0.0,2026-08-01T09:00:00+00:00
3.0,profile-v3-0642,web-development,0.125,0.125,0.0,2026-08-01T09:00:00+00:00
3.0,profile-v3-0642,mental-health,0.125,0.125,0.0,2026-08-01T09:00:00+00:00
3.0,profile-v3-0642,natural-sciences,0.125,0.125,0.0,2026-08-01T09:00:00+00:00
3.0,profile-v3-0642,culture,0.125,0.125,0.0,2026-08-01T09:00:00+00:00
3.0,profile-v3-0642,volunteering,0.125,0.125,0.0,2026-08-01T09:00:00+00:00
3.0,profile-v3-0642,theatre,0.125,0.125,0.0,2026-08-01T09:00:00+00:00
3.0,profile-v3-0642,entrepreneurship,0.125,0.125,0.0,2026-08-01T09:00:00+00:00
3.0,profile-v3-0643,nutrition,0.125,0.125,0.0,2026-08-01T09:00:00+00:00
3.0,profile-v3-0643,mobile-development,0.125,0.125,0.0,2026-08-01T09:00:00+00:00
3.0,profile-v3-0643,social-responsibility,0.125,0.125,0.0,2026-08-01T09:00:00+00:00
3.0,profile-v3-0643,sustainability,0.125,0.125,0.0,2026-08-01T09:00:00+00:00
3.0,profile-v3-0643,international-community,0.125,0.125,0.0,2026-08-01T09:00:00+00:00
3.0,profile-v3-0643,career,0.125,0.125,0.0,2026-08-01T09:00:00+00:00
3.0,profile-v3-0643,languages,0.125,0.125,0.0,2026-08-01T09:00:00+00:00
3.0,profile-v3-0643,music,0.125,0.125,0.0,2026-08-01T09:00:00+00:00
3.0,profile-v3-0644,nutrition,0.166667,0.166667,0.0,2026-08-01T09:00:00+00:00
3.0,profile-v3-0644,entrepreneurship,0.166667,0.166667,0.0,2026-08-01T09:00:00+00:00
3.0,profile-v3-0644,volunteering,0.166667,0.166667,0.0,2026-08-01T09:00:00+00:00
3.0,profile-v3-0644,languages,0.166667,0.166667,0.0,2026-08-01T09:00:00+00:00
3.0,profile-v3-0644,photography,0.166667,0.166667,0.0,2026-08-01T09:00:00+00:00
3.0,profile-v3-0644,ai,0.166667,0.166667,0.0,2026-08-01T09:00:00+00:00
3.0,profile-v3-0645,web-development,0.2,0.2,0.0,2026-08-01T09:00:00+00:00
3.0,profile-v3-0645,engineering,0.2,0.2,0.0,2026-08-01T09:00:00+00:00
3.0,profile-v3-0645,culture,0.2,0.2,0.0,2026-08-01T09:00:00+00:00
3.0,profile-v3-0645,cybersecurity,0.2,0.2,0.0,2026-08-01T09:00:00+00:00
3.0,profile-v3-0645,graphic-design,0.2,0.2,0.0,2026-08-01T09:00:00+00:00
3.0,profile-v3-0646,graphic-design,0.25,0.25,0.0,2026-08-01T09:00:00+00:00
3.0,profile-v3-0646,game-development,0.25,0.25,0.0,2026-08-01T09:00:00+00:00
3.0,profile-v3-0646,cybersecurity,0.25,0.25,0.0,2026-08-01T09:00:00+00:00
3.0,profile-v3-0646,wellbeing,0.25,0.25,0.0,2026-08-01T09:00:00+00:00
3.0,profile-v3-0647,data-science,0.166667,0.166667,0.0,2026-08-01T09:00:00+00:00
3.0,profile-v3-0647,entrepreneurship,0.166667,0.166667,0.0,2026-08-01T09:00:00+00:00
3.0,profile-v3-0647,travel,0.166667,0.166667,0.0,2026-08-01T09:00:00+00:00
3.0,profile-v3-0647,wellbeing,0.166667,0.166667,0.0,2026-08-01T09:00:00+00:00
3.0,profile-v3-0647,graphic-design,0.166667,0.166667,0.0,2026-08-01T09:00:00+00:00
3.0,profile-v3-0647,international-community,0.166667,0.166667,0.0,2026-08-01T09:00:00+00:00
3.0,profile-v3-0648,travel,0.25,0.25,0.0,2026-08-01T09:00:00+00:00
3.0,profile-v3-0648,photography,0.25,0.25,0.0,2026-08-01T09:00:00+00:00
3.0,profile-v3-0648,natural-sciences,0.25,0.25,0.0,2026-08-01T09:00:00+00:00
3.0,profile-v3-0648,game-development,0.25,0.25,0.0,2026-08-01T09:00:00+00:00
3.0,profile-v3-0649,data-science,0.25,0.25,0.0,2026-08-01T09:00:00+00:00
3.0,profile-v3-0649,volunteering,0.25,0.25,0.0,2026-08-01T09:00:00+00:00
3.0,profile-v3-0649,product,0.25,0.25,0.0,2026-08-01T09:00:00+00:00
3.0,profile-v3-0649,international-community,0.25,0.25,0.0,2026-08-01T09:00:00+00:00
3.0,profile-v3-0650,cybersecurity,0.25,0.25,0.0,2026-08-01T09:00:00+00:00
3.0,profile-v3-0650,data-science,0.25,0.25,0.0,2026-08-01T09:00:00+00:00
3.0,profile-v3-0650,social-responsibility,0.25,0.25,0.0,2026-08-01T09:00:00+00:00
3.0,profile-v3-0650,volunteering,0.25,0.25,0.0,2026-08-01T09:00:00+00:00
3.0,profile-v3-0651,ui-ux,0.142857,0.142857,0.0,2026-08-01T09:00:00+00:00
3.0,profile-v3-0651,natural-sciences,0.142857,0.142857,0.0,2026-08-01T09:00:00+00:00
3.0,profile-v3-0651,sustainability,0.142857,0.142857,0.0,2026-08-01T09:00:00+00:00
3.0,profile-v3-0651,languages,0.142857,0.142857,0.0,2026-08-01T09:00:00+00:00
3.0,profile-v3-0651,data-science,0.142857,0.142857,0.0,2026-08-01T09:00:00+00:00
3.0,profile-v3-0651,game-development,0.142857,0.142857,0.0,2026-08-01T09:00:00+00:00
3.0,profile-v3-0651,ai,0.142857,0.142857,0.0,2026-08-01T09:00:00+00:00
3.0,profile-v3-0652,game-development,0.25,0.25,0.0,2026-08-01T09:00:00+00:00
3.0,profile-v3-0652,mental-health,0.25,0.25,0.0,2026-08-01T09:00:00+00:00
3.0,profile-v3-0652,cybersecurity,0.25,0.25,0.0,2026-08-01T09:00:00+00:00
3.0,profile-v3-0652,international-community,0.25,0.25,0.0,2026-08-01T09:00:00+00:00
3.0,profile-v3-0653,theatre,0.166667,0.166667,0.0,2026-08-01T09:00:00+00:00
3.0,profile-v3-0653,culture,0.166667,0.166667,0.0,2026-08-01T09:00:00+00:00
3.0,profile-v3-0653,sustainability,0.166667,0.166667,0.0,2026-08-01T09:00:00+00:00
3.0,profile-v3-0653,entrepreneurship,0.166667,0.166667,0.0,2026-08-01T09:00:00+00:00
3.0,profile-v3-0653,product,0.166667,0.166667,0.0,2026-08-01T09:00:00+00:00
3.0,profile-v3-0653,finance,0.166667,0.166667,0.0,2026-08-01T09:00:00+00:00
3.0,profile-v3-0654,international-community,0.2,0.2,0.0,2026-08-01T09:00:00+00:00
3.0,profile-v3-0654,travel,0.2,0.2,0.0,2026-08-01T09:00:00+00:00
3.0,profile-v3-0654,ui-ux,0.2,0.2,0.0,2026-08-01T09:00:00+00:00
3.0,profile-v3-0654,ai,0.2,0.2,0.0,2026-08-01T09:00:00+00:00
3.0,profile-v3-0654,graphic-design,0.2,0.2,0.0,2026-08-01T09:00:00+00:00
3.0,profile-v3-0655,ui-ux,0.166667,0.166667,0.0,2026-08-01T09:00:00+00:00
3.0,profile-v3-0655,game-development,0.166667,0.166667,0.0,2026-08-01T09:00:00+00:00
3.0,profile-v3-0655,languages,0.166667,0.166667,0.0,2026-08-01T09:00:00+00:00
3.0,profile-v3-0655,data-science,0.166667,0.166667,0.0,2026-08-01T09:00:00+00:00
3.0,profile-v3-0655,culture,0.166667,0.166667,0.0,2026-08-01T09:00:00+00:00
3.0,profile-v3-0655,natural-sciences,0.166667,0.166667,0.0,2026-08-01T09:00:00+00:00
3.0,profile-v3-0656,data-science,0.2,0.2,0.0,2026-08-01T09:00:00+00:00
3.0,profile-v3-0656,social-responsibility,0.2,0.2,0.0,2026-08-01T09:00:00+00:00
3.0,profile-v3-0656,culture,0.2,0.2,0.0,2026-08-01T09:00:00+00:00
3.0,profile-v3-0656,entrepreneurship,0.2,0.2,0.0,2026-08-01T09:00:00+00:00
3.0,profile-v3-0656,finance,0.2,0.2,0.0,2026-08-01T09:00:00+00:00
3.0,profile-v3-0657,health-sciences,0.25,0.25,0.0,2026-08-01T09:00:00+00:00
3.0,profile-v3-0657,entrepreneurship,0.25,0.25,0.0,2026-08-01T09:00:00+00:00
3.0,profile-v3-0657,cybersecurity,0.25,0.25,0.0,2026-08-01T09:00:00+00:00
3.0,profile-v3-0657,mobile-development,0.25,0.25,0.0,2026-08-01T09:00:00+00:00
3.0,profile-v3-0658,social-responsibility,0.25,0.25,0.0,2026-08-01T09:00:00+00:00
3.0,profile-v3-0658,natural-sciences,0.25,0.25,0.0,2026-08-01T09:00:00+00:00
3.0,profile-v3-0658,languages,0.25,0.25,0.0,2026-08-01T09:00:00+00:00
3.0,profile-v3-0658,engineering,0.25,0.25,0.0,2026-08-01T09:00:00+00:00
3.0,profile-v3-0659,ui-ux,0.142857,0.142857,0.0,2026-08-01T09:00:00+00:00
3.0,profile-v3-0659,data-science,0.142857,0.142857,0.0,2026-08-01T09:00:00+00:00
3.0,profile-v3-0659,mental-health,0.142857,0.142857,0.0,2026-08-01T09:00:00+00:00
3.0,profile-v3-0659,entrepreneurship,0.142857,0.142857,0.0,2026-08-01T09:00:00+00:00
3.0,profile-v3-0659,sports,0.142857,0.142857,0.0,2026-08-01T09:00:00+00:00
3.0,profile-v3-0659,music,0.142857,0.142857,0.0,2026-08-01T09:00:00+00:00
3.0,profile-v3-0659,volunteering,0.142857,0.142857,0.0,2026-08-01T09:00:00+00:00
3.0,profile-v3-0660,ui-ux,0.125,0.125,0.0,2026-08-01T09:00:00+00:00
3.0,profile-v3-0660,health-sciences,0.125,0.125,0.0,2026-08-01T09:00:00+00:00
3.0,profile-v3-0660,culture,0.125,0.125,0.0,2026-08-01T09:00:00+00:00
3.0,profile-v3-0660,mental-health,0.125,0.125,0.0,2026-08-01T09:00:00+00:00
3.0,profile-v3-0660,social-responsibility,0.125,0.125,0.0,2026-08-01T09:00:00+00:00
3.0,profile-v3-0660,cybersecurity,0.125,0.125,0.0,2026-08-01T09:00:00+00:00
3.0,profile-v3-0660,international-community,0.125,0.125,0.0,2026-08-01T09:00:00+00:00
3.0,profile-v3-0660,volunteering,0.125,0.125,0.0,2026-08-01T09:00:00+00:00
3.0,profile-v3-0661,international-community,0.333333,0.333333,0.0,2026-08-01T09:00:00+00:00
3.0,profile-v3-0661,graphic-design,0.333333,0.333333,0.0,2026-08-01T09:00:00+00:00
3.0,profile-v3-0661,natural-sciences,0.333333,0.333333,0.0,2026-08-01T09:00:00+00:00
3.0,profile-v3-0662,photography,0.25,0.25,0.0,2026-08-01T09:00:00+00:00
3.0,profile-v3-0662,ai,0.25,0.25,0.0,2026-08-01T09:00:00+00:00
3.0,profile-v3-0662,nutrition,0.25,0.25,0.0,2026-08-01T09:00:00+00:00
3.0,profile-v3-0662,product,0.25,0.25,0.0,2026-08-01T09:00:00+00:00
3.0,profile-v3-0663,international-community,0.166667,0.166667,0.0,2026-08-01T09:00:00+00:00
3.0,profile-v3-0663,entrepreneurship,0.166667,0.166667,0.0,2026-08-01T09:00:00+00:00
3.0,profile-v3-0663,nutrition,0.166667,0.166667,0.0,2026-08-01T09:00:00+00:00
3.0,profile-v3-0663,ai,0.166667,0.166667,0.0,2026-08-01T09:00:00+00:00
3.0,profile-v3-0663,career,0.166667,0.166667,0.0,2026-08-01T09:00:00+00:00
3.0,profile-v3-0663,volunteering,0.166667,0.166667,0.0,2026-08-01T09:00:00+00:00
3.0,profile-v3-0664,music,0.166667,0.166667,0.0,2026-08-01T09:00:00+00:00
3.0,profile-v3-0664,volunteering,0.166667,0.166667,0.0,2026-08-01T09:00:00+00:00
3.0,profile-v3-0664,social-sciences,0.166667,0.166667,0.0,2026-08-01T09:00:00+00:00
3.0,profile-v3-0664,engineering,0.166667,0.166667,0.0,2026-08-01T09:00:00+00:00
3.0,profile-v3-0664,nutrition,0.166667,0.166667,0.0,2026-08-01T09:00:00+00:00
3.0,profile-v3-0664,product,0.166667,0.166667,0.0,2026-08-01T09:00:00+00:00
3.0,profile-v3-0665,volunteering,0.333333,0.333333,0.0,2026-08-01T09:00:00+00:00
3.0,profile-v3-0665,photography,0.333333,0.333333,0.0,2026-08-01T09:00:00+00:00
3.0,profile-v3-0665,cybersecurity,0.333333,0.333333,0.0,2026-08-01T09:00:00+00:00
3.0,profile-v3-0666,product,0.125,0.125,0.0,2026-08-01T09:00:00+00:00
3.0,profile-v3-0666,cybersecurity,0.125,0.125,0.0,2026-08-01T09:00:00+00:00
3.0,profile-v3-0666,web-development,0.125,0.125,0.0,2026-08-01T09:00:00+00:00
3.0,profile-v3-0666,travel,0.125,0.125,0.0,2026-08-01T09:00:00+00:00
3.0,profile-v3-0666,health-sciences,0.125,0.125,0.0,2026-08-01T09:00:00+00:00
3.0,profile-v3-0666,music,0.125,0.125,0.0,2026-08-01T09:00:00+00:00
3.0,profile-v3-0666,culture,0.125,0.125,0.0,2026-08-01T09:00:00+00:00
3.0,profile-v3-0666,natural-sciences,0.125,0.125,0.0,2026-08-01T09:00:00+00:00
3.0,profile-v3-0667,social-sciences,0.166667,0.166667,0.0,2026-08-01T09:00:00+00:00
3.0,profile-v3-0667,finance,0.166667,0.166667,0.0,2026-08-01T09:00:00+00:00
3.0,profile-v3-0667,graphic-design,0.166667,0.166667,0.0,2026-08-01T09:00:00+00:00
3.0,profile-v3-0667,data-science,0.166667,0.166667,0.0,2026-08-01T09:00:00+00:00
3.0,profile-v3-0667,natural-sciences,0.166667,0.166667,0.0,2026-08-01T09:00:00+00:00
3.0,profile-v3-0667,mobile-development,0.166667,0.166667,0.0,2026-08-01T09:00:00+00:00
3.0,profile-v3-0668,health-sciences,0.125,0.125,0.0,2026-08-01T09:00:00+00:00
3.0,profile-v3-0668,wellbeing,0.125,0.125,0.0,2026-08-01T09:00:00+00:00
3.0,profile-v3-0668,nutrition,0.125,0.125,0.0,2026-08-01T09:00:00+00:00
3.0,profile-v3-0668,mobile-development,0.125,0.125,0.0,2026-08-01T09:00:00+00:00
3.0,profile-v3-0668,game-development,0.125,0.125,0.0,2026-08-01T09:00:00+00:00
3.0,profile-v3-0668,web-development,0.125,0.125,0.0,2026-08-01T09:00:00+00:00
3.0,profile-v3-0668,data-science,0.125,0.125,0.0,2026-08-01T09:00:00+00:00
3.0,profile-v3-0668,culture,0.125,0.125,0.0,2026-08-01T09:00:00+00:00
3.0,profile-v3-0669,career,0.25,0.25,0.0,2026-08-01T09:00:00+00:00
3.0,profile-v3-0669,culture,0.25,0.25,0.0,2026-08-01T09:00:00+00:00
3.0,profile-v3-0669,mobile-development,0.25,0.25,0.0,2026-08-01T09:00:00+00:00
3.0,profile-v3-0669,travel,0.25,0.25,0.0,2026-08-01T09:00:00+00:00
3.0,profile-v3-0670,travel,0.125,0.125,0.0,2026-08-01T09:00:00+00:00
3.0,profile-v3-0670,finance,0.125,0.125,0.0,2026-08-01T09:00:00+00:00
3.0,profile-v3-0670,entrepreneurship,0.125,0.125,0.0,2026-08-01T09:00:00+00:00
3.0,profile-v3-0670,career,0.125,0.125,0.0,2026-08-01T09:00:00+00:00
3.0,profile-v3-0670,health-sciences,0.125,0.125,0.0,2026-08-01T09:00:00+00:00
3.0,profile-v3-0670,social-responsibility,0.125,0.125,0.0,2026-08-01T09:00:00+00:00
3.0,profile-v3-0670,wellbeing,0.125,0.125,0.0,2026-08-01T09:00:00+00:00
3.0,profile-v3-0670,social-sciences,0.125,0.125,0.0,2026-08-01T09:00:00+00:00
3.0,profile-v3-0671,finance,0.125,0.125,0.0,2026-08-01T09:00:00+00:00
3.0,profile-v3-0671,game-development,0.125,0.125,0.0,2026-08-01T09:00:00+00:00
3.0,profile-v3-0671,music,0.125,0.125,0.0,2026-08-01T09:00:00+00:00
3.0,profile-v3-0671,culture,0.125,0.125,0.0,2026-08-01T09:00:00+00:00
3.0,profile-v3-0671,international-community,0.125,0.125,0.0,2026-08-01T09:00:00+00:00
3.0,profile-v3-0671,entrepreneurship,0.125,0.125,0.0,2026-08-01T09:00:00+00:00
3.0,profile-v3-0671,travel,0.125,0.125,0.0,2026-08-01T09:00:00+00:00
3.0,profile-v3-0671,sports,0.125,0.125,0.0,2026-08-01T09:00:00+00:00
3.0,profile-v3-0672,game-development,0.2,0.2,0.0,2026-08-01T09:00:00+00:00
3.0,profile-v3-0672,health-sciences,0.2,0.2,0.0,2026-08-01T09:00:00+00:00
3.0,profile-v3-0672,mental-health,0.2,0.2,0.0,2026-08-01T09:00:00+00:00
3.0,profile-v3-0672,wellbeing,0.2,0.2,0.0,2026-08-01T09:00:00+00:00
3.0,profile-v3-0672,graphic-design,0.2,0.2,0.0,2026-08-01T09:00:00+00:00
3.0,profile-v3-0673,graphic-design,0.2,0.2,0.0,2026-08-01T09:00:00+00:00
3.0,profile-v3-0673,entrepreneurship,0.2,0.2,0.0,2026-08-01T09:00:00+00:00
3.0,profile-v3-0673,mobile-development,0.2,0.2,0.0,2026-08-01T09:00:00+00:00
3.0,profile-v3-0673,data-science,0.2,0.2,0.0,2026-08-01T09:00:00+00:00
3.0,profile-v3-0673,cybersecurity,0.2,0.2,0.0,2026-08-01T09:00:00+00:00
3.0,profile-v3-0674,nutrition,0.125,0.125,0.0,2026-08-01T09:00:00+00:00
3.0,profile-v3-0674,entrepreneurship,0.125,0.125,0.0,2026-08-01T09:00:00+00:00
3.0,profile-v3-0674,health-sciences,0.125,0.125,0.0,2026-08-01T09:00:00+00:00
3.0,profile-v3-0674,theatre,0.125,0.125,0.0,2026-08-01T09:00:00+00:00
3.0,profile-v3-0674,social-sciences,0.125,0.125,0.0,2026-08-01T09:00:00+00:00
3.0,profile-v3-0674,career,0.125,0.125,0.0,2026-08-01T09:00:00+00:00
3.0,profile-v3-0674,social-responsibility,0.125,0.125,0.0,2026-08-01T09:00:00+00:00
3.0,profile-v3-0674,game-development,0.125,0.125,0.0,2026-08-01T09:00:00+00:00
3.0,profile-v3-0675,game-development,0.333333,0.333333,0.0,2026-08-01T09:00:00+00:00
3.0,profile-v3-0675,sports,0.333333,0.333333,0.0,2026-08-01T09:00:00+00:00
3.0,profile-v3-0675,natural-sciences,0.333333,0.333333,0.0,2026-08-01T09:00:00+00:00
3.0,profile-v3-0676,international-community,0.333333,0.333333,0.0,2026-08-01T09:00:00+00:00
3.0,profile-v3-0676,cybersecurity,0.333333,0.333333,0.0,2026-08-01T09:00:00+00:00
3.0,profile-v3-0676,photography,0.333333,0.333333,0.0,2026-08-01T09:00:00+00:00
3.0,profile-v3-0677,social-sciences,0.142857,0.142857,0.0,2026-08-01T09:00:00+00:00
3.0,profile-v3-0677,web-development,0.142857,0.142857,0.0,2026-08-01T09:00:00+00:00
3.0,profile-v3-0677,data-science,0.142857,0.142857,0.0,2026-08-01T09:00:00+00:00
3.0,profile-v3-0677,theatre,0.142857,0.142857,0.0,2026-08-01T09:00:00+00:00
3.0,profile-v3-0677,graphic-design,0.142857,0.142857,0.0,2026-08-01T09:00:00+00:00
3.0,profile-v3-0677,photography,0.142857,0.142857,0.0,2026-08-01T09:00:00+00:00
3.0,profile-v3-0677,health-sciences,0.142857,0.142857,0.0,2026-08-01T09:00:00+00:00
3.0,profile-v3-0678,web-development,0.125,0.125,0.0,2026-08-01T09:00:00+00:00
3.0,profile-v3-0678,engineering,0.125,0.125,0.0,2026-08-01T09:00:00+00:00
3.0,profile-v3-0678,theatre,0.125,0.125,0.0,2026-08-01T09:00:00+00:00
3.0,profile-v3-0678,social-sciences,0.125,0.125,0.0,2026-08-01T09:00:00+00:00
3.0,profile-v3-0678,sports,0.125,0.125,0.0,2026-08-01T09:00:00+00:00
3.0,profile-v3-0678,culture,0.125,0.125,0.0,2026-08-01T09:00:00+00:00
3.0,profile-v3-0678,languages,0.125,0.125,0.0,2026-08-01T09:00:00+00:00
3.0,profile-v3-0678,ui-ux,0.125,0.125,0.0,2026-08-01T09:00:00+00:00
3.0,profile-v3-0679,photography,0.333333,0.333333,0.0,2026-08-01T09:00:00+00:00
3.0,profile-v3-0679,product,0.333333,0.333333,0.0,2026-08-01T09:00:00+00:00
3.0,profile-v3-0679,ui-ux,0.333333,0.333333,0.0,2026-08-01T09:00:00+00:00
3.0,profile-v3-0680,entrepreneurship,0.166667,0.166667,0.0,2026-08-01T09:00:00+00:00
3.0,profile-v3-0680,social-responsibility,0.166667,0.166667,0.0,2026-08-01T09:00:00+00:00
3.0,profile-v3-0680,cybersecurity,0.166667,0.166667,0.0,2026-08-01T09:00:00+00:00
3.0,profile-v3-0680,mental-health,0.166667,0.166667,0.0,2026-08-01T09:00:00+00:00
3.0,profile-v3-0680,wellbeing,0.166667,0.166667,0.0,2026-08-01T09:00:00+00:00
3.0,profile-v3-0680,product,0.166667,0.166667,0.0,2026-08-01T09:00:00+00:00
3.0,profile-v3-0681,volunteering,0.166667,0.166667,0.0,2026-08-01T09:00:00+00:00
3.0,profile-v3-0681,sports,0.166667,0.166667,0.0,2026-08-01T09:00:00+00:00
3.0,profile-v3-0681,health-sciences,0.166667,0.166667,0.0,2026-08-01T09:00:00+00:00
3.0,profile-v3-0681,graphic-design,0.166667,0.166667,0.0,2026-08-01T09:00:00+00:00
3.0,profile-v3-0681,product,0.166667,0.166667,0.0,2026-08-01T09:00:00+00:00
3.0,profile-v3-0681,career,0.166667,0.166667,0.0,2026-08-01T09:00:00+00:00
3.0,profile-v3-0682,health-sciences,0.125,0.125,0.0,2026-08-01T09:00:00+00:00
3.0,profile-v3-0682,social-sciences,0.125,0.125,0.0,2026-08-01T09:00:00+00:00
3.0,profile-v3-0682,languages,0.125,0.125,0.0,2026-08-01T09:00:00+00:00
3.0,profile-v3-0682,cybersecurity,0.125,0.125,0.0,2026-08-01T09:00:00+00:00
3.0,profile-v3-0682,music,0.125,0.125,0.0,2026-08-01T09:00:00+00:00
3.0,profile-v3-0682,nutrition,0.125,0.125,0.0,2026-08-01T09:00:00+00:00
3.0,profile-v3-0682,data-science,0.125,0.125,0.0,2026-08-01T09:00:00+00:00
3.0,profile-v3-0682,mobile-development,0.125,0.125,0.0,2026-08-01T09:00:00+00:00
3.0,profile-v3-0683,web-development,0.125,0.125,0.0,2026-08-01T09:00:00+00:00
3.0,profile-v3-0683,travel,0.125,0.125,0.0,2026-08-01T09:00:00+00:00
3.0,profile-v3-0683,photography,0.125,0.125,0.0,2026-08-01T09:00:00+00:00
3.0,profile-v3-0683,finance,0.125,0.125,0.0,2026-08-01T09:00:00+00:00
3.0,profile-v3-0683,sustainability,0.125,0.125,0.0,2026-08-01T09:00:00+00:00
3.0,profile-v3-0683,volunteering,0.125,0.125,0.0,2026-08-01T09:00:00+00:00
3.0,profile-v3-0683,mental-health,0.125,0.125,0.0,2026-08-01T09:00:00+00:00
3.0,profile-v3-0683,theatre,0.125,0.125,0.0,2026-08-01T09:00:00+00:00
3.0,profile-v3-0684,international-community,0.142857,0.142857,0.0,2026-08-01T09:00:00+00:00
3.0,profile-v3-0684,social-sciences,0.142857,0.142857,0.0,2026-08-01T09:00:00+00:00
3.0,profile-v3-0684,data-science,0.142857,0.142857,0.0,2026-08-01T09:00:00+00:00
3.0,profile-v3-0684,ai,0.142857,0.142857,0.0,2026-08-01T09:00:00+00:00
3.0,profile-v3-0684,nutrition,0.142857,0.142857,0.0,2026-08-01T09:00:00+00:00
3.0,profile-v3-0684,theatre,0.142857,0.142857,0.0,2026-08-01T09:00:00+00:00
3.0,profile-v3-0684,natural-sciences,0.142857,0.142857,0.0,2026-08-01T09:00:00+00:00
3.0,profile-v3-0685,natural-sciences,0.25,0.25,0.0,2026-08-01T09:00:00+00:00
3.0,profile-v3-0685,international-community,0.25,0.25,0.0,2026-08-01T09:00:00+00:00
3.0,profile-v3-0685,music,0.25,0.25,0.0,2026-08-01T09:00:00+00:00
3.0,profile-v3-0685,sustainability,0.25,0.25,0.0,2026-08-01T09:00:00+00:00
3.0,profile-v3-0686,sustainability,0.2,0.2,0.0,2026-08-01T09:00:00+00:00
3.0,profile-v3-0686,languages,0.2,0.2,0.0,2026-08-01T09:00:00+00:00
3.0,profile-v3-0686,travel,0.2,0.2,0.0,2026-08-01T09:00:00+00:00
3.0,profile-v3-0686,ui-ux,0.2,0.2,0.0,2026-08-01T09:00:00+00:00
3.0,profile-v3-0686,product,0.2,0.2,0.0,2026-08-01T09:00:00+00:00
3.0,profile-v3-0687,nutrition,0.142857,0.142857,0.0,2026-08-01T09:00:00+00:00
3.0,profile-v3-0687,social-sciences,0.142857,0.142857,0.0,2026-08-01T09:00:00+00:00
3.0,profile-v3-0687,theatre,0.142857,0.142857,0.0,2026-08-01T09:00:00+00:00
3.0,profile-v3-0687,languages,0.142857,0.142857,0.0,2026-08-01T09:00:00+00:00
3.0,profile-v3-0687,mental-health,0.142857,0.142857,0.0,2026-08-01T09:00:00+00:00
3.0,profile-v3-0687,health-sciences,0.142857,0.142857,0.0,2026-08-01T09:00:00+00:00
3.0,profile-v3-0687,culture,0.142857,0.142857,0.0,2026-08-01T09:00:00+00:00
3.0,profile-v3-0688,travel,0.142857,0.142857,0.0,2026-08-01T09:00:00+00:00
3.0,profile-v3-0688,graphic-design,0.142857,0.142857,0.0,2026-08-01T09:00:00+00:00
3.0,profile-v3-0688,international-community,0.142857,0.142857,0.0,2026-08-01T09:00:00+00:00
3.0,profile-v3-0688,data-science,0.142857,0.142857,0.0,2026-08-01T09:00:00+00:00
3.0,profile-v3-0688,cybersecurity,0.142857,0.142857,0.0,2026-08-01T09:00:00+00:00
3.0,profile-v3-0688,wellbeing,0.142857,0.142857,0.0,2026-08-01T09:00:00+00:00
3.0,profile-v3-0688,nutrition,0.142857,0.142857,0.0,2026-08-01T09:00:00+00:00
3.0,profile-v3-0689,international-community,0.333333,0.333333,0.0,2026-08-01T09:00:00+00:00
3.0,profile-v3-0689,ui-ux,0.333333,0.333333,0.0,2026-08-01T09:00:00+00:00
3.0,profile-v3-0689,web-development,0.333333,0.333333,0.0,2026-08-01T09:00:00+00:00
3.0,profile-v3-0690,volunteering,0.166667,0.166667,0.0,2026-08-01T09:00:00+00:00
3.0,profile-v3-0690,health-sciences,0.166667,0.166667,0.0,2026-08-01T09:00:00+00:00
3.0,profile-v3-0690,natural-sciences,0.166667,0.166667,0.0,2026-08-01T09:00:00+00:00
3.0,profile-v3-0690,mental-health,0.166667,0.166667,0.0,2026-08-01T09:00:00+00:00
3.0,profile-v3-0690,theatre,0.166667,0.166667,0.0,2026-08-01T09:00:00+00:00
3.0,profile-v3-0690,sustainability,0.166667,0.166667,0.0,2026-08-01T09:00:00+00:00
3.0,profile-v3-0691,culture,0.333333,0.333333,0.0,2026-08-01T09:00:00+00:00
3.0,profile-v3-0691,photography,0.333333,0.333333,0.0,2026-08-01T09:00:00+00:00
3.0,profile-v3-0691,data-science,0.333333,0.333333,0.0,2026-08-01T09:00:00+00:00
3.0,profile-v3-0692,career,0.25,0.25,0.0,2026-08-01T09:00:00+00:00
3.0,profile-v3-0692,product,0.25,0.25,0.0,2026-08-01T09:00:00+00:00
3.0,profile-v3-0692,social-sciences,0.25,0.25,0.0,2026-08-01T09:00:00+00:00
3.0,profile-v3-0692,sports,0.25,0.25,0.0,2026-08-01T09:00:00+00:00
3.0,profile-v3-0693,sustainability,0.125,0.125,0.0,2026-08-01T09:00:00+00:00
3.0,profile-v3-0693,social-responsibility,0.125,0.125,0.0,2026-08-01T09:00:00+00:00
3.0,profile-v3-0693,data-science,0.125,0.125,0.0,2026-08-01T09:00:00+00:00
3.0,profile-v3-0693,career,0.125,0.125,0.0,2026-08-01T09:00:00+00:00
3.0,profile-v3-0693,travel,0.125,0.125,0.0,2026-08-01T09:00:00+00:00
3.0,profile-v3-0693,ui-ux,0.125,0.125,0.0,2026-08-01T09:00:00+00:00
3.0,profile-v3-0693,music,0.125,0.125,0.0,2026-08-01T09:00:00+00:00
3.0,profile-v3-0693,languages,0.125,0.125,0.0,2026-08-01T09:00:00+00:00
3.0,profile-v3-0694,social-responsibility,0.333333,0.333333,0.0,2026-08-01T09:00:00+00:00
3.0,profile-v3-0694,social-sciences,0.333333,0.333333,0.0,2026-08-01T09:00:00+00:00
3.0,profile-v3-0694,international-community,0.333333,0.333333,0.0,2026-08-01T09:00:00+00:00
3.0,profile-v3-0695,web-development,0.25,0.25,0.0,2026-08-01T09:00:00+00:00
3.0,profile-v3-0695,game-development,0.25,0.25,0.0,2026-08-01T09:00:00+00:00
3.0,profile-v3-0695,nutrition,0.25,0.25,0.0,2026-08-01T09:00:00+00:00
3.0,profile-v3-0695,natural-sciences,0.25,0.25,0.0,2026-08-01T09:00:00+00:00
3.0,profile-v3-0696,sports,0.25,0.25,0.0,2026-08-01T09:00:00+00:00
3.0,profile-v3-0696,cybersecurity,0.25,0.25,0.0,2026-08-01T09:00:00+00:00
3.0,profile-v3-0696,nutrition,0.25,0.25,0.0,2026-08-01T09:00:00+00:00
3.0,profile-v3-0696,music,0.25,0.25,0.0,2026-08-01T09:00:00+00:00
3.0,profile-v3-0697,entrepreneurship,0.142857,0.142857,0.0,2026-08-01T09:00:00+00:00
3.0,profile-v3-0697,web-development,0.142857,0.142857,0.0,2026-08-01T09:00:00+00:00
3.0,profile-v3-0697,finance,0.142857,0.142857,0.0,2026-08-01T09:00:00+00:00
3.0,profile-v3-0697,wellbeing,0.142857,0.142857,0.0,2026-08-01T09:00:00+00:00
3.0,profile-v3-0697,international-community,0.142857,0.142857,0.0,2026-08-01T09:00:00+00:00
3.0,profile-v3-0697,music,0.142857,0.142857,0.0,2026-08-01T09:00:00+00:00
3.0,profile-v3-0697,data-science,0.142857,0.142857,0.0,2026-08-01T09:00:00+00:00
3.0,profile-v3-0698,career,0.333333,0.333333,0.0,2026-08-01T09:00:00+00:00
3.0,profile-v3-0698,engineering,0.333333,0.333333,0.0,2026-08-01T09:00:00+00:00
3.0,profile-v3-0698,entrepreneurship,0.333333,0.333333,0.0,2026-08-01T09:00:00+00:00
3.0,profile-v3-0699,game-development,0.333333,0.333333,0.0,2026-08-01T09:00:00+00:00
3.0,profile-v3-0699,mobile-development,0.333333,0.333333,0.0,2026-08-01T09:00:00+00:00
3.0,profile-v3-0699,wellbeing,0.333333,0.333333,0.0,2026-08-01T09:00:00+00:00
3.0,profile-v3-0700,social-responsibility,0.166667,0.166667,0.0,2026-08-01T09:00:00+00:00
3.0,profile-v3-0700,social-sciences,0.166667,0.166667,0.0,2026-08-01T09:00:00+00:00
3.0,profile-v3-0700,mental-health,0.166667,0.166667,0.0,2026-08-01T09:00:00+00:00
3.0,profile-v3-0700,game-development,0.166667,0.166667,0.0,2026-08-01T09:00:00+00:00
3.0,profile-v3-0700,international-community,0.166667,0.166667,0.0,2026-08-01T09:00:00+00:00
3.0,profile-v3-0700,nutrition,0.166667,0.166667,0.0,2026-08-01T09:00:00+00:00
3.0,profile-v3-0701,sports,0.25,0.25,0.0,2026-08-01T09:00:00+00:00
3.0,profile-v3-0701,wellbeing,0.25,0.25,0.0,2026-08-01T09:00:00+00:00
3.0,profile-v3-0701,culture,0.25,0.25,0.0,2026-08-01T09:00:00+00:00
3.0,profile-v3-0701,data-science,0.25,0.25,0.0,2026-08-01T09:00:00+00:00
3.0,profile-v3-0702,mobile-development,0.2,0.2,0.0,2026-08-01T09:00:00+00:00
3.0,profile-v3-0702,culture,0.2,0.2,0.0,2026-08-01T09:00:00+00:00
3.0,profile-v3-0702,sports,0.2,0.2,0.0,2026-08-01T09:00:00+00:00
3.0,profile-v3-0702,nutrition,0.2,0.2,0.0,2026-08-01T09:00:00+00:00
3.0,profile-v3-0702,product,0.2,0.2,0.0,2026-08-01T09:00:00+00:00
3.0,profile-v3-0703,international-community,0.2,0.2,0.0,2026-08-01T09:00:00+00:00
3.0,profile-v3-0703,entrepreneurship,0.2,0.2,0.0,2026-08-01T09:00:00+00:00
3.0,profile-v3-0703,travel,0.2,0.2,0.0,2026-08-01T09:00:00+00:00
3.0,profile-v3-0703,mental-health,0.2,0.2,0.0,2026-08-01T09:00:00+00:00
3.0,profile-v3-0703,social-responsibility,0.2,0.2,0.0,2026-08-01T09:00:00+00:00
3.0,profile-v3-0704,languages,0.142857,0.142857,0.0,2026-08-01T09:00:00+00:00
3.0,profile-v3-0704,culture,0.142857,0.142857,0.0,2026-08-01T09:00:00+00:00
3.0,profile-v3-0704,career,0.142857,0.142857,0.0,2026-08-01T09:00:00+00:00
3.0,profile-v3-0704,game-development,0.142857,0.142857,0.0,2026-08-01T09:00:00+00:00
3.0,profile-v3-0704,ai,0.142857,0.142857,0.0,2026-08-01T09:00:00+00:00
3.0,profile-v3-0704,sustainability,0.142857,0.142857,0.0,2026-08-01T09:00:00+00:00
3.0,profile-v3-0704,engineering,0.142857,0.142857,0.0,2026-08-01T09:00:00+00:00
3.0,profile-v3-0705,sustainability,0.333333,0.333333,0.0,2026-08-01T09:00:00+00:00
3.0,profile-v3-0705,engineering,0.333333,0.333333,0.0,2026-08-01T09:00:00+00:00
3.0,profile-v3-0705,game-development,0.333333,0.333333,0.0,2026-08-01T09:00:00+00:00
3.0,profile-v3-0706,languages,0.166667,0.166667,0.0,2026-08-01T09:00:00+00:00
3.0,profile-v3-0706,volunteering,0.166667,0.166667,0.0,2026-08-01T09:00:00+00:00
3.0,profile-v3-0706,ui-ux,0.166667,0.166667,0.0,2026-08-01T09:00:00+00:00
3.0,profile-v3-0706,social-sciences,0.166667,0.166667,0.0,2026-08-01T09:00:00+00:00
3.0,profile-v3-0706,graphic-design,0.166667,0.166667,0.0,2026-08-01T09:00:00+00:00
3.0,profile-v3-0706,game-development,0.166667,0.166667,0.0,2026-08-01T09:00:00+00:00
3.0,profile-v3-0707,music,0.142857,0.142857,0.0,2026-08-01T09:00:00+00:00
3.0,profile-v3-0707,travel,0.142857,0.142857,0.0,2026-08-01T09:00:00+00:00
3.0,profile-v3-0707,ui-ux,0.142857,0.142857,0.0,2026-08-01T09:00:00+00:00
3.0,profile-v3-0707,entrepreneurship,0.142857,0.142857,0.0,2026-08-01T09:00:00+00:00
3.0,profile-v3-0707,cybersecurity,0.142857,0.142857,0.0,2026-08-01T09:00:00+00:00
3.0,profile-v3-0707,web-development,0.142857,0.142857,0.0,2026-08-01T09:00:00+00:00
3.0,profile-v3-0707,graphic-design,0.142857,0.142857,0.0,2026-08-01T09:00:00+00:00
3.0,profile-v3-0708,travel,0.25,0.25,0.0,2026-08-01T09:00:00+00:00
3.0,profile-v3-0708,mobile-development,0.25,0.25,0.0,2026-08-01T09:00:00+00:00
3.0,profile-v3-0708,career,0.25,0.25,0.0,2026-08-01T09:00:00+00:00
3.0,profile-v3-0708,international-community,0.25,0.25,0.0,2026-08-01T09:00:00+00:00
3.0,profile-v3-0709,sports,0.333333,0.333333,0.0,2026-08-01T09:00:00+00:00
3.0,profile-v3-0709,social-responsibility,0.333333,0.333333,0.0,2026-08-01T09:00:00+00:00
3.0,profile-v3-0709,international-community,0.333333,0.333333,0.0,2026-08-01T09:00:00+00:00
3.0,profile-v3-0710,wellbeing,0.166667,0.166667,0.0,2026-08-01T09:00:00+00:00
3.0,profile-v3-0710,health-sciences,0.166667,0.166667,0.0,2026-08-01T09:00:00+00:00
3.0,profile-v3-0710,natural-sciences,0.166667,0.166667,0.0,2026-08-01T09:00:00+00:00
3.0,profile-v3-0710,web-development,0.166667,0.166667,0.0,2026-08-01T09:00:00+00:00
3.0,profile-v3-0710,cybersecurity,0.166667,0.166667,0.0,2026-08-01T09:00:00+00:00
3.0,profile-v3-0710,music,0.166667,0.166667,0.0,2026-08-01T09:00:00+00:00
3.0,profile-v3-0711,languages,0.125,0.125,0.0,2026-08-01T09:00:00+00:00
3.0,profile-v3-0711,volunteering,0.125,0.125,0.0,2026-08-01T09:00:00+00:00
3.0,profile-v3-0711,cybersecurity,0.125,0.125,0.0,2026-08-01T09:00:00+00:00
3.0,profile-v3-0711,career,0.125,0.125,0.0,2026-08-01T09:00:00+00:00
3.0,profile-v3-0711,health-sciences,0.125,0.125,0.0,2026-08-01T09:00:00+00:00
3.0,profile-v3-0711,data-science,0.125,0.125,0.0,2026-08-01T09:00:00+00:00
3.0,profile-v3-0711,ai,0.125,0.125,0.0,2026-08-01T09:00:00+00:00
3.0,profile-v3-0711,mental-health,0.125,0.125,0.0,2026-08-01T09:00:00+00:00
3.0,profile-v3-0712,international-community,0.142857,0.142857,0.0,2026-08-01T09:00:00+00:00
3.0,profile-v3-0712,ai,0.142857,0.142857,0.0,2026-08-01T09:00:00+00:00
3.0,profile-v3-0712,graphic-design,0.142857,0.142857,0.0,2026-08-01T09:00:00+00:00
3.0,profile-v3-0712,product,0.142857,0.142857,0.0,2026-08-01T09:00:00+00:00
3.0,profile-v3-0712,travel,0.142857,0.142857,0.0,2026-08-01T09:00:00+00:00
3.0,profile-v3-0712,sustainability,0.142857,0.142857,0.0,2026-08-01T09:00:00+00:00
3.0,profile-v3-0712,entrepreneurship,0.142857,0.142857,0.0,2026-08-01T09:00:00+00:00
3.0,profile-v3-0713,product,0.142857,0.142857,0.0,2026-08-01T09:00:00+00:00
3.0,profile-v3-0713,theatre,0.142857,0.142857,0.0,2026-08-01T09:00:00+00:00
3.0,profile-v3-0713,languages,0.142857,0.142857,0.0,2026-08-01T09:00:00+00:00
3.0,profile-v3-0713,cybersecurity,0.142857,0.142857,0.0,2026-08-01T09:00:00+00:00
3.0,profile-v3-0713,music,0.142857,0.142857,0.0,2026-08-01T09:00:00+00:00
3.0,profile-v3-0713,sustainability,0.142857,0.142857,0.0,2026-08-01T09:00:00+00:00
3.0,profile-v3-0713,game-development,0.142857,0.142857,0.0,2026-08-01T09:00:00+00:00
3.0,profile-v3-0714,web-development,0.25,0.25,0.0,2026-08-01T09:00:00+00:00
3.0,profile-v3-0714,finance,0.25,0.25,0.0,2026-08-01T09:00:00+00:00
3.0,profile-v3-0714,social-responsibility,0.25,0.25,0.0,2026-08-01T09:00:00+00:00
3.0,profile-v3-0714,sports,0.25,0.25,0.0,2026-08-01T09:00:00+00:00
3.0,profile-v3-0715,social-responsibility,0.142857,0.142857,0.0,2026-08-01T09:00:00+00:00
3.0,profile-v3-0715,sports,0.142857,0.142857,0.0,2026-08-01T09:00:00+00:00
3.0,profile-v3-0715,theatre,0.142857,0.142857,0.0,2026-08-01T09:00:00+00:00
3.0,profile-v3-0715,cybersecurity,0.142857,0.142857,0.0,2026-08-01T09:00:00+00:00
3.0,profile-v3-0715,health-sciences,0.142857,0.142857,0.0,2026-08-01T09:00:00+00:00
3.0,profile-v3-0715,wellbeing,0.142857,0.142857,0.0,2026-08-01T09:00:00+00:00
3.0,profile-v3-0715,web-development,0.142857,0.142857,0.0,2026-08-01T09:00:00+00:00
3.0,profile-v3-0716,entrepreneurship,0.142857,0.142857,0.0,2026-08-01T09:00:00+00:00
3.0,profile-v3-0716,sustainability,0.142857,0.142857,0.0,2026-08-01T09:00:00+00:00
3.0,profile-v3-0716,nutrition,0.142857,0.142857,0.0,2026-08-01T09:00:00+00:00
3.0,profile-v3-0716,ai,0.142857,0.142857,0.0,2026-08-01T09:00:00+00:00
3.0,profile-v3-0716,volunteering,0.142857,0.142857,0.0,2026-08-01T09:00:00+00:00
3.0,profile-v3-0716,natural-sciences,0.142857,0.142857,0.0,2026-08-01T09:00:00+00:00
3.0,profile-v3-0716,social-sciences,0.142857,0.142857,0.0,2026-08-01T09:00:00+00:00
3.0,profile-v3-0717,ui-ux,0.2,0.2,0.0,2026-08-01T09:00:00+00:00
3.0,profile-v3-0717,career,0.2,0.2,0.0,2026-08-01T09:00:00+00:00
3.0,profile-v3-0717,natural-sciences,0.2,0.2,0.0,2026-08-01T09:00:00+00:00
3.0,profile-v3-0717,social-sciences,0.2,0.2,0.0,2026-08-01T09:00:00+00:00
3.0,profile-v3-0717,theatre,0.2,0.2,0.0,2026-08-01T09:00:00+00:00
3.0,profile-v3-0718,social-sciences,0.125,0.125,0.0,2026-08-01T09:00:00+00:00
3.0,profile-v3-0718,sports,0.125,0.125,0.0,2026-08-01T09:00:00+00:00
3.0,profile-v3-0718,theatre,0.125,0.125,0.0,2026-08-01T09:00:00+00:00
3.0,profile-v3-0718,sustainability,0.125,0.125,0.0,2026-08-01T09:00:00+00:00
3.0,profile-v3-0718,culture,0.125,0.125,0.0,2026-08-01T09:00:00+00:00
3.0,profile-v3-0718,game-development,0.125,0.125,0.0,2026-08-01T09:00:00+00:00
3.0,profile-v3-0718,engineering,0.125,0.125,0.0,2026-08-01T09:00:00+00:00
3.0,profile-v3-0718,cybersecurity,0.125,0.125,0.0,2026-08-01T09:00:00+00:00
3.0,profile-v3-0719,ui-ux,0.142857,0.142857,0.0,2026-08-01T09:00:00+00:00
3.0,profile-v3-0719,international-community,0.142857,0.142857,0.0,2026-08-01T09:00:00+00:00
3.0,profile-v3-0719,graphic-design,0.142857,0.142857,0.0,2026-08-01T09:00:00+00:00
3.0,profile-v3-0719,volunteering,0.142857,0.142857,0.0,2026-08-01T09:00:00+00:00
3.0,profile-v3-0719,natural-sciences,0.142857,0.142857,0.0,2026-08-01T09:00:00+00:00
3.0,profile-v3-0719,photography,0.142857,0.142857,0.0,2026-08-01T09:00:00+00:00
3.0,profile-v3-0719,languages,0.142857,0.142857,0.0,2026-08-01T09:00:00+00:00
3.0,profile-v3-0720,nutrition,0.125,0.125,0.0,2026-08-01T09:00:00+00:00
3.0,profile-v3-0720,volunteering,0.125,0.125,0.0,2026-08-01T09:00:00+00:00
3.0,profile-v3-0720,engineering,0.125,0.125,0.0,2026-08-01T09:00:00+00:00
3.0,profile-v3-0720,web-development,0.125,0.125,0.0,2026-08-01T09:00:00+00:00
3.0,profile-v3-0720,mental-health,0.125,0.125,0.0,2026-08-01T09:00:00+00:00
3.0,profile-v3-0720,natural-sciences,0.125,0.125,0.0,2026-08-01T09:00:00+00:00
3.0,profile-v3-0720,social-sciences,0.125,0.125,0.0,2026-08-01T09:00:00+00:00
3.0,profile-v3-0720,career,0.125,0.125,0.0,2026-08-01T09:00:00+00:00
3.0,profile-v3-0721,music,0.25,0.25,0.0,2026-08-01T09:00:00+00:00
3.0,profile-v3-0721,sports,0.25,0.25,0.0,2026-08-01T09:00:00+00:00
3.0,profile-v3-0721,photography,0.25,0.25,0.0,2026-08-01T09:00:00+00:00
3.0,profile-v3-0721,finance,0.25,0.25,0.0,2026-08-01T09:00:00+00:00
3.0,profile-v3-0722,web-development,0.2,0.2,0.0,2026-08-01T09:00:00+00:00
3.0,profile-v3-0722,health-sciences,0.2,0.2,0.0,2026-08-01T09:00:00+00:00
3.0,profile-v3-0722,languages,0.2,0.2,0.0,2026-08-01T09:00:00+00:00
3.0,profile-v3-0722,mental-health,0.2,0.2,0.0,2026-08-01T09:00:00+00:00
3.0,profile-v3-0722,ai,0.2,0.2,0.0,2026-08-01T09:00:00+00:00
3.0,profile-v3-0723,music,0.166667,0.166667,0.0,2026-08-01T09:00:00+00:00
3.0,profile-v3-0723,ui-ux,0.166667,0.166667,0.0,2026-08-01T09:00:00+00:00
3.0,profile-v3-0723,sports,0.166667,0.166667,0.0,2026-08-01T09:00:00+00:00
3.0,profile-v3-0723,mental-health,0.166667,0.166667,0.0,2026-08-01T09:00:00+00:00
3.0,profile-v3-0723,international-community,0.166667,0.166667,0.0,2026-08-01T09:00:00+00:00
3.0,profile-v3-0723,entrepreneurship,0.166667,0.166667,0.0,2026-08-01T09:00:00+00:00
3.0,profile-v3-0724,social-responsibility,0.25,0.25,0.0,2026-08-01T09:00:00+00:00
3.0,profile-v3-0724,data-science,0.25,0.25,0.0,2026-08-01T09:00:00+00:00
3.0,profile-v3-0724,social-sciences,0.25,0.25,0.0,2026-08-01T09:00:00+00:00
3.0,profile-v3-0724,ai,0.25,0.25,0.0,2026-08-01T09:00:00+00:00
3.0,profile-v3-0725,data-science,0.142857,0.142857,0.0,2026-08-01T09:00:00+00:00
3.0,profile-v3-0725,travel,0.142857,0.142857,0.0,2026-08-01T09:00:00+00:00
3.0,profile-v3-0725,product,0.142857,0.142857,0.0,2026-08-01T09:00:00+00:00
3.0,profile-v3-0725,graphic-design,0.142857,0.142857,0.0,2026-08-01T09:00:00+00:00
3.0,profile-v3-0725,entrepreneurship,0.142857,0.142857,0.0,2026-08-01T09:00:00+00:00
3.0,profile-v3-0725,sports,0.142857,0.142857,0.0,2026-08-01T09:00:00+00:00
3.0,profile-v3-0725,game-development,0.142857,0.142857,0.0,2026-08-01T09:00:00+00:00
3.0,profile-v3-0726,social-responsibility,0.25,0.25,0.0,2026-08-01T09:00:00+00:00
3.0,profile-v3-0726,travel,0.25,0.25,0.0,2026-08-01T09:00:00+00:00
3.0,profile-v3-0726,mental-health,0.25,0.25,0.0,2026-08-01T09:00:00+00:00
3.0,profile-v3-0726,cybersecurity,0.25,0.25,0.0,2026-08-01T09:00:00+00:00
3.0,profile-v3-0727,social-responsibility,0.125,0.125,0.0,2026-08-01T09:00:00+00:00
3.0,profile-v3-0727,mental-health,0.125,0.125,0.0,2026-08-01T09:00:00+00:00
3.0,profile-v3-0727,travel,0.125,0.125,0.0,2026-08-01T09:00:00+00:00
3.0,profile-v3-0727,web-development,0.125,0.125,0.0,2026-08-01T09:00:00+00:00
3.0,profile-v3-0727,entrepreneurship,0.125,0.125,0.0,2026-08-01T09:00:00+00:00
3.0,profile-v3-0727,social-sciences,0.125,0.125,0.0,2026-08-01T09:00:00+00:00
3.0,profile-v3-0727,sustainability,0.125,0.125,0.0,2026-08-01T09:00:00+00:00
3.0,profile-v3-0727,health-sciences,0.125,0.125,0.0,2026-08-01T09:00:00+00:00
3.0,profile-v3-0728,cybersecurity,0.25,0.25,0.0,2026-08-01T09:00:00+00:00
3.0,profile-v3-0728,game-development,0.25,0.25,0.0,2026-08-01T09:00:00+00:00
3.0,profile-v3-0728,mobile-development,0.25,0.25,0.0,2026-08-01T09:00:00+00:00
3.0,profile-v3-0728,volunteering,0.25,0.25,0.0,2026-08-01T09:00:00+00:00
3.0,profile-v3-0729,travel,0.333333,0.333333,0.0,2026-08-01T09:00:00+00:00
3.0,profile-v3-0729,cybersecurity,0.333333,0.333333,0.0,2026-08-01T09:00:00+00:00
3.0,profile-v3-0729,engineering,0.333333,0.333333,0.0,2026-08-01T09:00:00+00:00
3.0,profile-v3-0730,natural-sciences,0.125,0.125,0.0,2026-08-01T09:00:00+00:00
3.0,profile-v3-0730,culture,0.125,0.125,0.0,2026-08-01T09:00:00+00:00
3.0,profile-v3-0730,entrepreneurship,0.125,0.125,0.0,2026-08-01T09:00:00+00:00
3.0,profile-v3-0730,travel,0.125,0.125,0.0,2026-08-01T09:00:00+00:00
3.0,profile-v3-0730,social-responsibility,0.125,0.125,0.0,2026-08-01T09:00:00+00:00
3.0,profile-v3-0730,mobile-development,0.125,0.125,0.0,2026-08-01T09:00:00+00:00
3.0,profile-v3-0730,music,0.125,0.125,0.0,2026-08-01T09:00:00+00:00
3.0,profile-v3-0730,data-science,0.125,0.125,0.0,2026-08-01T09:00:00+00:00
3.0,profile-v3-0731,ui-ux,0.166667,0.166667,0.0,2026-08-01T09:00:00+00:00
3.0,profile-v3-0731,languages,0.166667,0.166667,0.0,2026-08-01T09:00:00+00:00
3.0,profile-v3-0731,game-development,0.166667,0.166667,0.0,2026-08-01T09:00:00+00:00
3.0,profile-v3-0731,sports,0.166667,0.166667,0.0,2026-08-01T09:00:00+00:00
3.0,profile-v3-0731,international-community,0.166667,0.166667,0.0,2026-08-01T09:00:00+00:00
3.0,profile-v3-0731,social-sciences,0.166667,0.166667,0.0,2026-08-01T09:00:00+00:00
3.0,profile-v3-0732,sustainability,0.25,0.25,0.0,2026-08-01T09:00:00+00:00
3.0,profile-v3-0732,nutrition,0.25,0.25,0.0,2026-08-01T09:00:00+00:00
3.0,profile-v3-0732,web-development,0.25,0.25,0.0,2026-08-01T09:00:00+00:00
3.0,profile-v3-0732,languages,0.25,0.25,0.0,2026-08-01T09:00:00+00:00
3.0,profile-v3-0733,mental-health,0.2,0.2,0.0,2026-08-01T09:00:00+00:00
3.0,profile-v3-0733,social-sciences,0.2,0.2,0.0,2026-08-01T09:00:00+00:00
3.0,profile-v3-0733,finance,0.2,0.2,0.0,2026-08-01T09:00:00+00:00
3.0,profile-v3-0733,music,0.2,0.2,0.0,2026-08-01T09:00:00+00:00
3.0,profile-v3-0733,engineering,0.2,0.2,0.0,2026-08-01T09:00:00+00:00
3.0,profile-v3-0734,finance,0.333333,0.333333,0.0,2026-08-01T09:00:00+00:00
3.0,profile-v3-0734,international-community,0.333333,0.333333,0.0,2026-08-01T09:00:00+00:00
3.0,profile-v3-0734,social-responsibility,0.333333,0.333333,0.0,2026-08-01T09:00:00+00:00
3.0,profile-v3-0735,wellbeing,0.142857,0.142857,0.0,2026-08-01T09:00:00+00:00
3.0,profile-v3-0735,web-development,0.142857,0.142857,0.0,2026-08-01T09:00:00+00:00
3.0,profile-v3-0735,sustainability,0.142857,0.142857,0.0,2026-08-01T09:00:00+00:00
3.0,profile-v3-0735,ui-ux,0.142857,0.142857,0.0,2026-08-01T09:00:00+00:00
3.0,profile-v3-0735,graphic-design,0.142857,0.142857,0.0,2026-08-01T09:00:00+00:00
3.0,profile-v3-0735,mental-health,0.142857,0.142857,0.0,2026-08-01T09:00:00+00:00
3.0,profile-v3-0735,ai,0.142857,0.142857,0.0,2026-08-01T09:00:00+00:00
3.0,profile-v3-0736,languages,0.25,0.25,0.0,2026-08-01T09:00:00+00:00
3.0,profile-v3-0736,health-sciences,0.25,0.25,0.0,2026-08-01T09:00:00+00:00
3.0,profile-v3-0736,natural-sciences,0.25,0.25,0.0,2026-08-01T09:00:00+00:00
3.0,profile-v3-0736,ai,0.25,0.25,0.0,2026-08-01T09:00:00+00:00
3.0,profile-v3-0737,wellbeing,0.2,0.2,0.0,2026-08-01T09:00:00+00:00
3.0,profile-v3-0737,culture,0.2,0.2,0.0,2026-08-01T09:00:00+00:00
3.0,profile-v3-0737,game-development,0.2,0.2,0.0,2026-08-01T09:00:00+00:00
3.0,profile-v3-0737,career,0.2,0.2,0.0,2026-08-01T09:00:00+00:00
3.0,profile-v3-0737,ui-ux,0.2,0.2,0.0,2026-08-01T09:00:00+00:00
3.0,profile-v3-0738,cybersecurity,0.25,0.25,0.0,2026-08-01T09:00:00+00:00
3.0,profile-v3-0738,languages,0.25,0.25,0.0,2026-08-01T09:00:00+00:00
3.0,profile-v3-0738,wellbeing,0.25,0.25,0.0,2026-08-01T09:00:00+00:00
3.0,profile-v3-0738,ui-ux,0.25,0.25,0.0,2026-08-01T09:00:00+00:00
3.0,profile-v3-0739,data-science,0.142857,0.142857,0.0,2026-08-01T09:00:00+00:00
3.0,profile-v3-0739,sustainability,0.142857,0.142857,0.0,2026-08-01T09:00:00+00:00
3.0,profile-v3-0739,languages,0.142857,0.142857,0.0,2026-08-01T09:00:00+00:00
3.0,profile-v3-0739,natural-sciences,0.142857,0.142857,0.0,2026-08-01T09:00:00+00:00
3.0,profile-v3-0739,photography,0.142857,0.142857,0.0,2026-08-01T09:00:00+00:00
3.0,profile-v3-0739,health-sciences,0.142857,0.142857,0.0,2026-08-01T09:00:00+00:00
3.0,profile-v3-0739,ui-ux,0.142857,0.142857,0.0,2026-08-01T09:00:00+00:00
3.0,profile-v3-0740,social-sciences,0.333333,0.333333,0.0,2026-08-01T09:00:00+00:00
3.0,profile-v3-0740,cybersecurity,0.333333,0.333333,0.0,2026-08-01T09:00:00+00:00
3.0,profile-v3-0740,languages,0.333333,0.333333,0.0,2026-08-01T09:00:00+00:00
3.0,profile-v3-0741,sustainability,0.333333,0.333333,0.0,2026-08-01T09:00:00+00:00
3.0,profile-v3-0741,entrepreneurship,0.333333,0.333333,0.0,2026-08-01T09:00:00+00:00
3.0,profile-v3-0741,travel,0.333333,0.333333,0.0,2026-08-01T09:00:00+00:00
3.0,profile-v3-0742,web-development,0.333333,0.333333,0.0,2026-08-01T09:00:00+00:00
3.0,profile-v3-0742,finance,0.333333,0.333333,0.0,2026-08-01T09:00:00+00:00
3.0,profile-v3-0742,natural-sciences,0.333333,0.333333,0.0,2026-08-01T09:00:00+00:00
3.0,profile-v3-0743,ui-ux,0.25,0.25,0.0,2026-08-01T09:00:00+00:00
3.0,profile-v3-0743,culture,0.25,0.25,0.0,2026-08-01T09:00:00+00:00
3.0,profile-v3-0743,data-science,0.25,0.25,0.0,2026-08-01T09:00:00+00:00
3.0,profile-v3-0743,social-sciences,0.25,0.25,0.0,2026-08-01T09:00:00+00:00
3.0,profile-v3-0744,music,0.25,0.25,0.0,2026-08-01T09:00:00+00:00
3.0,profile-v3-0744,social-sciences,0.25,0.25,0.0,2026-08-01T09:00:00+00:00
3.0,profile-v3-0744,entrepreneurship,0.25,0.25,0.0,2026-08-01T09:00:00+00:00
3.0,profile-v3-0744,culture,0.25,0.25,0.0,2026-08-01T09:00:00+00:00
3.0,profile-v3-0745,cybersecurity,0.2,0.2,0.0,2026-08-01T09:00:00+00:00
3.0,profile-v3-0745,volunteering,0.2,0.2,0.0,2026-08-01T09:00:00+00:00
3.0,profile-v3-0745,social-responsibility,0.2,0.2,0.0,2026-08-01T09:00:00+00:00
3.0,profile-v3-0745,nutrition,0.2,0.2,0.0,2026-08-01T09:00:00+00:00
3.0,profile-v3-0745,data-science,0.2,0.2,0.0,2026-08-01T09:00:00+00:00
3.0,profile-v3-0746,music,0.125,0.125,0.0,2026-08-01T09:00:00+00:00
3.0,profile-v3-0746,mobile-development,0.125,0.125,0.0,2026-08-01T09:00:00+00:00
3.0,profile-v3-0746,ai,0.125,0.125,0.0,2026-08-01T09:00:00+00:00
3.0,profile-v3-0746,career,0.125,0.125,0.0,2026-08-01T09:00:00+00:00
3.0,profile-v3-0746,nutrition,0.125,0.125,0.0,2026-08-01T09:00:00+00:00
3.0,profile-v3-0746,theatre,0.125,0.125,0.0,2026-08-01T09:00:00+00:00
3.0,profile-v3-0746,finance,0.125,0.125,0.0,2026-08-01T09:00:00+00:00
3.0,profile-v3-0746,social-sciences,0.125,0.125,0.0,2026-08-01T09:00:00+00:00
3.0,profile-v3-0747,game-development,0.333333,0.333333,0.0,2026-08-01T09:00:00+00:00
3.0,profile-v3-0747,social-responsibility,0.333333,0.333333,0.0,2026-08-01T09:00:00+00:00
3.0,profile-v3-0747,sports,0.333333,0.333333,0.0,2026-08-01T09:00:00+00:00
3.0,profile-v3-0748,health-sciences,0.142857,0.142857,0.0,2026-08-01T09:00:00+00:00
3.0,profile-v3-0748,sports,0.142857,0.142857,0.0,2026-08-01T09:00:00+00:00
3.0,profile-v3-0748,social-sciences,0.142857,0.142857,0.0,2026-08-01T09:00:00+00:00
3.0,profile-v3-0748,web-development,0.142857,0.142857,0.0,2026-08-01T09:00:00+00:00
3.0,profile-v3-0748,mobile-development,0.142857,0.142857,0.0,2026-08-01T09:00:00+00:00
3.0,profile-v3-0748,cybersecurity,0.142857,0.142857,0.0,2026-08-01T09:00:00+00:00
3.0,profile-v3-0748,sustainability,0.142857,0.142857,0.0,2026-08-01T09:00:00+00:00
3.0,profile-v3-0749,sports,0.333333,0.333333,0.0,2026-08-01T09:00:00+00:00
3.0,profile-v3-0749,mental-health,0.333333,0.333333,0.0,2026-08-01T09:00:00+00:00
3.0,profile-v3-0749,product,0.333333,0.333333,0.0,2026-08-01T09:00:00+00:00
3.0,profile-v3-0750,engineering,0.142857,0.142857,0.0,2026-08-01T09:00:00+00:00
3.0,profile-v3-0750,natural-sciences,0.142857,0.142857,0.0,2026-08-01T09:00:00+00:00
3.0,profile-v3-0750,culture,0.142857,0.142857,0.0,2026-08-01T09:00:00+00:00
3.0,profile-v3-0750,languages,0.142857,0.142857,0.0,2026-08-01T09:00:00+00:00
3.0,profile-v3-0750,ai,0.142857,0.142857,0.0,2026-08-01T09:00:00+00:00
3.0,profile-v3-0750,mental-health,0.142857,0.142857,0.0,2026-08-01T09:00:00+00:00
3.0,profile-v3-0750,photography,0.142857,0.142857,0.0,2026-08-01T09:00:00+00:00
3.0,profile-v3-0751,graphic-design,0.166667,0.166667,0.0,2026-08-01T09:00:00+00:00
3.0,profile-v3-0751,social-responsibility,0.166667,0.166667,0.0,2026-08-01T09:00:00+00:00
3.0,profile-v3-0751,travel,0.166667,0.166667,0.0,2026-08-01T09:00:00+00:00
3.0,profile-v3-0751,engineering,0.166667,0.166667,0.0,2026-08-01T09:00:00+00:00
3.0,profile-v3-0751,photography,0.166667,0.166667,0.0,2026-08-01T09:00:00+00:00
3.0,profile-v3-0751,finance,0.166667,0.166667,0.0,2026-08-01T09:00:00+00:00
3.0,profile-v3-0752,health-sciences,0.2,0.2,0.0,2026-08-01T09:00:00+00:00
3.0,profile-v3-0752,mobile-development,0.2,0.2,0.0,2026-08-01T09:00:00+00:00
3.0,profile-v3-0752,theatre,0.2,0.2,0.0,2026-08-01T09:00:00+00:00
3.0,profile-v3-0752,sports,0.2,0.2,0.0,2026-08-01T09:00:00+00:00
3.0,profile-v3-0752,languages,0.2,0.2,0.0,2026-08-01T09:00:00+00:00
3.0,profile-v3-0753,theatre,0.333333,0.333333,0.0,2026-08-01T09:00:00+00:00
3.0,profile-v3-0753,cybersecurity,0.333333,0.333333,0.0,2026-08-01T09:00:00+00:00
3.0,profile-v3-0753,career,0.333333,0.333333,0.0,2026-08-01T09:00:00+00:00
3.0,profile-v3-0754,sports,0.333333,0.333333,0.0,2026-08-01T09:00:00+00:00
3.0,profile-v3-0754,engineering,0.333333,0.333333,0.0,2026-08-01T09:00:00+00:00
3.0,profile-v3-0754,volunteering,0.333333,0.333333,0.0,2026-08-01T09:00:00+00:00
3.0,profile-v3-0755,theatre,0.333333,0.333333,0.0,2026-08-01T09:00:00+00:00
3.0,profile-v3-0755,sustainability,0.333333,0.333333,0.0,2026-08-01T09:00:00+00:00
3.0,profile-v3-0755,music,0.333333,0.333333,0.0,2026-08-01T09:00:00+00:00
3.0,profile-v3-0756,product,0.2,0.2,0.0,2026-08-01T09:00:00+00:00
3.0,profile-v3-0756,health-sciences,0.2,0.2,0.0,2026-08-01T09:00:00+00:00
3.0,profile-v3-0756,music,0.2,0.2,0.0,2026-08-01T09:00:00+00:00
3.0,profile-v3-0756,social-responsibility,0.2,0.2,0.0,2026-08-01T09:00:00+00:00
3.0,profile-v3-0756,career,0.2,0.2,0.0,2026-08-01T09:00:00+00:00
3.0,profile-v3-0757,culture,0.142857,0.142857,0.0,2026-08-01T09:00:00+00:00
3.0,profile-v3-0757,theatre,0.142857,0.142857,0.0,2026-08-01T09:00:00+00:00
3.0,profile-v3-0757,entrepreneurship,0.142857,0.142857,0.0,2026-08-01T09:00:00+00:00
3.0,profile-v3-0757,travel,0.142857,0.142857,0.0,2026-08-01T09:00:00+00:00
3.0,profile-v3-0757,sports,0.142857,0.142857,0.0,2026-08-01T09:00:00+00:00
3.0,profile-v3-0757,social-sciences,0.142857,0.142857,0.0,2026-08-01T09:00:00+00:00
3.0,profile-v3-0757,product,0.142857,0.142857,0.0,2026-08-01T09:00:00+00:00
3.0,profile-v3-0758,international-community,0.2,0.2,0.0,2026-08-01T09:00:00+00:00
3.0,profile-v3-0758,web-development,0.2,0.2,0.0,2026-08-01T09:00:00+00:00
3.0,profile-v3-0758,social-responsibility,0.2,0.2,0.0,2026-08-01T09:00:00+00:00
3.0,profile-v3-0758,natural-sciences,0.2,0.2,0.0,2026-08-01T09:00:00+00:00
3.0,profile-v3-0758,volunteering,0.2,0.2,0.0,2026-08-01T09:00:00+00:00
3.0,profile-v3-0759,sports,0.142857,0.142857,0.0,2026-08-01T09:00:00+00:00
3.0,profile-v3-0759,languages,0.142857,0.142857,0.0,2026-08-01T09:00:00+00:00
3.0,profile-v3-0759,sustainability,0.142857,0.142857,0.0,2026-08-01T09:00:00+00:00
3.0,profile-v3-0759,photography,0.142857,0.142857,0.0,2026-08-01T09:00:00+00:00
3.0,profile-v3-0759,culture,0.142857,0.142857,0.0,2026-08-01T09:00:00+00:00
3.0,profile-v3-0759,engineering,0.142857,0.142857,0.0,2026-08-01T09:00:00+00:00
3.0,profile-v3-0759,social-sciences,0.142857,0.142857,0.0,2026-08-01T09:00:00+00:00
3.0,profile-v3-0760,data-science,0.333333,0.333333,0.0,2026-08-01T09:00:00+00:00
3.0,profile-v3-0760,health-sciences,0.333333,0.333333,0.0,2026-08-01T09:00:00+00:00
3.0,profile-v3-0760,social-sciences,0.333333,0.333333,0.0,2026-08-01T09:00:00+00:00
3.0,profile-v3-0761,finance,0.333333,0.333333,0.0,2026-08-01T09:00:00+00:00
3.0,profile-v3-0761,theatre,0.333333,0.333333,0.0,2026-08-01T09:00:00+00:00
3.0,profile-v3-0761,music,0.333333,0.333333,0.0,2026-08-01T09:00:00+00:00
3.0,profile-v3-0762,social-sciences,0.2,0.2,0.0,2026-08-01T09:00:00+00:00
3.0,profile-v3-0762,cybersecurity,0.2,0.2,0.0,2026-08-01T09:00:00+00:00
3.0,profile-v3-0762,career,0.2,0.2,0.0,2026-08-01T09:00:00+00:00
3.0,profile-v3-0762,travel,0.2,0.2,0.0,2026-08-01T09:00:00+00:00
3.0,profile-v3-0762,graphic-design,0.2,0.2,0.0,2026-08-01T09:00:00+00:00
3.0,profile-v3-0763,health-sciences,0.333333,0.333333,0.0,2026-08-01T09:00:00+00:00
3.0,profile-v3-0763,wellbeing,0.333333,0.333333,0.0,2026-08-01T09:00:00+00:00
3.0,profile-v3-0763,sustainability,0.333333,0.333333,0.0,2026-08-01T09:00:00+00:00
3.0,profile-v3-0764,sports,0.2,0.2,0.0,2026-08-01T09:00:00+00:00
3.0,profile-v3-0764,career,0.2,0.2,0.0,2026-08-01T09:00:00+00:00
3.0,profile-v3-0764,mobile-development,0.2,0.2,0.0,2026-08-01T09:00:00+00:00
3.0,profile-v3-0764,social-sciences,0.2,0.2,0.0,2026-08-01T09:00:00+00:00
3.0,profile-v3-0764,health-sciences,0.2,0.2,0.0,2026-08-01T09:00:00+00:00
3.0,profile-v3-0765,travel,0.125,0.125,0.0,2026-08-01T09:00:00+00:00
3.0,profile-v3-0765,entrepreneurship,0.125,0.125,0.0,2026-08-01T09:00:00+00:00
3.0,profile-v3-0765,natural-sciences,0.125,0.125,0.0,2026-08-01T09:00:00+00:00
3.0,profile-v3-0765,volunteering,0.125,0.125,0.0,2026-08-01T09:00:00+00:00
3.0,profile-v3-0765,career,0.125,0.125,0.0,2026-08-01T09:00:00+00:00
3.0,profile-v3-0765,mental-health,0.125,0.125,0.0,2026-08-01T09:00:00+00:00
3.0,profile-v3-0765,product,0.125,0.125,0.0,2026-08-01T09:00:00+00:00
3.0,profile-v3-0765,wellbeing,0.125,0.125,0.0,2026-08-01T09:00:00+00:00
3.0,profile-v3-0766,wellbeing,0.25,0.25,0.0,2026-08-01T09:00:00+00:00
3.0,profile-v3-0766,theatre,0.25,0.25,0.0,2026-08-01T09:00:00+00:00
3.0,profile-v3-0766,culture,0.25,0.25,0.0,2026-08-01T09:00:00+00:00
3.0,profile-v3-0766,ai,0.25,0.25,0.0,2026-08-01T09:00:00+00:00
3.0,profile-v3-0767,mobile-development,0.142857,0.142857,0.0,2026-08-01T09:00:00+00:00
3.0,profile-v3-0767,ai,0.142857,0.142857,0.0,2026-08-01T09:00:00+00:00
3.0,profile-v3-0767,volunteering,0.142857,0.142857,0.0,2026-08-01T09:00:00+00:00
3.0,profile-v3-0767,social-responsibility,0.142857,0.142857,0.0,2026-08-01T09:00:00+00:00
3.0,profile-v3-0767,graphic-design,0.142857,0.142857,0.0,2026-08-01T09:00:00+00:00
3.0,profile-v3-0767,product,0.142857,0.142857,0.0,2026-08-01T09:00:00+00:00
3.0,profile-v3-0767,theatre,0.142857,0.142857,0.0,2026-08-01T09:00:00+00:00
3.0,profile-v3-0768,social-responsibility,0.25,0.25,0.0,2026-08-01T09:00:00+00:00
3.0,profile-v3-0768,photography,0.25,0.25,0.0,2026-08-01T09:00:00+00:00
3.0,profile-v3-0768,entrepreneurship,0.25,0.25,0.0,2026-08-01T09:00:00+00:00
3.0,profile-v3-0768,nutrition,0.25,0.25,0.0,2026-08-01T09:00:00+00:00
3.0,profile-v3-0769,entrepreneurship,0.125,0.125,0.0,2026-08-01T09:00:00+00:00
3.0,profile-v3-0769,graphic-design,0.125,0.125,0.0,2026-08-01T09:00:00+00:00
3.0,profile-v3-0769,music,0.125,0.125,0.0,2026-08-01T09:00:00+00:00
3.0,profile-v3-0769,mobile-development,0.125,0.125,0.0,2026-08-01T09:00:00+00:00
3.0,profile-v3-0769,social-sciences,0.125,0.125,0.0,2026-08-01T09:00:00+00:00
3.0,profile-v3-0769,finance,0.125,0.125,0.0,2026-08-01T09:00:00+00:00
3.0,profile-v3-0769,travel,0.125,0.125,0.0,2026-08-01T09:00:00+00:00
3.0,profile-v3-0769,nutrition,0.125,0.125,0.0,2026-08-01T09:00:00+00:00
3.0,profile-v3-0770,international-community,0.125,0.125,0.0,2026-08-01T09:00:00+00:00
3.0,profile-v3-0770,mobile-development,0.125,0.125,0.0,2026-08-01T09:00:00+00:00
3.0,profile-v3-0770,sports,0.125,0.125,0.0,2026-08-01T09:00:00+00:00
3.0,profile-v3-0770,travel,0.125,0.125,0.0,2026-08-01T09:00:00+00:00
3.0,profile-v3-0770,game-development,0.125,0.125,0.0,2026-08-01T09:00:00+00:00
3.0,profile-v3-0770,data-science,0.125,0.125,0.0,2026-08-01T09:00:00+00:00
3.0,profile-v3-0770,web-development,0.125,0.125,0.0,2026-08-01T09:00:00+00:00
3.0,profile-v3-0770,theatre,0.125,0.125,0.0,2026-08-01T09:00:00+00:00
3.0,profile-v3-0771,culture,0.125,0.125,0.0,2026-08-01T09:00:00+00:00
3.0,profile-v3-0771,sustainability,0.125,0.125,0.0,2026-08-01T09:00:00+00:00
3.0,profile-v3-0771,graphic-design,0.125,0.125,0.0,2026-08-01T09:00:00+00:00
3.0,profile-v3-0771,cybersecurity,0.125,0.125,0.0,2026-08-01T09:00:00+00:00
3.0,profile-v3-0771,engineering,0.125,0.125,0.0,2026-08-01T09:00:00+00:00
3.0,profile-v3-0771,mental-health,0.125,0.125,0.0,2026-08-01T09:00:00+00:00
3.0,profile-v3-0771,game-development,0.125,0.125,0.0,2026-08-01T09:00:00+00:00
3.0,profile-v3-0771,health-sciences,0.125,0.125,0.0,2026-08-01T09:00:00+00:00
3.0,profile-v3-0772,nutrition,0.333333,0.333333,0.0,2026-08-01T09:00:00+00:00
3.0,profile-v3-0772,social-responsibility,0.333333,0.333333,0.0,2026-08-01T09:00:00+00:00
3.0,profile-v3-0772,web-development,0.333333,0.333333,0.0,2026-08-01T09:00:00+00:00
3.0,profile-v3-0773,cybersecurity,0.25,0.25,0.0,2026-08-01T09:00:00+00:00
3.0,profile-v3-0773,product,0.25,0.25,0.0,2026-08-01T09:00:00+00:00
3.0,profile-v3-0773,career,0.25,0.25,0.0,2026-08-01T09:00:00+00:00
3.0,profile-v3-0773,social-sciences,0.25,0.25,0.0,2026-08-01T09:00:00+00:00
3.0,profile-v3-0774,health-sciences,0.166667,0.166667,0.0,2026-08-01T09:00:00+00:00
3.0,profile-v3-0774,nutrition,0.166667,0.166667,0.0,2026-08-01T09:00:00+00:00
3.0,profile-v3-0774,finance,0.166667,0.166667,0.0,2026-08-01T09:00:00+00:00
3.0,profile-v3-0774,volunteering,0.166667,0.166667,0.0,2026-08-01T09:00:00+00:00
3.0,profile-v3-0774,travel,0.166667,0.166667,0.0,2026-08-01T09:00:00+00:00
3.0,profile-v3-0774,photography,0.166667,0.166667,0.0,2026-08-01T09:00:00+00:00
3.0,profile-v3-0775,ai,0.2,0.2,0.0,2026-08-01T09:00:00+00:00
3.0,profile-v3-0775,natural-sciences,0.2,0.2,0.0,2026-08-01T09:00:00+00:00
3.0,profile-v3-0775,product,0.2,0.2,0.0,2026-08-01T09:00:00+00:00
3.0,profile-v3-0775,photography,0.2,0.2,0.0,2026-08-01T09:00:00+00:00
3.0,profile-v3-0775,wellbeing,0.2,0.2,0.0,2026-08-01T09:00:00+00:00
3.0,profile-v3-0776,culture,0.125,0.125,0.0,2026-08-01T09:00:00+00:00
3.0,profile-v3-0776,volunteering,0.125,0.125,0.0,2026-08-01T09:00:00+00:00
3.0,profile-v3-0776,travel,0.125,0.125,0.0,2026-08-01T09:00:00+00:00
3.0,profile-v3-0776,game-development,0.125,0.125,0.0,2026-08-01T09:00:00+00:00
3.0,profile-v3-0776,languages,0.125,0.125,0.0,2026-08-01T09:00:00+00:00
3.0,profile-v3-0776,natural-sciences,0.125,0.125,0.0,2026-08-01T09:00:00+00:00
3.0,profile-v3-0776,career,0.125,0.125,0.0,2026-08-01T09:00:00+00:00
3.0,profile-v3-0776,theatre,0.125,0.125,0.0,2026-08-01T09:00:00+00:00
3.0,profile-v3-0777,volunteering,0.333333,0.333333,0.0,2026-08-01T09:00:00+00:00
3.0,profile-v3-0777,music,0.333333,0.333333,0.0,2026-08-01T09:00:00+00:00
3.0,profile-v3-0777,languages,0.333333,0.333333,0.0,2026-08-01T09:00:00+00:00
3.0,profile-v3-0778,natural-sciences,0.142857,0.142857,0.0,2026-08-01T09:00:00+00:00
3.0,profile-v3-0778,finance,0.142857,0.142857,0.0,2026-08-01T09:00:00+00:00
3.0,profile-v3-0778,nutrition,0.142857,0.142857,0.0,2026-08-01T09:00:00+00:00
3.0,profile-v3-0778,game-development,0.142857,0.142857,0.0,2026-08-01T09:00:00+00:00
3.0,profile-v3-0778,sports,0.142857,0.142857,0.0,2026-08-01T09:00:00+00:00
3.0,profile-v3-0778,photography,0.142857,0.142857,0.0,2026-08-01T09:00:00+00:00
3.0,profile-v3-0778,data-science,0.142857,0.142857,0.0,2026-08-01T09:00:00+00:00
3.0,profile-v3-0779,product,0.166667,0.166667,0.0,2026-08-01T09:00:00+00:00
3.0,profile-v3-0779,culture,0.166667,0.166667,0.0,2026-08-01T09:00:00+00:00
3.0,profile-v3-0779,nutrition,0.166667,0.166667,0.0,2026-08-01T09:00:00+00:00
3.0,profile-v3-0779,wellbeing,0.166667,0.166667,0.0,2026-08-01T09:00:00+00:00
3.0,profile-v3-0779,travel,0.166667,0.166667,0.0,2026-08-01T09:00:00+00:00
3.0,profile-v3-0779,finance,0.166667,0.166667,0.0,2026-08-01T09:00:00+00:00
3.0,profile-v3-0780,volunteering,0.125,0.125,0.0,2026-08-01T09:00:00+00:00
3.0,profile-v3-0780,travel,0.125,0.125,0.0,2026-08-01T09:00:00+00:00
3.0,profile-v3-0780,social-responsibility,0.125,0.125,0.0,2026-08-01T09:00:00+00:00
3.0,profile-v3-0780,culture,0.125,0.125,0.0,2026-08-01T09:00:00+00:00
3.0,profile-v3-0780,data-science,0.125,0.125,0.0,2026-08-01T09:00:00+00:00
3.0,profile-v3-0780,nutrition,0.125,0.125,0.0,2026-08-01T09:00:00+00:00
3.0,profile-v3-0780,career,0.125,0.125,0.0,2026-08-01T09:00:00+00:00
3.0,profile-v3-0780,sports,0.125,0.125,0.0,2026-08-01T09:00:00+00:00
3.0,profile-v3-0781,natural-sciences,0.125,0.125,0.0,2026-08-01T09:00:00+00:00
3.0,profile-v3-0781,entrepreneurship,0.125,0.125,0.0,2026-08-01T09:00:00+00:00
3.0,profile-v3-0781,photography,0.125,0.125,0.0,2026-08-01T09:00:00+00:00
3.0,profile-v3-0781,finance,0.125,0.125,0.0,2026-08-01T09:00:00+00:00
3.0,profile-v3-0781,sports,0.125,0.125,0.0,2026-08-01T09:00:00+00:00
3.0,profile-v3-0781,game-development,0.125,0.125,0.0,2026-08-01T09:00:00+00:00
3.0,profile-v3-0781,engineering,0.125,0.125,0.0,2026-08-01T09:00:00+00:00
3.0,profile-v3-0781,mental-health,0.125,0.125,0.0,2026-08-01T09:00:00+00:00
3.0,profile-v3-0782,languages,0.125,0.125,0.0,2026-08-01T09:00:00+00:00
3.0,profile-v3-0782,ui-ux,0.125,0.125,0.0,2026-08-01T09:00:00+00:00
3.0,profile-v3-0782,social-sciences,0.125,0.125,0.0,2026-08-01T09:00:00+00:00
3.0,profile-v3-0782,graphic-design,0.125,0.125,0.0,2026-08-01T09:00:00+00:00
3.0,profile-v3-0782,sustainability,0.125,0.125,0.0,2026-08-01T09:00:00+00:00
3.0,profile-v3-0782,health-sciences,0.125,0.125,0.0,2026-08-01T09:00:00+00:00
3.0,profile-v3-0782,music,0.125,0.125,0.0,2026-08-01T09:00:00+00:00
3.0,profile-v3-0782,travel,0.125,0.125,0.0,2026-08-01T09:00:00+00:00
3.0,profile-v3-0783,engineering,0.125,0.125,0.0,2026-08-01T09:00:00+00:00
3.0,profile-v3-0783,volunteering,0.125,0.125,0.0,2026-08-01T09:00:00+00:00
3.0,profile-v3-0783,languages,0.125,0.125,0.0,2026-08-01T09:00:00+00:00
3.0,profile-v3-0783,wellbeing,0.125,0.125,0.0,2026-08-01T09:00:00+00:00
3.0,profile-v3-0783,music,0.125,0.125,0.0,2026-08-01T09:00:00+00:00
3.0,profile-v3-0783,sustainability,0.125,0.125,0.0,2026-08-01T09:00:00+00:00
3.0,profile-v3-0783,data-science,0.125,0.125,0.0,2026-08-01T09:00:00+00:00
3.0,profile-v3-0783,photography,0.125,0.125,0.0,2026-08-01T09:00:00+00:00
3.0,profile-v3-0784,product,0.25,0.25,0.0,2026-08-01T09:00:00+00:00
3.0,profile-v3-0784,sustainability,0.25,0.25,0.0,2026-08-01T09:00:00+00:00
3.0,profile-v3-0784,international-community,0.25,0.25,0.0,2026-08-01T09:00:00+00:00
3.0,profile-v3-0784,theatre,0.25,0.25,0.0,2026-08-01T09:00:00+00:00
3.0,profile-v3-0785,travel,0.2,0.2,0.0,2026-08-01T09:00:00+00:00
3.0,profile-v3-0785,natural-sciences,0.2,0.2,0.0,2026-08-01T09:00:00+00:00
3.0,profile-v3-0785,wellbeing,0.2,0.2,0.0,2026-08-01T09:00:00+00:00
3.0,profile-v3-0785,mental-health,0.2,0.2,0.0,2026-08-01T09:00:00+00:00
3.0,profile-v3-0785,theatre,0.2,0.2,0.0,2026-08-01T09:00:00+00:00
3.0,profile-v3-0786,volunteering,0.142857,0.142857,0.0,2026-08-01T09:00:00+00:00
3.0,profile-v3-0786,international-community,0.142857,0.142857,0.0,2026-08-01T09:00:00+00:00
3.0,profile-v3-0786,wellbeing,0.142857,0.142857,0.0,2026-08-01T09:00:00+00:00
3.0,profile-v3-0786,ui-ux,0.142857,0.142857,0.0,2026-08-01T09:00:00+00:00
3.0,profile-v3-0786,cybersecurity,0.142857,0.142857,0.0,2026-08-01T09:00:00+00:00
3.0,profile-v3-0786,engineering,0.142857,0.142857,0.0,2026-08-01T09:00:00+00:00
3.0,profile-v3-0786,entrepreneurship,0.142857,0.142857,0.0,2026-08-01T09:00:00+00:00
3.0,profile-v3-0787,data-science,0.125,0.125,0.0,2026-08-01T09:00:00+00:00
3.0,profile-v3-0787,languages,0.125,0.125,0.0,2026-08-01T09:00:00+00:00
3.0,profile-v3-0787,theatre,0.125,0.125,0.0,2026-08-01T09:00:00+00:00
3.0,profile-v3-0787,web-development,0.125,0.125,0.0,2026-08-01T09:00:00+00:00
3.0,profile-v3-0787,music,0.125,0.125,0.0,2026-08-01T09:00:00+00:00
3.0,profile-v3-0787,photography,0.125,0.125,0.0,2026-08-01T09:00:00+00:00
3.0,profile-v3-0787,ui-ux,0.125,0.125,0.0,2026-08-01T09:00:00+00:00
3.0,profile-v3-0787,wellbeing,0.125,0.125,0.0,2026-08-01T09:00:00+00:00
3.0,profile-v3-0788,finance,0.2,0.2,0.0,2026-08-01T09:00:00+00:00
3.0,profile-v3-0788,entrepreneurship,0.2,0.2,0.0,2026-08-01T09:00:00+00:00
3.0,profile-v3-0788,natural-sciences,0.2,0.2,0.0,2026-08-01T09:00:00+00:00
3.0,profile-v3-0788,cybersecurity,0.2,0.2,0.0,2026-08-01T09:00:00+00:00
3.0,profile-v3-0788,web-development,0.2,0.2,0.0,2026-08-01T09:00:00+00:00
3.0,profile-v3-0789,product,0.25,0.25,0.0,2026-08-01T09:00:00+00:00
3.0,profile-v3-0789,graphic-design,0.25,0.25,0.0,2026-08-01T09:00:00+00:00
3.0,profile-v3-0789,natural-sciences,0.25,0.25,0.0,2026-08-01T09:00:00+00:00
3.0,profile-v3-0789,data-science,0.25,0.25,0.0,2026-08-01T09:00:00+00:00
3.0,profile-v3-0790,data-science,0.2,0.2,0.0,2026-08-01T09:00:00+00:00
3.0,profile-v3-0790,product,0.2,0.2,0.0,2026-08-01T09:00:00+00:00
3.0,profile-v3-0790,ai,0.2,0.2,0.0,2026-08-01T09:00:00+00:00
3.0,profile-v3-0790,natural-sciences,0.2,0.2,0.0,2026-08-01T09:00:00+00:00
3.0,profile-v3-0790,health-sciences,0.2,0.2,0.0,2026-08-01T09:00:00+00:00
3.0,profile-v3-0791,cybersecurity,0.25,0.25,0.0,2026-08-01T09:00:00+00:00
3.0,profile-v3-0791,social-sciences,0.25,0.25,0.0,2026-08-01T09:00:00+00:00
3.0,profile-v3-0791,music,0.25,0.25,0.0,2026-08-01T09:00:00+00:00
3.0,profile-v3-0791,game-development,0.25,0.25,0.0,2026-08-01T09:00:00+00:00
3.0,profile-v3-0792,social-sciences,0.333333,0.333333,0.0,2026-08-01T09:00:00+00:00
3.0,profile-v3-0792,health-sciences,0.333333,0.333333,0.0,2026-08-01T09:00:00+00:00
3.0,profile-v3-0792,sustainability,0.333333,0.333333,0.0,2026-08-01T09:00:00+00:00
3.0,profile-v3-0793,entrepreneurship,0.166667,0.166667,0.0,2026-08-01T09:00:00+00:00
3.0,profile-v3-0793,mental-health,0.166667,0.166667,0.0,2026-08-01T09:00:00+00:00
3.0,profile-v3-0793,mobile-development,0.166667,0.166667,0.0,2026-08-01T09:00:00+00:00
3.0,profile-v3-0793,cybersecurity,0.166667,0.166667,0.0,2026-08-01T09:00:00+00:00
3.0,profile-v3-0793,ui-ux,0.166667,0.166667,0.0,2026-08-01T09:00:00+00:00
3.0,profile-v3-0793,wellbeing,0.166667,0.166667,0.0,2026-08-01T09:00:00+00:00
3.0,profile-v3-0794,sustainability,0.25,0.25,0.0,2026-08-01T09:00:00+00:00
3.0,profile-v3-0794,ai,0.25,0.25,0.0,2026-08-01T09:00:00+00:00
3.0,profile-v3-0794,music,0.25,0.25,0.0,2026-08-01T09:00:00+00:00
3.0,profile-v3-0794,social-sciences,0.25,0.25,0.0,2026-08-01T09:00:00+00:00
3.0,profile-v3-0795,engineering,0.125,0.125,0.0,2026-08-01T09:00:00+00:00
3.0,profile-v3-0795,travel,0.125,0.125,0.0,2026-08-01T09:00:00+00:00
3.0,profile-v3-0795,nutrition,0.125,0.125,0.0,2026-08-01T09:00:00+00:00
3.0,profile-v3-0795,social-responsibility,0.125,0.125,0.0,2026-08-01T09:00:00+00:00
3.0,profile-v3-0795,languages,0.125,0.125,0.0,2026-08-01T09:00:00+00:00
3.0,profile-v3-0795,international-community,0.125,0.125,0.0,2026-08-01T09:00:00+00:00
3.0,profile-v3-0795,sustainability,0.125,0.125,0.0,2026-08-01T09:00:00+00:00
3.0,profile-v3-0795,product,0.125,0.125,0.0,2026-08-01T09:00:00+00:00
3.0,profile-v3-0796,entrepreneurship,0.2,0.2,0.0,2026-08-01T09:00:00+00:00
3.0,profile-v3-0796,finance,0.2,0.2,0.0,2026-08-01T09:00:00+00:00
3.0,profile-v3-0796,game-development,0.2,0.2,0.0,2026-08-01T09:00:00+00:00
3.0,profile-v3-0796,social-responsibility,0.2,0.2,0.0,2026-08-01T09:00:00+00:00
3.0,profile-v3-0796,volunteering,0.2,0.2,0.0,2026-08-01T09:00:00+00:00
3.0,profile-v3-0797,travel,0.166667,0.166667,0.0,2026-08-01T09:00:00+00:00
3.0,profile-v3-0797,finance,0.166667,0.166667,0.0,2026-08-01T09:00:00+00:00
3.0,profile-v3-0797,international-community,0.166667,0.166667,0.0,2026-08-01T09:00:00+00:00
3.0,profile-v3-0797,graphic-design,0.166667,0.166667,0.0,2026-08-01T09:00:00+00:00
3.0,profile-v3-0797,web-development,0.166667,0.166667,0.0,2026-08-01T09:00:00+00:00
3.0,profile-v3-0797,ui-ux,0.166667,0.166667,0.0,2026-08-01T09:00:00+00:00
3.0,profile-v3-0798,web-development,0.333333,0.333333,0.0,2026-08-01T09:00:00+00:00
3.0,profile-v3-0798,international-community,0.333333,0.333333,0.0,2026-08-01T09:00:00+00:00
3.0,profile-v3-0798,theatre,0.333333,0.333333,0.0,2026-08-01T09:00:00+00:00
3.0,profile-v3-0799,career,0.142857,0.142857,0.0,2026-08-01T09:00:00+00:00
3.0,profile-v3-0799,sports,0.142857,0.142857,0.0,2026-08-01T09:00:00+00:00
3.0,profile-v3-0799,photography,0.142857,0.142857,0.0,2026-08-01T09:00:00+00:00
3.0,profile-v3-0799,mental-health,0.142857,0.142857,0.0,2026-08-01T09:00:00+00:00
3.0,profile-v3-0799,ui-ux,0.142857,0.142857,0.0,2026-08-01T09:00:00+00:00
3.0,profile-v3-0799,product,0.142857,0.142857,0.0,2026-08-01T09:00:00+00:00
3.0,profile-v3-0799,web-development,0.142857,0.142857,0.0,2026-08-01T09:00:00+00:00
3.0,profile-v3-0800,web-development,0.25,0.25,0.0,2026-08-01T09:00:00+00:00
3.0,profile-v3-0800,data-science,0.25,0.25,0.0,2026-08-01T09:00:00+00:00
3.0,profile-v3-0800,natural-sciences,0.25,0.25,0.0,2026-08-01T09:00:00+00:00
3.0,profile-v3-0800,photography,0.25,0.25,0.0,2026-08-01T09:00:00+00:00
3.0,profile-v3-0801,career,0.166667,0.166667,0.0,2026-08-01T09:00:00+00:00
3.0,profile-v3-0801,health-sciences,0.166667,0.166667,0.0,2026-08-01T09:00:00+00:00
3.0,profile-v3-0801,travel,0.166667,0.166667,0.0,2026-08-01T09:00:00+00:00
3.0,profile-v3-0801,data-science,0.166667,0.166667,0.0,2026-08-01T09:00:00+00:00
3.0,profile-v3-0801,web-development,0.166667,0.166667,0.0,2026-08-01T09:00:00+00:00
3.0,profile-v3-0801,finance,0.166667,0.166667,0.0,2026-08-01T09:00:00+00:00
3.0,profile-v3-0802,languages,0.25,0.25,0.0,2026-08-01T09:00:00+00:00
3.0,profile-v3-0802,theatre,0.25,0.25,0.0,2026-08-01T09:00:00+00:00
3.0,profile-v3-0802,entrepreneurship,0.25,0.25,0.0,2026-08-01T09:00:00+00:00
3.0,profile-v3-0802,music,0.25,0.25,0.0,2026-08-01T09:00:00+00:00
3.0,profile-v3-0803,wellbeing,0.2,0.2,0.0,2026-08-01T09:00:00+00:00
3.0,profile-v3-0803,travel,0.2,0.2,0.0,2026-08-01T09:00:00+00:00
3.0,profile-v3-0803,graphic-design,0.2,0.2,0.0,2026-08-01T09:00:00+00:00
3.0,profile-v3-0803,game-development,0.2,0.2,0.0,2026-08-01T09:00:00+00:00
3.0,profile-v3-0803,international-community,0.2,0.2,0.0,2026-08-01T09:00:00+00:00
3.0,profile-v3-0804,natural-sciences,0.125,0.125,0.0,2026-08-01T09:00:00+00:00
3.0,profile-v3-0804,nutrition,0.125,0.125,0.0,2026-08-01T09:00:00+00:00
3.0,profile-v3-0804,international-community,0.125,0.125,0.0,2026-08-01T09:00:00+00:00
3.0,profile-v3-0804,health-sciences,0.125,0.125,0.0,2026-08-01T09:00:00+00:00
3.0,profile-v3-0804,finance,0.125,0.125,0.0,2026-08-01T09:00:00+00:00
3.0,profile-v3-0804,cybersecurity,0.125,0.125,0.0,2026-08-01T09:00:00+00:00
3.0,profile-v3-0804,theatre,0.125,0.125,0.0,2026-08-01T09:00:00+00:00
3.0,profile-v3-0804,mobile-development,0.125,0.125,0.0,2026-08-01T09:00:00+00:00
3.0,profile-v3-0805,mobile-development,0.142857,0.142857,0.0,2026-08-01T09:00:00+00:00
3.0,profile-v3-0805,web-development,0.142857,0.142857,0.0,2026-08-01T09:00:00+00:00
3.0,profile-v3-0805,graphic-design,0.142857,0.142857,0.0,2026-08-01T09:00:00+00:00
3.0,profile-v3-0805,social-responsibility,0.142857,0.142857,0.0,2026-08-01T09:00:00+00:00
3.0,profile-v3-0805,ai,0.142857,0.142857,0.0,2026-08-01T09:00:00+00:00
3.0,profile-v3-0805,travel,0.142857,0.142857,0.0,2026-08-01T09:00:00+00:00
3.0,profile-v3-0805,product,0.142857,0.142857,0.0,2026-08-01T09:00:00+00:00
3.0,profile-v3-0806,travel,0.166667,0.166667,0.0,2026-08-01T09:00:00+00:00
3.0,profile-v3-0806,career,0.166667,0.166667,0.0,2026-08-01T09:00:00+00:00
3.0,profile-v3-0806,nutrition,0.166667,0.166667,0.0,2026-08-01T09:00:00+00:00
3.0,profile-v3-0806,volunteering,0.166667,0.166667,0.0,2026-08-01T09:00:00+00:00
3.0,profile-v3-0806,natural-sciences,0.166667,0.166667,0.0,2026-08-01T09:00:00+00:00
3.0,profile-v3-0806,culture,0.166667,0.166667,0.0,2026-08-01T09:00:00+00:00
3.0,profile-v3-0807,international-community,0.25,0.25,0.0,2026-08-01T09:00:00+00:00
3.0,profile-v3-0807,mobile-development,0.25,0.25,0.0,2026-08-01T09:00:00+00:00
3.0,profile-v3-0807,culture,0.25,0.25,0.0,2026-08-01T09:00:00+00:00
3.0,profile-v3-0807,volunteering,0.25,0.25,0.0,2026-08-01T09:00:00+00:00
3.0,profile-v3-0808,international-community,0.142857,0.142857,0.0,2026-08-01T09:00:00+00:00
3.0,profile-v3-0808,graphic-design,0.142857,0.142857,0.0,2026-08-01T09:00:00+00:00
3.0,profile-v3-0808,health-sciences,0.142857,0.142857,0.0,2026-08-01T09:00:00+00:00
3.0,profile-v3-0808,culture,0.142857,0.142857,0.0,2026-08-01T09:00:00+00:00
3.0,profile-v3-0808,music,0.142857,0.142857,0.0,2026-08-01T09:00:00+00:00
3.0,profile-v3-0808,social-responsibility,0.142857,0.142857,0.0,2026-08-01T09:00:00+00:00
3.0,profile-v3-0808,data-science,0.142857,0.142857,0.0,2026-08-01T09:00:00+00:00
3.0,profile-v3-0809,product,0.125,0.125,0.0,2026-08-01T09:00:00+00:00
3.0,profile-v3-0809,music,0.125,0.125,0.0,2026-08-01T09:00:00+00:00
3.0,profile-v3-0809,culture,0.125,0.125,0.0,2026-08-01T09:00:00+00:00
3.0,profile-v3-0809,graphic-design,0.125,0.125,0.0,2026-08-01T09:00:00+00:00
3.0,profile-v3-0809,game-development,0.125,0.125,0.0,2026-08-01T09:00:00+00:00
3.0,profile-v3-0809,ai,0.125,0.125,0.0,2026-08-01T09:00:00+00:00
3.0,profile-v3-0809,mobile-development,0.125,0.125,0.0,2026-08-01T09:00:00+00:00
3.0,profile-v3-0809,finance,0.125,0.125,0.0,2026-08-01T09:00:00+00:00
3.0,profile-v3-0810,international-community,0.2,0.2,0.0,2026-08-01T09:00:00+00:00
3.0,profile-v3-0810,wellbeing,0.2,0.2,0.0,2026-08-01T09:00:00+00:00
3.0,profile-v3-0810,data-science,0.2,0.2,0.0,2026-08-01T09:00:00+00:00
3.0,profile-v3-0810,social-responsibility,0.2,0.2,0.0,2026-08-01T09:00:00+00:00
3.0,profile-v3-0810,health-sciences,0.2,0.2,0.0,2026-08-01T09:00:00+00:00
3.0,profile-v3-0811,mental-health,0.125,0.125,0.0,2026-08-01T09:00:00+00:00
3.0,profile-v3-0811,international-community,0.125,0.125,0.0,2026-08-01T09:00:00+00:00
3.0,profile-v3-0811,data-science,0.125,0.125,0.0,2026-08-01T09:00:00+00:00
3.0,profile-v3-0811,ai,0.125,0.125,0.0,2026-08-01T09:00:00+00:00
3.0,profile-v3-0811,travel,0.125,0.125,0.0,2026-08-01T09:00:00+00:00
3.0,profile-v3-0811,health-sciences,0.125,0.125,0.0,2026-08-01T09:00:00+00:00
3.0,profile-v3-0811,natural-sciences,0.125,0.125,0.0,2026-08-01T09:00:00+00:00
3.0,profile-v3-0811,ui-ux,0.125,0.125,0.0,2026-08-01T09:00:00+00:00
3.0,profile-v3-0812,entrepreneurship,0.142857,0.142857,0.0,2026-08-01T09:00:00+00:00
3.0,profile-v3-0812,mobile-development,0.142857,0.142857,0.0,2026-08-01T09:00:00+00:00
3.0,profile-v3-0812,international-community,0.142857,0.142857,0.0,2026-08-01T09:00:00+00:00
3.0,profile-v3-0812,web-development,0.142857,0.142857,0.0,2026-08-01T09:00:00+00:00
3.0,profile-v3-0812,finance,0.142857,0.142857,0.0,2026-08-01T09:00:00+00:00
3.0,profile-v3-0812,travel,0.142857,0.142857,0.0,2026-08-01T09:00:00+00:00
3.0,profile-v3-0812,cybersecurity,0.142857,0.142857,0.0,2026-08-01T09:00:00+00:00
3.0,profile-v3-0813,product,0.25,0.25,0.0,2026-08-01T09:00:00+00:00
3.0,profile-v3-0813,mental-health,0.25,0.25,0.0,2026-08-01T09:00:00+00:00
3.0,profile-v3-0813,volunteering,0.25,0.25,0.0,2026-08-01T09:00:00+00:00
3.0,profile-v3-0813,music,0.25,0.25,0.0,2026-08-01T09:00:00+00:00
3.0,profile-v3-0814,entrepreneurship,0.25,0.25,0.0,2026-08-01T09:00:00+00:00
3.0,profile-v3-0814,volunteering,0.25,0.25,0.0,2026-08-01T09:00:00+00:00
3.0,profile-v3-0814,engineering,0.25,0.25,0.0,2026-08-01T09:00:00+00:00
3.0,profile-v3-0814,languages,0.25,0.25,0.0,2026-08-01T09:00:00+00:00
3.0,profile-v3-0815,graphic-design,0.2,0.2,0.0,2026-08-01T09:00:00+00:00
3.0,profile-v3-0815,web-development,0.2,0.2,0.0,2026-08-01T09:00:00+00:00
3.0,profile-v3-0815,languages,0.2,0.2,0.0,2026-08-01T09:00:00+00:00
3.0,profile-v3-0815,social-sciences,0.2,0.2,0.0,2026-08-01T09:00:00+00:00
3.0,profile-v3-0815,data-science,0.2,0.2,0.0,2026-08-01T09:00:00+00:00
3.0,profile-v3-0816,web-development,0.25,0.25,0.0,2026-08-01T09:00:00+00:00
3.0,profile-v3-0816,wellbeing,0.25,0.25,0.0,2026-08-01T09:00:00+00:00
3.0,profile-v3-0816,career,0.25,0.25,0.0,2026-08-01T09:00:00+00:00
3.0,profile-v3-0816,game-development,0.25,0.25,0.0,2026-08-01T09:00:00+00:00
3.0,profile-v3-0817,wellbeing,0.333333,0.333333,0.0,2026-08-01T09:00:00+00:00
3.0,profile-v3-0817,health-sciences,0.333333,0.333333,0.0,2026-08-01T09:00:00+00:00
3.0,profile-v3-0817,social-sciences,0.333333,0.333333,0.0,2026-08-01T09:00:00+00:00
3.0,profile-v3-0818,career,0.2,0.2,0.0,2026-08-01T09:00:00+00:00
3.0,profile-v3-0818,entrepreneurship,0.2,0.2,0.0,2026-08-01T09:00:00+00:00
3.0,profile-v3-0818,engineering,0.2,0.2,0.0,2026-08-01T09:00:00+00:00
3.0,profile-v3-0818,data-science,0.2,0.2,0.0,2026-08-01T09:00:00+00:00
3.0,profile-v3-0818,mental-health,0.2,0.2,0.0,2026-08-01T09:00:00+00:00
3.0,profile-v3-0819,volunteering,0.333333,0.333333,0.0,2026-08-01T09:00:00+00:00
3.0,profile-v3-0819,sports,0.333333,0.333333,0.0,2026-08-01T09:00:00+00:00
3.0,profile-v3-0819,travel,0.333333,0.333333,0.0,2026-08-01T09:00:00+00:00
3.0,profile-v3-0820,social-sciences,0.125,0.125,0.0,2026-08-01T09:00:00+00:00
3.0,profile-v3-0820,sustainability,0.125,0.125,0.0,2026-08-01T09:00:00+00:00
3.0,profile-v3-0820,graphic-design,0.125,0.125,0.0,2026-08-01T09:00:00+00:00
3.0,profile-v3-0820,mental-health,0.125,0.125,0.0,2026-08-01T09:00:00+00:00
3.0,profile-v3-0820,mobile-development,0.125,0.125,0.0,2026-08-01T09:00:00+00:00
3.0,profile-v3-0820,career,0.125,0.125,0.0,2026-08-01T09:00:00+00:00
3.0,profile-v3-0820,volunteering,0.125,0.125,0.0,2026-08-01T09:00:00+00:00
3.0,profile-v3-0820,engineering,0.125,0.125,0.0,2026-08-01T09:00:00+00:00
3.0,profile-v3-0821,sports,0.333333,0.333333,0.0,2026-08-01T09:00:00+00:00
3.0,profile-v3-0821,graphic-design,0.333333,0.333333,0.0,2026-08-01T09:00:00+00:00
3.0,profile-v3-0821,travel,0.333333,0.333333,0.0,2026-08-01T09:00:00+00:00
3.0,profile-v3-0822,data-science,0.25,0.25,0.0,2026-08-01T09:00:00+00:00
3.0,profile-v3-0822,web-development,0.25,0.25,0.0,2026-08-01T09:00:00+00:00
3.0,profile-v3-0822,product,0.25,0.25,0.0,2026-08-01T09:00:00+00:00
3.0,profile-v3-0822,entrepreneurship,0.25,0.25,0.0,2026-08-01T09:00:00+00:00
3.0,profile-v3-0823,game-development,0.125,0.125,0.0,2026-08-01T09:00:00+00:00
3.0,profile-v3-0823,career,0.125,0.125,0.0,2026-08-01T09:00:00+00:00
3.0,profile-v3-0823,engineering,0.125,0.125,0.0,2026-08-01T09:00:00+00:00
3.0,profile-v3-0823,graphic-design,0.125,0.125,0.0,2026-08-01T09:00:00+00:00
3.0,profile-v3-0823,photography,0.125,0.125,0.0,2026-08-01T09:00:00+00:00
3.0,profile-v3-0823,volunteering,0.125,0.125,0.0,2026-08-01T09:00:00+00:00
3.0,profile-v3-0823,mobile-development,0.125,0.125,0.0,2026-08-01T09:00:00+00:00
3.0,profile-v3-0823,ai,0.125,0.125,0.0,2026-08-01T09:00:00+00:00
3.0,profile-v3-0824,mental-health,0.125,0.125,0.0,2026-08-01T09:00:00+00:00
3.0,profile-v3-0824,social-sciences,0.125,0.125,0.0,2026-08-01T09:00:00+00:00
3.0,profile-v3-0824,photography,0.125,0.125,0.0,2026-08-01T09:00:00+00:00
3.0,profile-v3-0824,music,0.125,0.125,0.0,2026-08-01T09:00:00+00:00
3.0,profile-v3-0824,nutrition,0.125,0.125,0.0,2026-08-01T09:00:00+00:00
3.0,profile-v3-0824,data-science,0.125,0.125,0.0,2026-08-01T09:00:00+00:00
3.0,profile-v3-0824,mobile-development,0.125,0.125,0.0,2026-08-01T09:00:00+00:00
3.0,profile-v3-0824,finance,0.125,0.125,0.0,2026-08-01T09:00:00+00:00
3.0,profile-v3-0825,international-community,0.333333,0.333333,0.0,2026-08-01T09:00:00+00:00
3.0,profile-v3-0825,web-development,0.333333,0.333333,0.0,2026-08-01T09:00:00+00:00
3.0,profile-v3-0825,cybersecurity,0.333333,0.333333,0.0,2026-08-01T09:00:00+00:00
3.0,profile-v3-0826,data-science,0.333333,0.333333,0.0,2026-08-01T09:00:00+00:00
3.0,profile-v3-0826,product,0.333333,0.333333,0.0,2026-08-01T09:00:00+00:00
3.0,profile-v3-0826,natural-sciences,0.333333,0.333333,0.0,2026-08-01T09:00:00+00:00
3.0,profile-v3-0827,health-sciences,0.2,0.2,0.0,2026-08-01T09:00:00+00:00
3.0,profile-v3-0827,social-sciences,0.2,0.2,0.0,2026-08-01T09:00:00+00:00
3.0,profile-v3-0827,natural-sciences,0.2,0.2,0.0,2026-08-01T09:00:00+00:00
3.0,profile-v3-0827,finance,0.2,0.2,0.0,2026-08-01T09:00:00+00:00
3.0,profile-v3-0827,ui-ux,0.2,0.2,0.0,2026-08-01T09:00:00+00:00
3.0,profile-v3-0828,nutrition,0.2,0.2,0.0,2026-08-01T09:00:00+00:00
3.0,profile-v3-0828,ai,0.2,0.2,0.0,2026-08-01T09:00:00+00:00
3.0,profile-v3-0828,sports,0.2,0.2,0.0,2026-08-01T09:00:00+00:00
3.0,profile-v3-0828,entrepreneurship,0.2,0.2,0.0,2026-08-01T09:00:00+00:00
3.0,profile-v3-0828,ui-ux,0.2,0.2,0.0,2026-08-01T09:00:00+00:00
3.0,profile-v3-0829,graphic-design,0.25,0.25,0.0,2026-08-01T09:00:00+00:00
3.0,profile-v3-0829,wellbeing,0.25,0.25,0.0,2026-08-01T09:00:00+00:00
3.0,profile-v3-0829,photography,0.25,0.25,0.0,2026-08-01T09:00:00+00:00
3.0,profile-v3-0829,music,0.25,0.25,0.0,2026-08-01T09:00:00+00:00
3.0,profile-v3-0830,graphic-design,0.2,0.2,0.0,2026-08-01T09:00:00+00:00
3.0,profile-v3-0830,mobile-development,0.2,0.2,0.0,2026-08-01T09:00:00+00:00
3.0,profile-v3-0830,web-development,0.2,0.2,0.0,2026-08-01T09:00:00+00:00
3.0,profile-v3-0830,cybersecurity,0.2,0.2,0.0,2026-08-01T09:00:00+00:00
3.0,profile-v3-0830,product,0.2,0.2,0.0,2026-08-01T09:00:00+00:00
3.0,profile-v3-0831,ui-ux,0.142857,0.142857,0.0,2026-08-01T09:00:00+00:00
3.0,profile-v3-0831,cybersecurity,0.142857,0.142857,0.0,2026-08-01T09:00:00+00:00
3.0,profile-v3-0831,web-development,0.142857,0.142857,0.0,2026-08-01T09:00:00+00:00
3.0,profile-v3-0831,sports,0.142857,0.142857,0.0,2026-08-01T09:00:00+00:00
3.0,profile-v3-0831,mental-health,0.142857,0.142857,0.0,2026-08-01T09:00:00+00:00
3.0,profile-v3-0831,health-sciences,0.142857,0.142857,0.0,2026-08-01T09:00:00+00:00
3.0,profile-v3-0831,music,0.142857,0.142857,0.0,2026-08-01T09:00:00+00:00
3.0,profile-v3-0832,graphic-design,0.2,0.2,0.0,2026-08-01T09:00:00+00:00
3.0,profile-v3-0832,health-sciences,0.2,0.2,0.0,2026-08-01T09:00:00+00:00
3.0,profile-v3-0832,cybersecurity,0.2,0.2,0.0,2026-08-01T09:00:00+00:00
3.0,profile-v3-0832,engineering,0.2,0.2,0.0,2026-08-01T09:00:00+00:00
3.0,profile-v3-0832,volunteering,0.2,0.2,0.0,2026-08-01T09:00:00+00:00
3.0,profile-v3-0833,mobile-development,0.125,0.125,0.0,2026-08-01T09:00:00+00:00
3.0,profile-v3-0833,languages,0.125,0.125,0.0,2026-08-01T09:00:00+00:00
3.0,profile-v3-0833,health-sciences,0.125,0.125,0.0,2026-08-01T09:00:00+00:00
3.0,profile-v3-0833,wellbeing,0.125,0.125,0.0,2026-08-01T09:00:00+00:00
3.0,profile-v3-0833,web-development,0.125,0.125,0.0,2026-08-01T09:00:00+00:00
3.0,profile-v3-0833,nutrition,0.125,0.125,0.0,2026-08-01T09:00:00+00:00
3.0,profile-v3-0833,theatre,0.125,0.125,0.0,2026-08-01T09:00:00+00:00
3.0,profile-v3-0833,entrepreneurship,0.125,0.125,0.0,2026-08-01T09:00:00+00:00
3.0,profile-v3-0834,ui-ux,0.333333,0.333333,0.0,2026-08-01T09:00:00+00:00
3.0,profile-v3-0834,nutrition,0.333333,0.333333,0.0,2026-08-01T09:00:00+00:00
3.0,profile-v3-0834,natural-sciences,0.333333,0.333333,0.0,2026-08-01T09:00:00+00:00
3.0,profile-v3-0835,volunteering,0.142857,0.142857,0.0,2026-08-01T09:00:00+00:00
3.0,profile-v3-0835,sustainability,0.142857,0.142857,0.0,2026-08-01T09:00:00+00:00
3.0,profile-v3-0835,culture,0.142857,0.142857,0.0,2026-08-01T09:00:00+00:00
3.0,profile-v3-0835,game-development,0.142857,0.142857,0.0,2026-08-01T09:00:00+00:00
3.0,profile-v3-0835,wellbeing,0.142857,0.142857,0.0,2026-08-01T09:00:00+00:00
3.0,profile-v3-0835,sports,0.142857,0.142857,0.0,2026-08-01T09:00:00+00:00
3.0,profile-v3-0835,web-development,0.142857,0.142857,0.0,2026-08-01T09:00:00+00:00
3.0,profile-v3-0836,career,0.166667,0.166667,0.0,2026-08-01T09:00:00+00:00
3.0,profile-v3-0836,sustainability,0.166667,0.166667,0.0,2026-08-01T09:00:00+00:00
3.0,profile-v3-0836,health-sciences,0.166667,0.166667,0.0,2026-08-01T09:00:00+00:00
3.0,profile-v3-0836,finance,0.166667,0.166667,0.0,2026-08-01T09:00:00+00:00
3.0,profile-v3-0836,ui-ux,0.166667,0.166667,0.0,2026-08-01T09:00:00+00:00
3.0,profile-v3-0836,sports,0.166667,0.166667,0.0,2026-08-01T09:00:00+00:00
3.0,profile-v3-0837,photography,0.2,0.2,0.0,2026-08-01T09:00:00+00:00
3.0,profile-v3-0837,mental-health,0.2,0.2,0.0,2026-08-01T09:00:00+00:00
3.0,profile-v3-0837,web-development,0.2,0.2,0.0,2026-08-01T09:00:00+00:00
3.0,profile-v3-0837,sustainability,0.2,0.2,0.0,2026-08-01T09:00:00+00:00
3.0,profile-v3-0837,international-community,0.2,0.2,0.0,2026-08-01T09:00:00+00:00
3.0,profile-v3-0838,sustainability,0.2,0.2,0.0,2026-08-01T09:00:00+00:00
3.0,profile-v3-0838,nutrition,0.2,0.2,0.0,2026-08-01T09:00:00+00:00
3.0,profile-v3-0838,cybersecurity,0.2,0.2,0.0,2026-08-01T09:00:00+00:00
3.0,profile-v3-0838,languages,0.2,0.2,0.0,2026-08-01T09:00:00+00:00
3.0,profile-v3-0838,mobile-development,0.2,0.2,0.0,2026-08-01T09:00:00+00:00
3.0,profile-v3-0839,web-development,0.142857,0.142857,0.0,2026-08-01T09:00:00+00:00
3.0,profile-v3-0839,sustainability,0.142857,0.142857,0.0,2026-08-01T09:00:00+00:00
3.0,profile-v3-0839,engineering,0.142857,0.142857,0.0,2026-08-01T09:00:00+00:00
3.0,profile-v3-0839,finance,0.142857,0.142857,0.0,2026-08-01T09:00:00+00:00
3.0,profile-v3-0839,mental-health,0.142857,0.142857,0.0,2026-08-01T09:00:00+00:00
3.0,profile-v3-0839,sports,0.142857,0.142857,0.0,2026-08-01T09:00:00+00:00
3.0,profile-v3-0839,theatre,0.142857,0.142857,0.0,2026-08-01T09:00:00+00:00
3.0,profile-v3-0840,web-development,0.166667,0.166667,0.0,2026-08-01T09:00:00+00:00
3.0,profile-v3-0840,wellbeing,0.166667,0.166667,0.0,2026-08-01T09:00:00+00:00
3.0,profile-v3-0840,theatre,0.166667,0.166667,0.0,2026-08-01T09:00:00+00:00
3.0,profile-v3-0840,mobile-development,0.166667,0.166667,0.0,2026-08-01T09:00:00+00:00
3.0,profile-v3-0840,mental-health,0.166667,0.166667,0.0,2026-08-01T09:00:00+00:00
3.0,profile-v3-0840,natural-sciences,0.166667,0.166667,0.0,2026-08-01T09:00:00+00:00
3.0,profile-v3-0841,social-sciences,0.25,0.25,0.0,2026-08-01T09:00:00+00:00
3.0,profile-v3-0841,culture,0.25,0.25,0.0,2026-08-01T09:00:00+00:00
3.0,profile-v3-0841,career,0.25,0.25,0.0,2026-08-01T09:00:00+00:00
3.0,profile-v3-0841,ai,0.25,0.25,0.0,2026-08-01T09:00:00+00:00
3.0,profile-v3-0842,data-science,0.142857,0.142857,0.0,2026-08-01T09:00:00+00:00
3.0,profile-v3-0842,travel,0.142857,0.142857,0.0,2026-08-01T09:00:00+00:00
3.0,profile-v3-0842,ui-ux,0.142857,0.142857,0.0,2026-08-01T09:00:00+00:00
3.0,profile-v3-0842,culture,0.142857,0.142857,0.0,2026-08-01T09:00:00+00:00
3.0,profile-v3-0842,social-sciences,0.142857,0.142857,0.0,2026-08-01T09:00:00+00:00
3.0,profile-v3-0842,photography,0.142857,0.142857,0.0,2026-08-01T09:00:00+00:00
3.0,profile-v3-0842,languages,0.142857,0.142857,0.0,2026-08-01T09:00:00+00:00
3.0,profile-v3-0843,health-sciences,0.166667,0.166667,0.0,2026-08-01T09:00:00+00:00
3.0,profile-v3-0843,career,0.166667,0.166667,0.0,2026-08-01T09:00:00+00:00
3.0,profile-v3-0843,photography,0.166667,0.166667,0.0,2026-08-01T09:00:00+00:00
3.0,profile-v3-0843,graphic-design,0.166667,0.166667,0.0,2026-08-01T09:00:00+00:00
3.0,profile-v3-0843,natural-sciences,0.166667,0.166667,0.0,2026-08-01T09:00:00+00:00
3.0,profile-v3-0843,sports,0.166667,0.166667,0.0,2026-08-01T09:00:00+00:00
3.0,profile-v3-0844,cybersecurity,0.142857,0.142857,0.0,2026-08-01T09:00:00+00:00
3.0,profile-v3-0844,culture,0.142857,0.142857,0.0,2026-08-01T09:00:00+00:00
3.0,profile-v3-0844,finance,0.142857,0.142857,0.0,2026-08-01T09:00:00+00:00
3.0,profile-v3-0844,languages,0.142857,0.142857,0.0,2026-08-01T09:00:00+00:00
3.0,profile-v3-0844,sustainability,0.142857,0.142857,0.0,2026-08-01T09:00:00+00:00
3.0,profile-v3-0844,graphic-design,0.142857,0.142857,0.0,2026-08-01T09:00:00+00:00
3.0,profile-v3-0844,product,0.142857,0.142857,0.0,2026-08-01T09:00:00+00:00
3.0,profile-v3-0845,sports,0.125,0.125,0.0,2026-08-01T09:00:00+00:00
3.0,profile-v3-0845,photography,0.125,0.125,0.0,2026-08-01T09:00:00+00:00
3.0,profile-v3-0845,health-sciences,0.125,0.125,0.0,2026-08-01T09:00:00+00:00
3.0,profile-v3-0845,engineering,0.125,0.125,0.0,2026-08-01T09:00:00+00:00
3.0,profile-v3-0845,ai,0.125,0.125,0.0,2026-08-01T09:00:00+00:00
3.0,profile-v3-0845,nutrition,0.125,0.125,0.0,2026-08-01T09:00:00+00:00
3.0,profile-v3-0845,career,0.125,0.125,0.0,2026-08-01T09:00:00+00:00
3.0,profile-v3-0845,theatre,0.125,0.125,0.0,2026-08-01T09:00:00+00:00
3.0,profile-v3-0846,languages,0.333333,0.333333,0.0,2026-08-01T09:00:00+00:00
3.0,profile-v3-0846,sustainability,0.333333,0.333333,0.0,2026-08-01T09:00:00+00:00
3.0,profile-v3-0846,international-community,0.333333,0.333333,0.0,2026-08-01T09:00:00+00:00
3.0,profile-v3-0847,web-development,0.25,0.25,0.0,2026-08-01T09:00:00+00:00
3.0,profile-v3-0847,culture,0.25,0.25,0.0,2026-08-01T09:00:00+00:00
3.0,profile-v3-0847,music,0.25,0.25,0.0,2026-08-01T09:00:00+00:00
3.0,profile-v3-0847,nutrition,0.25,0.25,0.0,2026-08-01T09:00:00+00:00
3.0,profile-v3-0848,natural-sciences,0.142857,0.142857,0.0,2026-08-01T09:00:00+00:00
3.0,profile-v3-0848,product,0.142857,0.142857,0.0,2026-08-01T09:00:00+00:00
3.0,profile-v3-0848,health-sciences,0.142857,0.142857,0.0,2026-08-01T09:00:00+00:00
3.0,profile-v3-0848,volunteering,0.142857,0.142857,0.0,2026-08-01T09:00:00+00:00
3.0,profile-v3-0848,engineering,0.142857,0.142857,0.0,2026-08-01T09:00:00+00:00
3.0,profile-v3-0848,nutrition,0.142857,0.142857,0.0,2026-08-01T09:00:00+00:00
3.0,profile-v3-0848,music,0.142857,0.142857,0.0,2026-08-01T09:00:00+00:00
3.0,profile-v3-0849,graphic-design,0.142857,0.142857,0.0,2026-08-01T09:00:00+00:00
3.0,profile-v3-0849,travel,0.142857,0.142857,0.0,2026-08-01T09:00:00+00:00
3.0,profile-v3-0849,culture,0.142857,0.142857,0.0,2026-08-01T09:00:00+00:00
3.0,profile-v3-0849,engineering,0.142857,0.142857,0.0,2026-08-01T09:00:00+00:00
3.0,profile-v3-0849,entrepreneurship,0.142857,0.142857,0.0,2026-08-01T09:00:00+00:00
3.0,profile-v3-0849,natural-sciences,0.142857,0.142857,0.0,2026-08-01T09:00:00+00:00
3.0,profile-v3-0849,product,0.142857,0.142857,0.0,2026-08-01T09:00:00+00:00
3.0,profile-v3-0850,ai,0.125,0.125,0.0,2026-08-01T09:00:00+00:00
3.0,profile-v3-0850,game-development,0.125,0.125,0.0,2026-08-01T09:00:00+00:00
3.0,profile-v3-0850,cybersecurity,0.125,0.125,0.0,2026-08-01T09:00:00+00:00
3.0,profile-v3-0850,web-development,0.125,0.125,0.0,2026-08-01T09:00:00+00:00
3.0,profile-v3-0850,sustainability,0.125,0.125,0.0,2026-08-01T09:00:00+00:00
3.0,profile-v3-0850,languages,0.125,0.125,0.0,2026-08-01T09:00:00+00:00
3.0,profile-v3-0850,international-community,0.125,0.125,0.0,2026-08-01T09:00:00+00:00
3.0,profile-v3-0850,social-responsibility,0.125,0.125,0.0,2026-08-01T09:00:00+00:00
3.0,profile-v3-0851,mobile-development,0.125,0.125,0.0,2026-08-01T09:00:00+00:00
3.0,profile-v3-0851,music,0.125,0.125,0.0,2026-08-01T09:00:00+00:00
3.0,profile-v3-0851,social-sciences,0.125,0.125,0.0,2026-08-01T09:00:00+00:00
3.0,profile-v3-0851,sustainability,0.125,0.125,0.0,2026-08-01T09:00:00+00:00
3.0,profile-v3-0851,theatre,0.125,0.125,0.0,2026-08-01T09:00:00+00:00
3.0,profile-v3-0851,culture,0.125,0.125,0.0,2026-08-01T09:00:00+00:00
3.0,profile-v3-0851,photography,0.125,0.125,0.0,2026-08-01T09:00:00+00:00
3.0,profile-v3-0851,data-science,0.125,0.125,0.0,2026-08-01T09:00:00+00:00
3.0,profile-v3-0852,sports,0.25,0.25,0.0,2026-08-01T09:00:00+00:00
3.0,profile-v3-0852,culture,0.25,0.25,0.0,2026-08-01T09:00:00+00:00
3.0,profile-v3-0852,career,0.25,0.25,0.0,2026-08-01T09:00:00+00:00
3.0,profile-v3-0852,music,0.25,0.25,0.0,2026-08-01T09:00:00+00:00
3.0,profile-v3-0853,game-development,0.142857,0.142857,0.0,2026-08-01T09:00:00+00:00
3.0,profile-v3-0853,music,0.142857,0.142857,0.0,2026-08-01T09:00:00+00:00
3.0,profile-v3-0853,sports,0.142857,0.142857,0.0,2026-08-01T09:00:00+00:00
3.0,profile-v3-0853,engineering,0.142857,0.142857,0.0,2026-08-01T09:00:00+00:00
3.0,profile-v3-0853,ui-ux,0.142857,0.142857,0.0,2026-08-01T09:00:00+00:00
3.0,profile-v3-0853,entrepreneurship,0.142857,0.142857,0.0,2026-08-01T09:00:00+00:00
3.0,profile-v3-0853,international-community,0.142857,0.142857,0.0,2026-08-01T09:00:00+00:00
3.0,profile-v3-0854,graphic-design,0.25,0.25,0.0,2026-08-01T09:00:00+00:00
3.0,profile-v3-0854,ai,0.25,0.25,0.0,2026-08-01T09:00:00+00:00
3.0,profile-v3-0854,photography,0.25,0.25,0.0,2026-08-01T09:00:00+00:00
3.0,profile-v3-0854,natural-sciences,0.25,0.25,0.0,2026-08-01T09:00:00+00:00
3.0,profile-v3-0855,natural-sciences,0.25,0.25,0.0,2026-08-01T09:00:00+00:00
3.0,profile-v3-0855,nutrition,0.25,0.25,0.0,2026-08-01T09:00:00+00:00
3.0,profile-v3-0855,social-responsibility,0.25,0.25,0.0,2026-08-01T09:00:00+00:00
3.0,profile-v3-0855,ai,0.25,0.25,0.0,2026-08-01T09:00:00+00:00
3.0,profile-v3-0856,travel,0.166667,0.166667,0.0,2026-08-01T09:00:00+00:00
3.0,profile-v3-0856,data-science,0.166667,0.166667,0.0,2026-08-01T09:00:00+00:00
3.0,profile-v3-0856,game-development,0.166667,0.166667,0.0,2026-08-01T09:00:00+00:00
3.0,profile-v3-0856,wellbeing,0.166667,0.166667,0.0,2026-08-01T09:00:00+00:00
3.0,profile-v3-0856,music,0.166667,0.166667,0.0,2026-08-01T09:00:00+00:00
3.0,profile-v3-0856,sports,0.166667,0.166667,0.0,2026-08-01T09:00:00+00:00
3.0,profile-v3-0857,engineering,0.25,0.25,0.0,2026-08-01T09:00:00+00:00
3.0,profile-v3-0857,languages,0.25,0.25,0.0,2026-08-01T09:00:00+00:00
3.0,profile-v3-0857,graphic-design,0.25,0.25,0.0,2026-08-01T09:00:00+00:00
3.0,profile-v3-0857,entrepreneurship,0.25,0.25,0.0,2026-08-01T09:00:00+00:00
3.0,profile-v3-0858,web-development,0.125,0.125,0.0,2026-08-01T09:00:00+00:00
3.0,profile-v3-0858,data-science,0.125,0.125,0.0,2026-08-01T09:00:00+00:00
3.0,profile-v3-0858,cybersecurity,0.125,0.125,0.0,2026-08-01T09:00:00+00:00
3.0,profile-v3-0858,sports,0.125,0.125,0.0,2026-08-01T09:00:00+00:00
3.0,profile-v3-0858,sustainability,0.125,0.125,0.0,2026-08-01T09:00:00+00:00
3.0,profile-v3-0858,volunteering,0.125,0.125,0.0,2026-08-01T09:00:00+00:00
3.0,profile-v3-0858,product,0.125,0.125,0.0,2026-08-01T09:00:00+00:00
3.0,profile-v3-0858,graphic-design,0.125,0.125,0.0,2026-08-01T09:00:00+00:00
3.0,profile-v3-0859,social-sciences,0.142857,0.142857,0.0,2026-08-01T09:00:00+00:00
3.0,profile-v3-0859,product,0.142857,0.142857,0.0,2026-08-01T09:00:00+00:00
3.0,profile-v3-0859,data-science,0.142857,0.142857,0.0,2026-08-01T09:00:00+00:00
3.0,profile-v3-0859,game-development,0.142857,0.142857,0.0,2026-08-01T09:00:00+00:00
3.0,profile-v3-0859,ai,0.142857,0.142857,0.0,2026-08-01T09:00:00+00:00
3.0,profile-v3-0859,entrepreneurship,0.142857,0.142857,0.0,2026-08-01T09:00:00+00:00
3.0,profile-v3-0859,mobile-development,0.142857,0.142857,0.0,2026-08-01T09:00:00+00:00
3.0,profile-v3-0860,cybersecurity,0.2,0.2,0.0,2026-08-01T09:00:00+00:00
3.0,profile-v3-0860,ai,0.2,0.2,0.0,2026-08-01T09:00:00+00:00
3.0,profile-v3-0860,theatre,0.2,0.2,0.0,2026-08-01T09:00:00+00:00
3.0,profile-v3-0860,travel,0.2,0.2,0.0,2026-08-01T09:00:00+00:00
3.0,profile-v3-0860,social-responsibility,0.2,0.2,0.0,2026-08-01T09:00:00+00:00
3.0,profile-v3-0861,social-sciences,0.125,0.125,0.0,2026-08-01T09:00:00+00:00
3.0,profile-v3-0861,health-sciences,0.125,0.125,0.0,2026-08-01T09:00:00+00:00
3.0,profile-v3-0861,entrepreneurship,0.125,0.125,0.0,2026-08-01T09:00:00+00:00
3.0,profile-v3-0861,product,0.125,0.125,0.0,2026-08-01T09:00:00+00:00
3.0,profile-v3-0861,nutrition,0.125,0.125,0.0,2026-08-01T09:00:00+00:00
3.0,profile-v3-0861,volunteering,0.125,0.125,0.0,2026-08-01T09:00:00+00:00
3.0,profile-v3-0861,game-development,0.125,0.125,0.0,2026-08-01T09:00:00+00:00
3.0,profile-v3-0861,mental-health,0.125,0.125,0.0,2026-08-01T09:00:00+00:00
3.0,profile-v3-0862,social-sciences,0.25,0.25,0.0,2026-08-01T09:00:00+00:00
3.0,profile-v3-0862,cybersecurity,0.25,0.25,0.0,2026-08-01T09:00:00+00:00
3.0,profile-v3-0862,theatre,0.25,0.25,0.0,2026-08-01T09:00:00+00:00
3.0,profile-v3-0862,mental-health,0.25,0.25,0.0,2026-08-01T09:00:00+00:00
3.0,profile-v3-0863,product,0.333333,0.333333,0.0,2026-08-01T09:00:00+00:00
3.0,profile-v3-0863,social-responsibility,0.333333,0.333333,0.0,2026-08-01T09:00:00+00:00
3.0,profile-v3-0863,languages,0.333333,0.333333,0.0,2026-08-01T09:00:00+00:00
3.0,profile-v3-0864,ui-ux,0.25,0.25,0.0,2026-08-01T09:00:00+00:00
3.0,profile-v3-0864,entrepreneurship,0.25,0.25,0.0,2026-08-01T09:00:00+00:00
3.0,profile-v3-0864,theatre,0.25,0.25,0.0,2026-08-01T09:00:00+00:00
3.0,profile-v3-0864,health-sciences,0.25,0.25,0.0,2026-08-01T09:00:00+00:00
3.0,profile-v3-0865,nutrition,0.166667,0.166667,0.0,2026-08-01T09:00:00+00:00
3.0,profile-v3-0865,natural-sciences,0.166667,0.166667,0.0,2026-08-01T09:00:00+00:00
3.0,profile-v3-0865,cybersecurity,0.166667,0.166667,0.0,2026-08-01T09:00:00+00:00
3.0,profile-v3-0865,health-sciences,0.166667,0.166667,0.0,2026-08-01T09:00:00+00:00
3.0,profile-v3-0865,product,0.166667,0.166667,0.0,2026-08-01T09:00:00+00:00
3.0,profile-v3-0865,game-development,0.166667,0.166667,0.0,2026-08-01T09:00:00+00:00
3.0,profile-v3-0866,music,0.166667,0.166667,0.0,2026-08-01T09:00:00+00:00
3.0,profile-v3-0866,languages,0.166667,0.166667,0.0,2026-08-01T09:00:00+00:00
3.0,profile-v3-0866,game-development,0.166667,0.166667,0.0,2026-08-01T09:00:00+00:00
3.0,profile-v3-0866,web-development,0.166667,0.166667,0.0,2026-08-01T09:00:00+00:00
3.0,profile-v3-0866,sports,0.166667,0.166667,0.0,2026-08-01T09:00:00+00:00
3.0,profile-v3-0866,culture,0.166667,0.166667,0.0,2026-08-01T09:00:00+00:00
3.0,profile-v3-0867,web-development,0.333333,0.333333,0.0,2026-08-01T09:00:00+00:00
3.0,profile-v3-0867,nutrition,0.333333,0.333333,0.0,2026-08-01T09:00:00+00:00
3.0,profile-v3-0867,game-development,0.333333,0.333333,0.0,2026-08-01T09:00:00+00:00
3.0,profile-v3-0868,web-development,0.2,0.2,0.0,2026-08-01T09:00:00+00:00
3.0,profile-v3-0868,finance,0.2,0.2,0.0,2026-08-01T09:00:00+00:00
3.0,profile-v3-0868,health-sciences,0.2,0.2,0.0,2026-08-01T09:00:00+00:00
3.0,profile-v3-0868,engineering,0.2,0.2,0.0,2026-08-01T09:00:00+00:00
3.0,profile-v3-0868,nutrition,0.2,0.2,0.0,2026-08-01T09:00:00+00:00
3.0,profile-v3-0869,nutrition,0.25,0.25,0.0,2026-08-01T09:00:00+00:00
3.0,profile-v3-0869,culture,0.25,0.25,0.0,2026-08-01T09:00:00+00:00
3.0,profile-v3-0869,wellbeing,0.25,0.25,0.0,2026-08-01T09:00:00+00:00
3.0,profile-v3-0869,social-sciences,0.25,0.25,0.0,2026-08-01T09:00:00+00:00
3.0,profile-v3-0870,health-sciences,0.25,0.25,0.0,2026-08-01T09:00:00+00:00
3.0,profile-v3-0870,ui-ux,0.25,0.25,0.0,2026-08-01T09:00:00+00:00
3.0,profile-v3-0870,volunteering,0.25,0.25,0.0,2026-08-01T09:00:00+00:00
3.0,profile-v3-0870,international-community,0.25,0.25,0.0,2026-08-01T09:00:00+00:00
3.0,profile-v3-0871,culture,0.166667,0.166667,0.0,2026-08-01T09:00:00+00:00
3.0,profile-v3-0871,music,0.166667,0.166667,0.0,2026-08-01T09:00:00+00:00
3.0,profile-v3-0871,travel,0.166667,0.166667,0.0,2026-08-01T09:00:00+00:00
3.0,profile-v3-0871,social-responsibility,0.166667,0.166667,0.0,2026-08-01T09:00:00+00:00
3.0,profile-v3-0871,cybersecurity,0.166667,0.166667,0.0,2026-08-01T09:00:00+00:00
3.0,profile-v3-0871,career,0.166667,0.166667,0.0,2026-08-01T09:00:00+00:00
3.0,profile-v3-0872,graphic-design,0.333333,0.333333,0.0,2026-08-01T09:00:00+00:00
3.0,profile-v3-0872,finance,0.333333,0.333333,0.0,2026-08-01T09:00:00+00:00
3.0,profile-v3-0872,theatre,0.333333,0.333333,0.0,2026-08-01T09:00:00+00:00
3.0,profile-v3-0873,culture,0.142857,0.142857,0.0,2026-08-01T09:00:00+00:00
3.0,profile-v3-0873,wellbeing,0.142857,0.142857,0.0,2026-08-01T09:00:00+00:00
3.0,profile-v3-0873,ui-ux,0.142857,0.142857,0.0,2026-08-01T09:00:00+00:00
3.0,profile-v3-0873,graphic-design,0.142857,0.142857,0.0,2026-08-01T09:00:00+00:00
3.0,profile-v3-0873,volunteering,0.142857,0.142857,0.0,2026-08-01T09:00:00+00:00
3.0,profile-v3-0873,career,0.142857,0.142857,0.0,2026-08-01T09:00:00+00:00
3.0,profile-v3-0873,music,0.142857,0.142857,0.0,2026-08-01T09:00:00+00:00
3.0,profile-v3-0874,social-responsibility,0.333333,0.333333,0.0,2026-08-01T09:00:00+00:00
3.0,profile-v3-0874,culture,0.333333,0.333333,0.0,2026-08-01T09:00:00+00:00
3.0,profile-v3-0874,product,0.333333,0.333333,0.0,2026-08-01T09:00:00+00:00
3.0,profile-v3-0875,languages,0.2,0.2,0.0,2026-08-01T09:00:00+00:00
3.0,profile-v3-0875,web-development,0.2,0.2,0.0,2026-08-01T09:00:00+00:00
3.0,profile-v3-0875,ai,0.2,0.2,0.0,2026-08-01T09:00:00+00:00
3.0,profile-v3-0875,music,0.2,0.2,0.0,2026-08-01T09:00:00+00:00
3.0,profile-v3-0875,mobile-development,0.2,0.2,0.0,2026-08-01T09:00:00+00:00
3.0,profile-v3-0876,social-responsibility,0.333333,0.333333,0.0,2026-08-01T09:00:00+00:00
3.0,profile-v3-0876,health-sciences,0.333333,0.333333,0.0,2026-08-01T09:00:00+00:00
3.0,profile-v3-0876,music,0.333333,0.333333,0.0,2026-08-01T09:00:00+00:00
3.0,profile-v3-0877,mental-health,0.166667,0.166667,0.0,2026-08-01T09:00:00+00:00
3.0,profile-v3-0877,social-responsibility,0.166667,0.166667,0.0,2026-08-01T09:00:00+00:00
3.0,profile-v3-0877,career,0.166667,0.166667,0.0,2026-08-01T09:00:00+00:00
3.0,profile-v3-0877,product,0.166667,0.166667,0.0,2026-08-01T09:00:00+00:00
3.0,profile-v3-0877,data-science,0.166667,0.166667,0.0,2026-08-01T09:00:00+00:00
3.0,profile-v3-0877,ai,0.166667,0.166667,0.0,2026-08-01T09:00:00+00:00
3.0,profile-v3-0878,entrepreneurship,0.125,0.125,0.0,2026-08-01T09:00:00+00:00
3.0,profile-v3-0878,social-responsibility,0.125,0.125,0.0,2026-08-01T09:00:00+00:00
3.0,profile-v3-0878,music,0.125,0.125,0.0,2026-08-01T09:00:00+00:00
3.0,profile-v3-0878,engineering,0.125,0.125,0.0,2026-08-01T09:00:00+00:00
3.0,profile-v3-0878,volunteering,0.125,0.125,0.0,2026-08-01T09:00:00+00:00
3.0,profile-v3-0878,languages,0.125,0.125,0.0,2026-08-01T09:00:00+00:00
3.0,profile-v3-0878,travel,0.125,0.125,0.0,2026-08-01T09:00:00+00:00
3.0,profile-v3-0878,mobile-development,0.125,0.125,0.0,2026-08-01T09:00:00+00:00
3.0,profile-v3-0879,natural-sciences,0.166667,0.166667,0.0,2026-08-01T09:00:00+00:00
3.0,profile-v3-0879,finance,0.166667,0.166667,0.0,2026-08-01T09:00:00+00:00
3.0,profile-v3-0879,mobile-development,0.166667,0.166667,0.0,2026-08-01T09:00:00+00:00
3.0,profile-v3-0879,web-development,0.166667,0.166667,0.0,2026-08-01T09:00:00+00:00
3.0,profile-v3-0879,culture,0.166667,0.166667,0.0,2026-08-01T09:00:00+00:00
3.0,profile-v3-0879,ui-ux,0.166667,0.166667,0.0,2026-08-01T09:00:00+00:00
3.0,profile-v3-0880,sustainability,0.125,0.125,0.0,2026-08-01T09:00:00+00:00
3.0,profile-v3-0880,nutrition,0.125,0.125,0.0,2026-08-01T09:00:00+00:00
3.0,profile-v3-0880,game-development,0.125,0.125,0.0,2026-08-01T09:00:00+00:00
3.0,profile-v3-0880,ai,0.125,0.125,0.0,2026-08-01T09:00:00+00:00
3.0,profile-v3-0880,engineering,0.125,0.125,0.0,2026-08-01T09:00:00+00:00
3.0,profile-v3-0880,finance,0.125,0.125,0.0,2026-08-01T09:00:00+00:00
3.0,profile-v3-0880,mobile-development,0.125,0.125,0.0,2026-08-01T09:00:00+00:00
3.0,profile-v3-0880,web-development,0.125,0.125,0.0,2026-08-01T09:00:00+00:00
3.0,profile-v3-0881,ui-ux,0.125,0.125,0.0,2026-08-01T09:00:00+00:00
3.0,profile-v3-0881,languages,0.125,0.125,0.0,2026-08-01T09:00:00+00:00
3.0,profile-v3-0881,data-science,0.125,0.125,0.0,2026-08-01T09:00:00+00:00
3.0,profile-v3-0881,web-development,0.125,0.125,0.0,2026-08-01T09:00:00+00:00
3.0,profile-v3-0881,music,0.125,0.125,0.0,2026-08-01T09:00:00+00:00
3.0,profile-v3-0881,wellbeing,0.125,0.125,0.0,2026-08-01T09:00:00+00:00
3.0,profile-v3-0881,cybersecurity,0.125,0.125,0.0,2026-08-01T09:00:00+00:00
3.0,profile-v3-0881,social-responsibility,0.125,0.125,0.0,2026-08-01T09:00:00+00:00
3.0,profile-v3-0882,finance,0.25,0.25,0.0,2026-08-01T09:00:00+00:00
3.0,profile-v3-0882,health-sciences,0.25,0.25,0.0,2026-08-01T09:00:00+00:00
3.0,profile-v3-0882,nutrition,0.25,0.25,0.0,2026-08-01T09:00:00+00:00
3.0,profile-v3-0882,volunteering,0.25,0.25,0.0,2026-08-01T09:00:00+00:00
3.0,profile-v3-0883,data-science,0.25,0.25,0.0,2026-08-01T09:00:00+00:00
3.0,profile-v3-0883,finance,0.25,0.25,0.0,2026-08-01T09:00:00+00:00
3.0,profile-v3-0883,entrepreneurship,0.25,0.25,0.0,2026-08-01T09:00:00+00:00
3.0,profile-v3-0883,natural-sciences,0.25,0.25,0.0,2026-08-01T09:00:00+00:00
3.0,profile-v3-0884,engineering,0.142857,0.142857,0.0,2026-08-01T09:00:00+00:00
3.0,profile-v3-0884,ai,0.142857,0.142857,0.0,2026-08-01T09:00:00+00:00
3.0,profile-v3-0884,product,0.142857,0.142857,0.0,2026-08-01T09:00:00+00:00
3.0,profile-v3-0884,nutrition,0.142857,0.142857,0.0,2026-08-01T09:00:00+00:00
3.0,profile-v3-0884,theatre,0.142857,0.142857,0.0,2026-08-01T09:00:00+00:00
3.0,profile-v3-0884,travel,0.142857,0.142857,0.0,2026-08-01T09:00:00+00:00
3.0,profile-v3-0884,music,0.142857,0.142857,0.0,2026-08-01T09:00:00+00:00
3.0,profile-v3-0885,languages,0.166667,0.166667,0.0,2026-08-01T09:00:00+00:00
3.0,profile-v3-0885,theatre,0.166667,0.166667,0.0,2026-08-01T09:00:00+00:00
3.0,profile-v3-0885,natural-sciences,0.166667,0.166667,0.0,2026-08-01T09:00:00+00:00
3.0,profile-v3-0885,mobile-development,0.166667,0.166667,0.0,2026-08-01T09:00:00+00:00
3.0,profile-v3-0885,health-sciences,0.166667,0.166667,0.0,2026-08-01T09:00:00+00:00
3.0,profile-v3-0885,sports,0.166667,0.166667,0.0,2026-08-01T09:00:00+00:00
3.0,profile-v3-0886,mental-health,0.25,0.25,0.0,2026-08-01T09:00:00+00:00
3.0,profile-v3-0886,travel,0.25,0.25,0.0,2026-08-01T09:00:00+00:00
3.0,profile-v3-0886,volunteering,0.25,0.25,0.0,2026-08-01T09:00:00+00:00
3.0,profile-v3-0886,nutrition,0.25,0.25,0.0,2026-08-01T09:00:00+00:00
3.0,profile-v3-0887,international-community,0.333333,0.333333,0.0,2026-08-01T09:00:00+00:00
3.0,profile-v3-0887,health-sciences,0.333333,0.333333,0.0,2026-08-01T09:00:00+00:00
3.0,profile-v3-0887,ui-ux,0.333333,0.333333,0.0,2026-08-01T09:00:00+00:00
3.0,profile-v3-0888,travel,0.333333,0.333333,0.0,2026-08-01T09:00:00+00:00
3.0,profile-v3-0888,cybersecurity,0.333333,0.333333,0.0,2026-08-01T09:00:00+00:00
3.0,profile-v3-0888,entrepreneurship,0.333333,0.333333,0.0,2026-08-01T09:00:00+00:00
3.0,profile-v3-0889,international-community,0.125,0.125,0.0,2026-08-01T09:00:00+00:00
3.0,profile-v3-0889,ui-ux,0.125,0.125,0.0,2026-08-01T09:00:00+00:00
3.0,profile-v3-0889,product,0.125,0.125,0.0,2026-08-01T09:00:00+00:00
3.0,profile-v3-0889,sports,0.125,0.125,0.0,2026-08-01T09:00:00+00:00
3.0,profile-v3-0889,data-science,0.125,0.125,0.0,2026-08-01T09:00:00+00:00
3.0,profile-v3-0889,wellbeing,0.125,0.125,0.0,2026-08-01T09:00:00+00:00
3.0,profile-v3-0889,web-development,0.125,0.125,0.0,2026-08-01T09:00:00+00:00
3.0,profile-v3-0889,volunteering,0.125,0.125,0.0,2026-08-01T09:00:00+00:00
3.0,profile-v3-0890,social-sciences,0.166667,0.166667,0.0,2026-08-01T09:00:00+00:00
3.0,profile-v3-0890,graphic-design,0.166667,0.166667,0.0,2026-08-01T09:00:00+00:00
3.0,profile-v3-0890,wellbeing,0.166667,0.166667,0.0,2026-08-01T09:00:00+00:00
3.0,profile-v3-0890,sports,0.166667,0.166667,0.0,2026-08-01T09:00:00+00:00
3.0,profile-v3-0890,music,0.166667,0.166667,0.0,2026-08-01T09:00:00+00:00
3.0,profile-v3-0890,web-development,0.166667,0.166667,0.0,2026-08-01T09:00:00+00:00
3.0,profile-v3-0891,sports,0.25,0.25,0.0,2026-08-01T09:00:00+00:00
3.0,profile-v3-0891,health-sciences,0.25,0.25,0.0,2026-08-01T09:00:00+00:00
3.0,profile-v3-0891,ai,0.25,0.25,0.0,2026-08-01T09:00:00+00:00
3.0,profile-v3-0891,social-sciences,0.25,0.25,0.0,2026-08-01T09:00:00+00:00
3.0,profile-v3-0892,career,0.125,0.125,0.0,2026-08-01T09:00:00+00:00
3.0,profile-v3-0892,graphic-design,0.125,0.125,0.0,2026-08-01T09:00:00+00:00
3.0,profile-v3-0892,ai,0.125,0.125,0.0,2026-08-01T09:00:00+00:00
3.0,profile-v3-0892,product,0.125,0.125,0.0,2026-08-01T09:00:00+00:00
3.0,profile-v3-0892,social-responsibility,0.125,0.125,0.0,2026-08-01T09:00:00+00:00
3.0,profile-v3-0892,sports,0.125,0.125,0.0,2026-08-01T09:00:00+00:00
3.0,profile-v3-0892,social-sciences,0.125,0.125,0.0,2026-08-01T09:00:00+00:00
3.0,profile-v3-0892,wellbeing,0.125,0.125,0.0,2026-08-01T09:00:00+00:00
3.0,profile-v3-0893,social-responsibility,0.2,0.2,0.0,2026-08-01T09:00:00+00:00
3.0,profile-v3-0893,ai,0.2,0.2,0.0,2026-08-01T09:00:00+00:00
3.0,profile-v3-0893,volunteering,0.2,0.2,0.0,2026-08-01T09:00:00+00:00
3.0,profile-v3-0893,sports,0.2,0.2,0.0,2026-08-01T09:00:00+00:00
3.0,profile-v3-0893,cybersecurity,0.2,0.2,0.0,2026-08-01T09:00:00+00:00
3.0,profile-v3-0894,wellbeing,0.25,0.25,0.0,2026-08-01T09:00:00+00:00
3.0,profile-v3-0894,ai,0.25,0.25,0.0,2026-08-01T09:00:00+00:00
3.0,profile-v3-0894,international-community,0.25,0.25,0.0,2026-08-01T09:00:00+00:00
3.0,profile-v3-0894,volunteering,0.25,0.25,0.0,2026-08-01T09:00:00+00:00
3.0,profile-v3-0895,health-sciences,0.142857,0.142857,0.0,2026-08-01T09:00:00+00:00
3.0,profile-v3-0895,culture,0.142857,0.142857,0.0,2026-08-01T09:00:00+00:00
3.0,profile-v3-0895,career,0.142857,0.142857,0.0,2026-08-01T09:00:00+00:00
3.0,profile-v3-0895,wellbeing,0.142857,0.142857,0.0,2026-08-01T09:00:00+00:00
3.0,profile-v3-0895,entrepreneurship,0.142857,0.142857,0.0,2026-08-01T09:00:00+00:00
3.0,profile-v3-0895,nutrition,0.142857,0.142857,0.0,2026-08-01T09:00:00+00:00
3.0,profile-v3-0895,ai,0.142857,0.142857,0.0,2026-08-01T09:00:00+00:00
3.0,profile-v3-0896,ui-ux,0.2,0.2,0.0,2026-08-01T09:00:00+00:00
3.0,profile-v3-0896,volunteering,0.2,0.2,0.0,2026-08-01T09:00:00+00:00
3.0,profile-v3-0896,sustainability,0.2,0.2,0.0,2026-08-01T09:00:00+00:00
3.0,profile-v3-0896,entrepreneurship,0.2,0.2,0.0,2026-08-01T09:00:00+00:00
3.0,profile-v3-0896,natural-sciences,0.2,0.2,0.0,2026-08-01T09:00:00+00:00
3.0,profile-v3-0897,sports,0.125,0.125,0.0,2026-08-01T09:00:00+00:00
3.0,profile-v3-0897,natural-sciences,0.125,0.125,0.0,2026-08-01T09:00:00+00:00
3.0,profile-v3-0897,graphic-design,0.125,0.125,0.0,2026-08-01T09:00:00+00:00
3.0,profile-v3-0897,data-science,0.125,0.125,0.0,2026-08-01T09:00:00+00:00
3.0,profile-v3-0897,culture,0.125,0.125,0.0,2026-08-01T09:00:00+00:00
3.0,profile-v3-0897,entrepreneurship,0.125,0.125,0.0,2026-08-01T09:00:00+00:00
3.0,profile-v3-0897,ai,0.125,0.125,0.0,2026-08-01T09:00:00+00:00
3.0,profile-v3-0897,volunteering,0.125,0.125,0.0,2026-08-01T09:00:00+00:00
3.0,profile-v3-0898,travel,0.2,0.2,0.0,2026-08-01T09:00:00+00:00
3.0,profile-v3-0898,culture,0.2,0.2,0.0,2026-08-01T09:00:00+00:00
3.0,profile-v3-0898,graphic-design,0.2,0.2,0.0,2026-08-01T09:00:00+00:00
3.0,profile-v3-0898,natural-sciences,0.2,0.2,0.0,2026-08-01T09:00:00+00:00
3.0,profile-v3-0898,web-development,0.2,0.2,0.0,2026-08-01T09:00:00+00:00
3.0,profile-v3-0899,engineering,0.2,0.2,0.0,2026-08-01T09:00:00+00:00
3.0,profile-v3-0899,mental-health,0.2,0.2,0.0,2026-08-01T09:00:00+00:00
3.0,profile-v3-0899,finance,0.2,0.2,0.0,2026-08-01T09:00:00+00:00
3.0,profile-v3-0899,culture,0.2,0.2,0.0,2026-08-01T09:00:00+00:00
3.0,profile-v3-0899,international-community,0.2,0.2,0.0,2026-08-01T09:00:00+00:00
3.0,profile-v3-0900,ai,0.166667,0.166667,0.0,2026-08-01T09:00:00+00:00
3.0,profile-v3-0900,finance,0.166667,0.166667,0.0,2026-08-01T09:00:00+00:00
3.0,profile-v3-0900,data-science,0.166667,0.166667,0.0,2026-08-01T09:00:00+00:00
3.0,profile-v3-0900,entrepreneurship,0.166667,0.166667,0.0,2026-08-01T09:00:00+00:00
3.0,profile-v3-0900,sustainability,0.166667,0.166667,0.0,2026-08-01T09:00:00+00:00
3.0,profile-v3-0900,volunteering,0.166667,0.166667,0.0,2026-08-01T09:00:00+00:00
3.0,profile-v3-0901,volunteering,0.25,0.25,0.0,2026-08-01T09:00:00+00:00
3.0,profile-v3-0901,social-sciences,0.25,0.25,0.0,2026-08-01T09:00:00+00:00
3.0,profile-v3-0901,languages,0.25,0.25,0.0,2026-08-01T09:00:00+00:00
3.0,profile-v3-0901,photography,0.25,0.25,0.0,2026-08-01T09:00:00+00:00
3.0,profile-v3-0902,mental-health,0.25,0.25,0.0,2026-08-01T09:00:00+00:00
3.0,profile-v3-0902,ui-ux,0.25,0.25,0.0,2026-08-01T09:00:00+00:00
3.0,profile-v3-0902,natural-sciences,0.25,0.25,0.0,2026-08-01T09:00:00+00:00
3.0,profile-v3-0902,web-development,0.25,0.25,0.0,2026-08-01T09:00:00+00:00
3.0,profile-v3-0903,mental-health,0.125,0.125,0.0,2026-08-01T09:00:00+00:00
3.0,profile-v3-0903,graphic-design,0.125,0.125,0.0,2026-08-01T09:00:00+00:00
3.0,profile-v3-0903,natural-sciences,0.125,0.125,0.0,2026-08-01T09:00:00+00:00
3.0,profile-v3-0903,culture,0.125,0.125,0.0,2026-08-01T09:00:00+00:00
3.0,profile-v3-0903,data-science,0.125,0.125,0.0,2026-08-01T09:00:00+00:00
3.0,profile-v3-0903,social-responsibility,0.125,0.125,0.0,2026-08-01T09:00:00+00:00
3.0,profile-v3-0903,photography,0.125,0.125,0.0,2026-08-01T09:00:00+00:00
3.0,profile-v3-0903,social-sciences,0.125,0.125,0.0,2026-08-01T09:00:00+00:00
3.0,profile-v3-0904,music,0.25,0.25,0.0,2026-08-01T09:00:00+00:00
3.0,profile-v3-0904,photography,0.25,0.25,0.0,2026-08-01T09:00:00+00:00
3.0,profile-v3-0904,ai,0.25,0.25,0.0,2026-08-01T09:00:00+00:00
3.0,profile-v3-0904,entrepreneurship,0.25,0.25,0.0,2026-08-01T09:00:00+00:00
3.0,profile-v3-0905,wellbeing,0.2,0.2,0.0,2026-08-01T09:00:00+00:00
3.0,profile-v3-0905,web-development,0.2,0.2,0.0,2026-08-01T09:00:00+00:00
3.0,profile-v3-0905,photography,0.2,0.2,0.0,2026-08-01T09:00:00+00:00
3.0,profile-v3-0905,culture,0.2,0.2,0.0,2026-08-01T09:00:00+00:00
3.0,profile-v3-0905,travel,0.2,0.2,0.0,2026-08-01T09:00:00+00:00
3.0,profile-v3-0906,travel,0.142857,0.142857,0.0,2026-08-01T09:00:00+00:00
3.0,profile-v3-0906,social-sciences,0.142857,0.142857,0.0,2026-08-01T09:00:00+00:00
3.0,profile-v3-0906,social-responsibility,0.142857,0.142857,0.0,2026-08-01T09:00:00+00:00
3.0,profile-v3-0906,volunteering,0.142857,0.142857,0.0,2026-08-01T09:00:00+00:00
3.0,profile-v3-0906,theatre,0.142857,0.142857,0.0,2026-08-01T09:00:00+00:00
3.0,profile-v3-0906,sports,0.142857,0.142857,0.0,2026-08-01T09:00:00+00:00
3.0,profile-v3-0906,mental-health,0.142857,0.142857,0.0,2026-08-01T09:00:00+00:00
3.0,profile-v3-0907,health-sciences,0.2,0.2,0.0,2026-08-01T09:00:00+00:00
3.0,profile-v3-0907,photography,0.2,0.2,0.0,2026-08-01T09:00:00+00:00
3.0,profile-v3-0907,data-science,0.2,0.2,0.0,2026-08-01T09:00:00+00:00
3.0,profile-v3-0907,graphic-design,0.2,0.2,0.0,2026-08-01T09:00:00+00:00
3.0,profile-v3-0907,languages,0.2,0.2,0.0,2026-08-01T09:00:00+00:00
3.0,profile-v3-0908,natural-sciences,0.25,0.25,0.0,2026-08-01T09:00:00+00:00
3.0,profile-v3-0908,wellbeing,0.25,0.25,0.0,2026-08-01T09:00:00+00:00
3.0,profile-v3-0908,health-sciences,0.25,0.25,0.0,2026-08-01T09:00:00+00:00
3.0,profile-v3-0908,social-sciences,0.25,0.25,0.0,2026-08-01T09:00:00+00:00
3.0,profile-v3-0909,social-responsibility,0.2,0.2,0.0,2026-08-01T09:00:00+00:00
3.0,profile-v3-0909,wellbeing,0.2,0.2,0.0,2026-08-01T09:00:00+00:00
3.0,profile-v3-0909,graphic-design,0.2,0.2,0.0,2026-08-01T09:00:00+00:00
3.0,profile-v3-0909,health-sciences,0.2,0.2,0.0,2026-08-01T09:00:00+00:00
3.0,profile-v3-0909,sustainability,0.2,0.2,0.0,2026-08-01T09:00:00+00:00
3.0,profile-v3-0910,nutrition,0.25,0.25,0.0,2026-08-01T09:00:00+00:00
3.0,profile-v3-0910,international-community,0.25,0.25,0.0,2026-08-01T09:00:00+00:00
3.0,profile-v3-0910,graphic-design,0.25,0.25,0.0,2026-08-01T09:00:00+00:00
3.0,profile-v3-0910,mental-health,0.25,0.25,0.0,2026-08-01T09:00:00+00:00
3.0,profile-v3-0911,sustainability,0.166667,0.166667,0.0,2026-08-01T09:00:00+00:00
3.0,profile-v3-0911,sports,0.166667,0.166667,0.0,2026-08-01T09:00:00+00:00
3.0,profile-v3-0911,natural-sciences,0.166667,0.166667,0.0,2026-08-01T09:00:00+00:00
3.0,profile-v3-0911,health-sciences,0.166667,0.166667,0.0,2026-08-01T09:00:00+00:00
3.0,profile-v3-0911,career,0.166667,0.166667,0.0,2026-08-01T09:00:00+00:00
3.0,profile-v3-0911,mental-health,0.166667,0.166667,0.0,2026-08-01T09:00:00+00:00
3.0,profile-v3-0912,product,0.333333,0.333333,0.0,2026-08-01T09:00:00+00:00
3.0,profile-v3-0912,engineering,0.333333,0.333333,0.0,2026-08-01T09:00:00+00:00
3.0,profile-v3-0912,international-community,0.333333,0.333333,0.0,2026-08-01T09:00:00+00:00
3.0,profile-v3-0913,mobile-development,0.166667,0.166667,0.0,2026-08-01T09:00:00+00:00
3.0,profile-v3-0913,ai,0.166667,0.166667,0.0,2026-08-01T09:00:00+00:00
3.0,profile-v3-0913,social-sciences,0.166667,0.166667,0.0,2026-08-01T09:00:00+00:00
3.0,profile-v3-0913,career,0.166667,0.166667,0.0,2026-08-01T09:00:00+00:00
3.0,profile-v3-0913,web-development,0.166667,0.166667,0.0,2026-08-01T09:00:00+00:00
3.0,profile-v3-0913,languages,0.166667,0.166667,0.0,2026-08-01T09:00:00+00:00
3.0,profile-v3-0914,cybersecurity,0.166667,0.166667,0.0,2026-08-01T09:00:00+00:00
3.0,profile-v3-0914,mental-health,0.166667,0.166667,0.0,2026-08-01T09:00:00+00:00
3.0,profile-v3-0914,culture,0.166667,0.166667,0.0,2026-08-01T09:00:00+00:00
3.0,profile-v3-0914,mobile-development,0.166667,0.166667,0.0,2026-08-01T09:00:00+00:00
3.0,profile-v3-0914,sports,0.166667,0.166667,0.0,2026-08-01T09:00:00+00:00
3.0,profile-v3-0914,languages,0.166667,0.166667,0.0,2026-08-01T09:00:00+00:00
3.0,profile-v3-0915,social-sciences,0.166667,0.166667,0.0,2026-08-01T09:00:00+00:00
3.0,profile-v3-0915,game-development,0.166667,0.166667,0.0,2026-08-01T09:00:00+00:00
3.0,profile-v3-0915,mobile-development,0.166667,0.166667,0.0,2026-08-01T09:00:00+00:00
3.0,profile-v3-0915,cybersecurity,0.166667,0.166667,0.0,2026-08-01T09:00:00+00:00
3.0,profile-v3-0915,theatre,0.166667,0.166667,0.0,2026-08-01T09:00:00+00:00
3.0,profile-v3-0915,nutrition,0.166667,0.166667,0.0,2026-08-01T09:00:00+00:00
3.0,profile-v3-0916,social-responsibility,0.2,0.2,0.0,2026-08-01T09:00:00+00:00
3.0,profile-v3-0916,social-sciences,0.2,0.2,0.0,2026-08-01T09:00:00+00:00
3.0,profile-v3-0916,sustainability,0.2,0.2,0.0,2026-08-01T09:00:00+00:00
3.0,profile-v3-0916,sports,0.2,0.2,0.0,2026-08-01T09:00:00+00:00
3.0,profile-v3-0916,languages,0.2,0.2,0.0,2026-08-01T09:00:00+00:00
3.0,profile-v3-0917,international-community,0.2,0.2,0.0,2026-08-01T09:00:00+00:00
3.0,profile-v3-0917,engineering,0.2,0.2,0.0,2026-08-01T09:00:00+00:00
3.0,profile-v3-0917,music,0.2,0.2,0.0,2026-08-01T09:00:00+00:00
3.0,profile-v3-0917,career,0.2,0.2,0.0,2026-08-01T09:00:00+00:00
3.0,profile-v3-0917,volunteering,0.2,0.2,0.0,2026-08-01T09:00:00+00:00
3.0,profile-v3-0918,photography,0.125,0.125,0.0,2026-08-01T09:00:00+00:00
3.0,profile-v3-0918,finance,0.125,0.125,0.0,2026-08-01T09:00:00+00:00
3.0,profile-v3-0918,product,0.125,0.125,0.0,2026-08-01T09:00:00+00:00
3.0,profile-v3-0918,travel,0.125,0.125,0.0,2026-08-01T09:00:00+00:00
3.0,profile-v3-0918,engineering,0.125,0.125,0.0,2026-08-01T09:00:00+00:00
3.0,profile-v3-0918,ui-ux,0.125,0.125,0.0,2026-08-01T09:00:00+00:00
3.0,profile-v3-0918,volunteering,0.125,0.125,0.0,2026-08-01T09:00:00+00:00
3.0,profile-v3-0918,music,0.125,0.125,0.0,2026-08-01T09:00:00+00:00
3.0,profile-v3-0919,cybersecurity,0.142857,0.142857,0.0,2026-08-01T09:00:00+00:00
3.0,profile-v3-0919,mobile-development,0.142857,0.142857,0.0,2026-08-01T09:00:00+00:00
3.0,profile-v3-0919,photography,0.142857,0.142857,0.0,2026-08-01T09:00:00+00:00
3.0,profile-v3-0919,mental-health,0.142857,0.142857,0.0,2026-08-01T09:00:00+00:00
3.0,profile-v3-0919,ai,0.142857,0.142857,0.0,2026-08-01T09:00:00+00:00
3.0,profile-v3-0919,volunteering,0.142857,0.142857,0.0,2026-08-01T09:00:00+00:00
3.0,profile-v3-0919,data-science,0.142857,0.142857,0.0,2026-08-01T09:00:00+00:00
3.0,profile-v3-0920,game-development,0.25,0.25,0.0,2026-08-01T09:00:00+00:00
3.0,profile-v3-0920,wellbeing,0.25,0.25,0.0,2026-08-01T09:00:00+00:00
3.0,profile-v3-0920,graphic-design,0.25,0.25,0.0,2026-08-01T09:00:00+00:00
3.0,profile-v3-0920,cybersecurity,0.25,0.25,0.0,2026-08-01T09:00:00+00:00
3.0,profile-v3-0921,ai,0.125,0.125,0.0,2026-08-01T09:00:00+00:00
3.0,profile-v3-0921,ui-ux,0.125,0.125,0.0,2026-08-01T09:00:00+00:00
3.0,profile-v3-0921,culture,0.125,0.125,0.0,2026-08-01T09:00:00+00:00
3.0,profile-v3-0921,web-development,0.125,0.125,0.0,2026-08-01T09:00:00+00:00
3.0,profile-v3-0921,international-community,0.125,0.125,0.0,2026-08-01T09:00:00+00:00
3.0,profile-v3-0921,career,0.125,0.125,0.0,2026-08-01T09:00:00+00:00
3.0,profile-v3-0921,health-sciences,0.125,0.125,0.0,2026-08-01T09:00:00+00:00
3.0,profile-v3-0921,social-sciences,0.125,0.125,0.0,2026-08-01T09:00:00+00:00
3.0,profile-v3-0922,finance,0.125,0.125,0.0,2026-08-01T09:00:00+00:00
3.0,profile-v3-0922,natural-sciences,0.125,0.125,0.0,2026-08-01T09:00:00+00:00
3.0,profile-v3-0922,game-development,0.125,0.125,0.0,2026-08-01T09:00:00+00:00
3.0,profile-v3-0922,photography,0.125,0.125,0.0,2026-08-01T09:00:00+00:00
3.0,profile-v3-0922,ui-ux,0.125,0.125,0.0,2026-08-01T09:00:00+00:00
3.0,profile-v3-0922,entrepreneurship,0.125,0.125,0.0,2026-08-01T09:00:00+00:00
3.0,profile-v3-0922,mental-health,0.125,0.125,0.0,2026-08-01T09:00:00+00:00
3.0,profile-v3-0922,cybersecurity,0.125,0.125,0.0,2026-08-01T09:00:00+00:00
3.0,profile-v3-0923,mobile-development,0.166667,0.166667,0.0,2026-08-01T09:00:00+00:00
3.0,profile-v3-0923,game-development,0.166667,0.166667,0.0,2026-08-01T09:00:00+00:00
3.0,profile-v3-0923,natural-sciences,0.166667,0.166667,0.0,2026-08-01T09:00:00+00:00
3.0,profile-v3-0923,ui-ux,0.166667,0.166667,0.0,2026-08-01T09:00:00+00:00
3.0,profile-v3-0923,graphic-design,0.166667,0.166667,0.0,2026-08-01T09:00:00+00:00
3.0,profile-v3-0923,career,0.166667,0.166667,0.0,2026-08-01T09:00:00+00:00
3.0,profile-v3-0924,social-responsibility,0.25,0.25,0.0,2026-08-01T09:00:00+00:00
3.0,profile-v3-0924,ui-ux,0.25,0.25,0.0,2026-08-01T09:00:00+00:00
3.0,profile-v3-0924,graphic-design,0.25,0.25,0.0,2026-08-01T09:00:00+00:00
3.0,profile-v3-0924,data-science,0.25,0.25,0.0,2026-08-01T09:00:00+00:00
3.0,profile-v3-0925,culture,0.333333,0.333333,0.0,2026-08-01T09:00:00+00:00
3.0,profile-v3-0925,wellbeing,0.333333,0.333333,0.0,2026-08-01T09:00:00+00:00
3.0,profile-v3-0925,mental-health,0.333333,0.333333,0.0,2026-08-01T09:00:00+00:00
3.0,profile-v3-0926,product,0.2,0.2,0.0,2026-08-01T09:00:00+00:00
3.0,profile-v3-0926,finance,0.2,0.2,0.0,2026-08-01T09:00:00+00:00
3.0,profile-v3-0926,international-community,0.2,0.2,0.0,2026-08-01T09:00:00+00:00
3.0,profile-v3-0926,cybersecurity,0.2,0.2,0.0,2026-08-01T09:00:00+00:00
3.0,profile-v3-0926,sustainability,0.2,0.2,0.0,2026-08-01T09:00:00+00:00
3.0,profile-v3-0927,music,0.25,0.25,0.0,2026-08-01T09:00:00+00:00
3.0,profile-v3-0927,career,0.25,0.25,0.0,2026-08-01T09:00:00+00:00
3.0,profile-v3-0927,graphic-design,0.25,0.25,0.0,2026-08-01T09:00:00+00:00
3.0,profile-v3-0927,theatre,0.25,0.25,0.0,2026-08-01T09:00:00+00:00
3.0,profile-v3-0928,game-development,0.142857,0.142857,0.0,2026-08-01T09:00:00+00:00
3.0,profile-v3-0928,culture,0.142857,0.142857,0.0,2026-08-01T09:00:00+00:00
3.0,profile-v3-0928,international-community,0.142857,0.142857,0.0,2026-08-01T09:00:00+00:00
3.0,profile-v3-0928,music,0.142857,0.142857,0.0,2026-08-01T09:00:00+00:00
3.0,profile-v3-0928,volunteering,0.142857,0.142857,0.0,2026-08-01T09:00:00+00:00
3.0,profile-v3-0928,sustainability,0.142857,0.142857,0.0,2026-08-01T09:00:00+00:00
3.0,profile-v3-0928,wellbeing,0.142857,0.142857,0.0,2026-08-01T09:00:00+00:00
3.0,profile-v3-0929,engineering,0.25,0.25,0.0,2026-08-01T09:00:00+00:00
3.0,profile-v3-0929,languages,0.25,0.25,0.0,2026-08-01T09:00:00+00:00
3.0,profile-v3-0929,game-development,0.25,0.25,0.0,2026-08-01T09:00:00+00:00
3.0,profile-v3-0929,product,0.25,0.25,0.0,2026-08-01T09:00:00+00:00
3.0,profile-v3-0930,cybersecurity,0.333333,0.333333,0.0,2026-08-01T09:00:00+00:00
3.0,profile-v3-0930,entrepreneurship,0.333333,0.333333,0.0,2026-08-01T09:00:00+00:00
3.0,profile-v3-0930,web-development,0.333333,0.333333,0.0,2026-08-01T09:00:00+00:00
3.0,profile-v3-0931,volunteering,0.333333,0.333333,0.0,2026-08-01T09:00:00+00:00
3.0,profile-v3-0931,music,0.333333,0.333333,0.0,2026-08-01T09:00:00+00:00
3.0,profile-v3-0931,international-community,0.333333,0.333333,0.0,2026-08-01T09:00:00+00:00
3.0,profile-v3-0932,sustainability,0.166667,0.166667,0.0,2026-08-01T09:00:00+00:00
3.0,profile-v3-0932,wellbeing,0.166667,0.166667,0.0,2026-08-01T09:00:00+00:00
3.0,profile-v3-0932,natural-sciences,0.166667,0.166667,0.0,2026-08-01T09:00:00+00:00
3.0,profile-v3-0932,ui-ux,0.166667,0.166667,0.0,2026-08-01T09:00:00+00:00
3.0,profile-v3-0932,engineering,0.166667,0.166667,0.0,2026-08-01T09:00:00+00:00
3.0,profile-v3-0932,culture,0.166667,0.166667,0.0,2026-08-01T09:00:00+00:00
3.0,profile-v3-0933,nutrition,0.125,0.125,0.0,2026-08-01T09:00:00+00:00
3.0,profile-v3-0933,ui-ux,0.125,0.125,0.0,2026-08-01T09:00:00+00:00
3.0,profile-v3-0933,sports,0.125,0.125,0.0,2026-08-01T09:00:00+00:00
3.0,profile-v3-0933,theatre,0.125,0.125,0.0,2026-08-01T09:00:00+00:00
3.0,profile-v3-0933,mental-health,0.125,0.125,0.0,2026-08-01T09:00:00+00:00
3.0,profile-v3-0933,cybersecurity,0.125,0.125,0.0,2026-08-01T09:00:00+00:00
3.0,profile-v3-0933,culture,0.125,0.125,0.0,2026-08-01T09:00:00+00:00
3.0,profile-v3-0933,mobile-development,0.125,0.125,0.0,2026-08-01T09:00:00+00:00
3.0,profile-v3-0934,theatre,0.166667,0.166667,0.0,2026-08-01T09:00:00+00:00
3.0,profile-v3-0934,product,0.166667,0.166667,0.0,2026-08-01T09:00:00+00:00
3.0,profile-v3-0934,social-sciences,0.166667,0.166667,0.0,2026-08-01T09:00:00+00:00
3.0,profile-v3-0934,international-community,0.166667,0.166667,0.0,2026-08-01T09:00:00+00:00
3.0,profile-v3-0934,ui-ux,0.166667,0.166667,0.0,2026-08-01T09:00:00+00:00
3.0,profile-v3-0934,social-responsibility,0.166667,0.166667,0.0,2026-08-01T09:00:00+00:00
3.0,profile-v3-0935,health-sciences,0.2,0.2,0.0,2026-08-01T09:00:00+00:00
3.0,profile-v3-0935,sports,0.2,0.2,0.0,2026-08-01T09:00:00+00:00
3.0,profile-v3-0935,product,0.2,0.2,0.0,2026-08-01T09:00:00+00:00
3.0,profile-v3-0935,music,0.2,0.2,0.0,2026-08-01T09:00:00+00:00
3.0,profile-v3-0935,mental-health,0.2,0.2,0.0,2026-08-01T09:00:00+00:00
3.0,profile-v3-0936,music,0.166667,0.166667,0.0,2026-08-01T09:00:00+00:00
3.0,profile-v3-0936,product,0.166667,0.166667,0.0,2026-08-01T09:00:00+00:00
3.0,profile-v3-0936,data-science,0.166667,0.166667,0.0,2026-08-01T09:00:00+00:00
3.0,profile-v3-0936,mental-health,0.166667,0.166667,0.0,2026-08-01T09:00:00+00:00
3.0,profile-v3-0936,social-responsibility,0.166667,0.166667,0.0,2026-08-01T09:00:00+00:00
3.0,profile-v3-0936,cybersecurity,0.166667,0.166667,0.0,2026-08-01T09:00:00+00:00
3.0,profile-v3-0937,engineering,0.166667,0.166667,0.0,2026-08-01T09:00:00+00:00
3.0,profile-v3-0937,volunteering,0.166667,0.166667,0.0,2026-08-01T09:00:00+00:00
3.0,profile-v3-0937,finance,0.166667,0.166667,0.0,2026-08-01T09:00:00+00:00
3.0,profile-v3-0937,web-development,0.166667,0.166667,0.0,2026-08-01T09:00:00+00:00
3.0,profile-v3-0937,wellbeing,0.166667,0.166667,0.0,2026-08-01T09:00:00+00:00
3.0,profile-v3-0937,theatre,0.166667,0.166667,0.0,2026-08-01T09:00:00+00:00
3.0,profile-v3-0938,languages,0.333333,0.333333,0.0,2026-08-01T09:00:00+00:00
3.0,profile-v3-0938,entrepreneurship,0.333333,0.333333,0.0,2026-08-01T09:00:00+00:00
3.0,profile-v3-0938,product,0.333333,0.333333,0.0,2026-08-01T09:00:00+00:00
3.0,profile-v3-0939,mobile-development,0.166667,0.166667,0.0,2026-08-01T09:00:00+00:00
3.0,profile-v3-0939,web-development,0.166667,0.166667,0.0,2026-08-01T09:00:00+00:00
3.0,profile-v3-0939,game-development,0.166667,0.166667,0.0,2026-08-01T09:00:00+00:00
3.0,profile-v3-0939,cybersecurity,0.166667,0.166667,0.0,2026-08-01T09:00:00+00:00
3.0,profile-v3-0939,social-responsibility,0.166667,0.166667,0.0,2026-08-01T09:00:00+00:00
3.0,profile-v3-0939,culture,0.166667,0.166667,0.0,2026-08-01T09:00:00+00:00
3.0,profile-v3-0940,data-science,0.166667,0.166667,0.0,2026-08-01T09:00:00+00:00
3.0,profile-v3-0940,health-sciences,0.166667,0.166667,0.0,2026-08-01T09:00:00+00:00
3.0,profile-v3-0940,languages,0.166667,0.166667,0.0,2026-08-01T09:00:00+00:00
3.0,profile-v3-0940,web-development,0.166667,0.166667,0.0,2026-08-01T09:00:00+00:00
3.0,profile-v3-0940,theatre,0.166667,0.166667,0.0,2026-08-01T09:00:00+00:00
3.0,profile-v3-0940,entrepreneurship,0.166667,0.166667,0.0,2026-08-01T09:00:00+00:00
3.0,profile-v3-0941,finance,0.25,0.25,0.0,2026-08-01T09:00:00+00:00
3.0,profile-v3-0941,social-responsibility,0.25,0.25,0.0,2026-08-01T09:00:00+00:00
3.0,profile-v3-0941,product,0.25,0.25,0.0,2026-08-01T09:00:00+00:00
3.0,profile-v3-0941,sports,0.25,0.25,0.0,2026-08-01T09:00:00+00:00
3.0,profile-v3-0942,natural-sciences,0.125,0.125,0.0,2026-08-01T09:00:00+00:00
3.0,profile-v3-0942,travel,0.125,0.125,0.0,2026-08-01T09:00:00+00:00
3.0,profile-v3-0942,volunteering,0.125,0.125,0.0,2026-08-01T09:00:00+00:00
3.0,profile-v3-0942,ui-ux,0.125,0.125,0.0,2026-08-01T09:00:00+00:00
3.0,profile-v3-0942,engineering,0.125,0.125,0.0,2026-08-01T09:00:00+00:00
3.0,profile-v3-0942,theatre,0.125,0.125,0.0,2026-08-01T09:00:00+00:00
3.0,profile-v3-0942,game-development,0.125,0.125,0.0,2026-08-01T09:00:00+00:00
3.0,profile-v3-0942,entrepreneurship,0.125,0.125,0.0,2026-08-01T09:00:00+00:00
3.0,profile-v3-0943,social-sciences,0.25,0.25,0.0,2026-08-01T09:00:00+00:00
3.0,profile-v3-0943,cybersecurity,0.25,0.25,0.0,2026-08-01T09:00:00+00:00
3.0,profile-v3-0943,ui-ux,0.25,0.25,0.0,2026-08-01T09:00:00+00:00
3.0,profile-v3-0943,international-community,0.25,0.25,0.0,2026-08-01T09:00:00+00:00
3.0,profile-v3-0944,product,0.2,0.2,0.0,2026-08-01T09:00:00+00:00
3.0,profile-v3-0944,engineering,0.2,0.2,0.0,2026-08-01T09:00:00+00:00
3.0,profile-v3-0944,sustainability,0.2,0.2,0.0,2026-08-01T09:00:00+00:00
3.0,profile-v3-0944,wellbeing,0.2,0.2,0.0,2026-08-01T09:00:00+00:00
3.0,profile-v3-0944,mobile-development,0.2,0.2,0.0,2026-08-01T09:00:00+00:00
3.0,profile-v3-0945,mental-health,0.25,0.25,0.0,2026-08-01T09:00:00+00:00
3.0,profile-v3-0945,health-sciences,0.25,0.25,0.0,2026-08-01T09:00:00+00:00
3.0,profile-v3-0945,culture,0.25,0.25,0.0,2026-08-01T09:00:00+00:00
3.0,profile-v3-0945,cybersecurity,0.25,0.25,0.0,2026-08-01T09:00:00+00:00
3.0,profile-v3-0946,languages,0.142857,0.142857,0.0,2026-08-01T09:00:00+00:00
3.0,profile-v3-0946,photography,0.142857,0.142857,0.0,2026-08-01T09:00:00+00:00
3.0,profile-v3-0946,health-sciences,0.142857,0.142857,0.0,2026-08-01T09:00:00+00:00
3.0,profile-v3-0946,wellbeing,0.142857,0.142857,0.0,2026-08-01T09:00:00+00:00
3.0,profile-v3-0946,music,0.142857,0.142857,0.0,2026-08-01T09:00:00+00:00
3.0,profile-v3-0946,sports,0.142857,0.142857,0.0,2026-08-01T09:00:00+00:00
3.0,profile-v3-0946,data-science,0.142857,0.142857,0.0,2026-08-01T09:00:00+00:00
3.0,profile-v3-0947,mobile-development,0.142857,0.142857,0.0,2026-08-01T09:00:00+00:00
3.0,profile-v3-0947,social-responsibility,0.142857,0.142857,0.0,2026-08-01T09:00:00+00:00
3.0,profile-v3-0947,finance,0.142857,0.142857,0.0,2026-08-01T09:00:00+00:00
3.0,profile-v3-0947,mental-health,0.142857,0.142857,0.0,2026-08-01T09:00:00+00:00
3.0,profile-v3-0947,theatre,0.142857,0.142857,0.0,2026-08-01T09:00:00+00:00
3.0,profile-v3-0947,sustainability,0.142857,0.142857,0.0,2026-08-01T09:00:00+00:00
3.0,profile-v3-0947,languages,0.142857,0.142857,0.0,2026-08-01T09:00:00+00:00
3.0,profile-v3-0948,mental-health,0.2,0.2,0.0,2026-08-01T09:00:00+00:00
3.0,profile-v3-0948,game-development,0.2,0.2,0.0,2026-08-01T09:00:00+00:00
3.0,profile-v3-0948,cybersecurity,0.2,0.2,0.0,2026-08-01T09:00:00+00:00
3.0,profile-v3-0948,entrepreneurship,0.2,0.2,0.0,2026-08-01T09:00:00+00:00
3.0,profile-v3-0948,data-science,0.2,0.2,0.0,2026-08-01T09:00:00+00:00
3.0,profile-v3-0949,sustainability,0.125,0.125,0.0,2026-08-01T09:00:00+00:00
3.0,profile-v3-0949,mental-health,0.125,0.125,0.0,2026-08-01T09:00:00+00:00
3.0,profile-v3-0949,product,0.125,0.125,0.0,2026-08-01T09:00:00+00:00
3.0,profile-v3-0949,culture,0.125,0.125,0.0,2026-08-01T09:00:00+00:00
3.0,profile-v3-0949,international-community,0.125,0.125,0.0,2026-08-01T09:00:00+00:00
3.0,profile-v3-0949,social-sciences,0.125,0.125,0.0,2026-08-01T09:00:00+00:00
3.0,profile-v3-0949,data-science,0.125,0.125,0.0,2026-08-01T09:00:00+00:00
3.0,profile-v3-0949,engineering,0.125,0.125,0.0,2026-08-01T09:00:00+00:00
3.0,profile-v3-0950,volunteering,0.2,0.2,0.0,2026-08-01T09:00:00+00:00
3.0,profile-v3-0950,data-science,0.2,0.2,0.0,2026-08-01T09:00:00+00:00
3.0,profile-v3-0950,graphic-design,0.2,0.2,0.0,2026-08-01T09:00:00+00:00
3.0,profile-v3-0950,international-community,0.2,0.2,0.0,2026-08-01T09:00:00+00:00
3.0,profile-v3-0950,natural-sciences,0.2,0.2,0.0,2026-08-01T09:00:00+00:00
3.0,profile-v3-0951,sustainability,0.142857,0.142857,0.0,2026-08-01T09:00:00+00:00
3.0,profile-v3-0951,social-sciences,0.142857,0.142857,0.0,2026-08-01T09:00:00+00:00
3.0,profile-v3-0951,wellbeing,0.142857,0.142857,0.0,2026-08-01T09:00:00+00:00
3.0,profile-v3-0951,cybersecurity,0.142857,0.142857,0.0,2026-08-01T09:00:00+00:00
3.0,profile-v3-0951,international-community,0.142857,0.142857,0.0,2026-08-01T09:00:00+00:00
3.0,profile-v3-0951,data-science,0.142857,0.142857,0.0,2026-08-01T09:00:00+00:00
3.0,profile-v3-0951,graphic-design,0.142857,0.142857,0.0,2026-08-01T09:00:00+00:00
3.0,profile-v3-0952,sports,0.125,0.125,0.0,2026-08-01T09:00:00+00:00
3.0,profile-v3-0952,natural-sciences,0.125,0.125,0.0,2026-08-01T09:00:00+00:00
3.0,profile-v3-0952,social-responsibility,0.125,0.125,0.0,2026-08-01T09:00:00+00:00
3.0,profile-v3-0952,data-science,0.125,0.125,0.0,2026-08-01T09:00:00+00:00
3.0,profile-v3-0952,game-development,0.125,0.125,0.0,2026-08-01T09:00:00+00:00
3.0,profile-v3-0952,wellbeing,0.125,0.125,0.0,2026-08-01T09:00:00+00:00
3.0,profile-v3-0952,engineering,0.125,0.125,0.0,2026-08-01T09:00:00+00:00
3.0,profile-v3-0952,theatre,0.125,0.125,0.0,2026-08-01T09:00:00+00:00
3.0,profile-v3-0953,social-sciences,0.333333,0.333333,0.0,2026-08-01T09:00:00+00:00
3.0,profile-v3-0953,theatre,0.333333,0.333333,0.0,2026-08-01T09:00:00+00:00
3.0,profile-v3-0953,wellbeing,0.333333,0.333333,0.0,2026-08-01T09:00:00+00:00
3.0,profile-v3-0954,sports,0.125,0.125,0.0,2026-08-01T09:00:00+00:00
3.0,profile-v3-0954,sustainability,0.125,0.125,0.0,2026-08-01T09:00:00+00:00
3.0,profile-v3-0954,theatre,0.125,0.125,0.0,2026-08-01T09:00:00+00:00
3.0,profile-v3-0954,volunteering,0.125,0.125,0.0,2026-08-01T09:00:00+00:00
3.0,profile-v3-0954,wellbeing,0.125,0.125,0.0,2026-08-01T09:00:00+00:00
3.0,profile-v3-0954,social-responsibility,0.125,0.125,0.0,2026-08-01T09:00:00+00:00
3.0,profile-v3-0954,engineering,0.125,0.125,0.0,2026-08-01T09:00:00+00:00
3.0,profile-v3-0954,photography,0.125,0.125,0.0,2026-08-01T09:00:00+00:00
3.0,profile-v3-0955,finance,0.25,0.25,0.0,2026-08-01T09:00:00+00:00
3.0,profile-v3-0955,data-science,0.25,0.25,0.0,2026-08-01T09:00:00+00:00
3.0,profile-v3-0955,game-development,0.25,0.25,0.0,2026-08-01T09:00:00+00:00
3.0,profile-v3-0955,natural-sciences,0.25,0.25,0.0,2026-08-01T09:00:00+00:00
3.0,profile-v3-0956,product,0.142857,0.142857,0.0,2026-08-01T09:00:00+00:00
3.0,profile-v3-0956,ai,0.142857,0.142857,0.0,2026-08-01T09:00:00+00:00
3.0,profile-v3-0956,mobile-development,0.142857,0.142857,0.0,2026-08-01T09:00:00+00:00
3.0,profile-v3-0956,social-responsibility,0.142857,0.142857,0.0,2026-08-01T09:00:00+00:00
3.0,profile-v3-0956,career,0.142857,0.142857,0.0,2026-08-01T09:00:00+00:00
3.0,profile-v3-0956,culture,0.142857,0.142857,0.0,2026-08-01T09:00:00+00:00
3.0,profile-v3-0956,entrepreneurship,0.142857,0.142857,0.0,2026-08-01T09:00:00+00:00
3.0,profile-v3-0957,volunteering,0.2,0.2,0.0,2026-08-01T09:00:00+00:00
3.0,profile-v3-0957,engineering,0.2,0.2,0.0,2026-08-01T09:00:00+00:00
3.0,profile-v3-0957,photography,0.2,0.2,0.0,2026-08-01T09:00:00+00:00
3.0,profile-v3-0957,web-development,0.2,0.2,0.0,2026-08-01T09:00:00+00:00
3.0,profile-v3-0957,sustainability,0.2,0.2,0.0,2026-08-01T09:00:00+00:00
3.0,profile-v3-0958,sports,0.333333,0.333333,0.0,2026-08-01T09:00:00+00:00
3.0,profile-v3-0958,natural-sciences,0.333333,0.333333,0.0,2026-08-01T09:00:00+00:00
3.0,profile-v3-0958,travel,0.333333,0.333333,0.0,2026-08-01T09:00:00+00:00
3.0,profile-v3-0959,theatre,0.166667,0.166667,0.0,2026-08-01T09:00:00+00:00
3.0,profile-v3-0959,mental-health,0.166667,0.166667,0.0,2026-08-01T09:00:00+00:00
3.0,profile-v3-0959,nutrition,0.166667,0.166667,0.0,2026-08-01T09:00:00+00:00
3.0,profile-v3-0959,career,0.166667,0.166667,0.0,2026-08-01T09:00:00+00:00
3.0,profile-v3-0959,finance,0.166667,0.166667,0.0,2026-08-01T09:00:00+00:00
3.0,profile-v3-0959,sports,0.166667,0.166667,0.0,2026-08-01T09:00:00+00:00
3.0,profile-v3-0960,international-community,0.125,0.125,0.0,2026-08-01T09:00:00+00:00
3.0,profile-v3-0960,volunteering,0.125,0.125,0.0,2026-08-01T09:00:00+00:00
3.0,profile-v3-0960,sports,0.125,0.125,0.0,2026-08-01T09:00:00+00:00
3.0,profile-v3-0960,product,0.125,0.125,0.0,2026-08-01T09:00:00+00:00
3.0,profile-v3-0960,entrepreneurship,0.125,0.125,0.0,2026-08-01T09:00:00+00:00
3.0,profile-v3-0960,data-science,0.125,0.125,0.0,2026-08-01T09:00:00+00:00
3.0,profile-v3-0960,web-development,0.125,0.125,0.0,2026-08-01T09:00:00+00:00
3.0,profile-v3-0960,sustainability,0.125,0.125,0.0,2026-08-01T09:00:00+00:00
3.0,profile-v3-0961,mental-health,0.2,0.2,0.0,2026-08-01T09:00:00+00:00
3.0,profile-v3-0961,natural-sciences,0.2,0.2,0.0,2026-08-01T09:00:00+00:00
3.0,profile-v3-0961,nutrition,0.2,0.2,0.0,2026-08-01T09:00:00+00:00
3.0,profile-v3-0961,travel,0.2,0.2,0.0,2026-08-01T09:00:00+00:00
3.0,profile-v3-0961,mobile-development,0.2,0.2,0.0,2026-08-01T09:00:00+00:00
3.0,profile-v3-0962,career,0.166667,0.166667,0.0,2026-08-01T09:00:00+00:00
3.0,profile-v3-0962,travel,0.166667,0.166667,0.0,2026-08-01T09:00:00+00:00
3.0,profile-v3-0962,entrepreneurship,0.166667,0.166667,0.0,2026-08-01T09:00:00+00:00
3.0,profile-v3-0962,cybersecurity,0.166667,0.166667,0.0,2026-08-01T09:00:00+00:00
3.0,profile-v3-0962,photography,0.166667,0.166667,0.0,2026-08-01T09:00:00+00:00
3.0,profile-v3-0962,international-community,0.166667,0.166667,0.0,2026-08-01T09:00:00+00:00
3.0,profile-v3-0963,photography,0.142857,0.142857,0.0,2026-08-01T09:00:00+00:00
3.0,profile-v3-0963,social-sciences,0.142857,0.142857,0.0,2026-08-01T09:00:00+00:00
3.0,profile-v3-0963,entrepreneurship,0.142857,0.142857,0.0,2026-08-01T09:00:00+00:00
3.0,profile-v3-0963,sustainability,0.142857,0.142857,0.0,2026-08-01T09:00:00+00:00
3.0,profile-v3-0963,product,0.142857,0.142857,0.0,2026-08-01T09:00:00+00:00
3.0,profile-v3-0963,health-sciences,0.142857,0.142857,0.0,2026-08-01T09:00:00+00:00
3.0,profile-v3-0963,languages,0.142857,0.142857,0.0,2026-08-01T09:00:00+00:00
3.0,profile-v3-0964,game-development,0.166667,0.166667,0.0,2026-08-01T09:00:00+00:00
3.0,profile-v3-0964,graphic-design,0.166667,0.166667,0.0,2026-08-01T09:00:00+00:00
3.0,profile-v3-0964,nutrition,0.166667,0.166667,0.0,2026-08-01T09:00:00+00:00
3.0,profile-v3-0964,engineering,0.166667,0.166667,0.0,2026-08-01T09:00:00+00:00
3.0,profile-v3-0964,web-development,0.166667,0.166667,0.0,2026-08-01T09:00:00+00:00
3.0,profile-v3-0964,social-responsibility,0.166667,0.166667,0.0,2026-08-01T09:00:00+00:00
3.0,profile-v3-0965,social-responsibility,0.333333,0.333333,0.0,2026-08-01T09:00:00+00:00
3.0,profile-v3-0965,career,0.333333,0.333333,0.0,2026-08-01T09:00:00+00:00
3.0,profile-v3-0965,sports,0.333333,0.333333,0.0,2026-08-01T09:00:00+00:00
3.0,profile-v3-0966,finance,0.2,0.2,0.0,2026-08-01T09:00:00+00:00
3.0,profile-v3-0966,data-science,0.2,0.2,0.0,2026-08-01T09:00:00+00:00
3.0,profile-v3-0966,ui-ux,0.2,0.2,0.0,2026-08-01T09:00:00+00:00
3.0,profile-v3-0966,web-development,0.2,0.2,0.0,2026-08-01T09:00:00+00:00
3.0,profile-v3-0966,theatre,0.2,0.2,0.0,2026-08-01T09:00:00+00:00
3.0,profile-v3-0967,nutrition,0.166667,0.166667,0.0,2026-08-01T09:00:00+00:00
3.0,profile-v3-0967,career,0.166667,0.166667,0.0,2026-08-01T09:00:00+00:00
3.0,profile-v3-0967,international-community,0.166667,0.166667,0.0,2026-08-01T09:00:00+00:00
3.0,profile-v3-0967,music,0.166667,0.166667,0.0,2026-08-01T09:00:00+00:00
3.0,profile-v3-0967,languages,0.166667,0.166667,0.0,2026-08-01T09:00:00+00:00
3.0,profile-v3-0967,health-sciences,0.166667,0.166667,0.0,2026-08-01T09:00:00+00:00
3.0,profile-v3-0968,finance,0.125,0.125,0.0,2026-08-01T09:00:00+00:00
3.0,profile-v3-0968,languages,0.125,0.125,0.0,2026-08-01T09:00:00+00:00
3.0,profile-v3-0968,game-development,0.125,0.125,0.0,2026-08-01T09:00:00+00:00
3.0,profile-v3-0968,sports,0.125,0.125,0.0,2026-08-01T09:00:00+00:00
3.0,profile-v3-0968,cybersecurity,0.125,0.125,0.0,2026-08-01T09:00:00+00:00
3.0,profile-v3-0968,volunteering,0.125,0.125,0.0,2026-08-01T09:00:00+00:00
3.0,profile-v3-0968,health-sciences,0.125,0.125,0.0,2026-08-01T09:00:00+00:00
3.0,profile-v3-0968,sustainability,0.125,0.125,0.0,2026-08-01T09:00:00+00:00
3.0,profile-v3-0969,natural-sciences,0.142857,0.142857,0.0,2026-08-01T09:00:00+00:00
3.0,profile-v3-0969,graphic-design,0.142857,0.142857,0.0,2026-08-01T09:00:00+00:00
3.0,profile-v3-0969,volunteering,0.142857,0.142857,0.0,2026-08-01T09:00:00+00:00
3.0,profile-v3-0969,engineering,0.142857,0.142857,0.0,2026-08-01T09:00:00+00:00
3.0,profile-v3-0969,wellbeing,0.142857,0.142857,0.0,2026-08-01T09:00:00+00:00
3.0,profile-v3-0969,web-development,0.142857,0.142857,0.0,2026-08-01T09:00:00+00:00
3.0,profile-v3-0969,data-science,0.142857,0.142857,0.0,2026-08-01T09:00:00+00:00
3.0,profile-v3-0970,data-science,0.142857,0.142857,0.0,2026-08-01T09:00:00+00:00
3.0,profile-v3-0970,photography,0.142857,0.142857,0.0,2026-08-01T09:00:00+00:00
3.0,profile-v3-0970,health-sciences,0.142857,0.142857,0.0,2026-08-01T09:00:00+00:00
3.0,profile-v3-0970,graphic-design,0.142857,0.142857,0.0,2026-08-01T09:00:00+00:00
3.0,profile-v3-0970,mobile-development,0.142857,0.142857,0.0,2026-08-01T09:00:00+00:00
3.0,profile-v3-0970,volunteering,0.142857,0.142857,0.0,2026-08-01T09:00:00+00:00
3.0,profile-v3-0970,cybersecurity,0.142857,0.142857,0.0,2026-08-01T09:00:00+00:00
3.0,profile-v3-0971,career,0.142857,0.142857,0.0,2026-08-01T09:00:00+00:00
3.0,profile-v3-0971,wellbeing,0.142857,0.142857,0.0,2026-08-01T09:00:00+00:00
3.0,profile-v3-0971,music,0.142857,0.142857,0.0,2026-08-01T09:00:00+00:00
3.0,profile-v3-0971,engineering,0.142857,0.142857,0.0,2026-08-01T09:00:00+00:00
3.0,profile-v3-0971,social-sciences,0.142857,0.142857,0.0,2026-08-01T09:00:00+00:00
3.0,profile-v3-0971,sustainability,0.142857,0.142857,0.0,2026-08-01T09:00:00+00:00
3.0,profile-v3-0971,entrepreneurship,0.142857,0.142857,0.0,2026-08-01T09:00:00+00:00
3.0,profile-v3-0972,sustainability,0.25,0.25,0.0,2026-08-01T09:00:00+00:00
3.0,profile-v3-0972,web-development,0.25,0.25,0.0,2026-08-01T09:00:00+00:00
3.0,profile-v3-0972,game-development,0.25,0.25,0.0,2026-08-01T09:00:00+00:00
3.0,profile-v3-0972,sports,0.25,0.25,0.0,2026-08-01T09:00:00+00:00
3.0,profile-v3-0973,ui-ux,0.25,0.25,0.0,2026-08-01T09:00:00+00:00
3.0,profile-v3-0973,social-responsibility,0.25,0.25,0.0,2026-08-01T09:00:00+00:00
3.0,profile-v3-0973,web-development,0.25,0.25,0.0,2026-08-01T09:00:00+00:00
3.0,profile-v3-0973,travel,0.25,0.25,0.0,2026-08-01T09:00:00+00:00
3.0,profile-v3-0974,wellbeing,0.2,0.2,0.0,2026-08-01T09:00:00+00:00
3.0,profile-v3-0974,cybersecurity,0.2,0.2,0.0,2026-08-01T09:00:00+00:00
3.0,profile-v3-0974,travel,0.2,0.2,0.0,2026-08-01T09:00:00+00:00
3.0,profile-v3-0974,music,0.2,0.2,0.0,2026-08-01T09:00:00+00:00
3.0,profile-v3-0974,natural-sciences,0.2,0.2,0.0,2026-08-01T09:00:00+00:00
3.0,profile-v3-0975,social-responsibility,0.125,0.125,0.0,2026-08-01T09:00:00+00:00
3.0,profile-v3-0975,international-community,0.125,0.125,0.0,2026-08-01T09:00:00+00:00
3.0,profile-v3-0975,sustainability,0.125,0.125,0.0,2026-08-01T09:00:00+00:00
3.0,profile-v3-0975,travel,0.125,0.125,0.0,2026-08-01T09:00:00+00:00
3.0,profile-v3-0975,cybersecurity,0.125,0.125,0.0,2026-08-01T09:00:00+00:00
3.0,profile-v3-0975,mental-health,0.125,0.125,0.0,2026-08-01T09:00:00+00:00
3.0,profile-v3-0975,product,0.125,0.125,0.0,2026-08-01T09:00:00+00:00
3.0,profile-v3-0975,music,0.125,0.125,0.0,2026-08-01T09:00:00+00:00
3.0,profile-v3-0976,social-responsibility,0.142857,0.142857,0.0,2026-08-01T09:00:00+00:00
3.0,profile-v3-0976,entrepreneurship,0.142857,0.142857,0.0,2026-08-01T09:00:00+00:00
3.0,profile-v3-0976,mental-health,0.142857,0.142857,0.0,2026-08-01T09:00:00+00:00
3.0,profile-v3-0976,sports,0.142857,0.142857,0.0,2026-08-01T09:00:00+00:00
3.0,profile-v3-0976,ui-ux,0.142857,0.142857,0.0,2026-08-01T09:00:00+00:00
3.0,profile-v3-0976,web-development,0.142857,0.142857,0.0,2026-08-01T09:00:00+00:00
3.0,profile-v3-0976,engineering,0.142857,0.142857,0.0,2026-08-01T09:00:00+00:00
3.0,profile-v3-0977,international-community,0.25,0.25,0.0,2026-08-01T09:00:00+00:00
3.0,profile-v3-0977,web-development,0.25,0.25,0.0,2026-08-01T09:00:00+00:00
3.0,profile-v3-0977,sports,0.25,0.25,0.0,2026-08-01T09:00:00+00:00
3.0,profile-v3-0977,languages,0.25,0.25,0.0,2026-08-01T09:00:00+00:00
3.0,profile-v3-0978,mental-health,0.125,0.125,0.0,2026-08-01T09:00:00+00:00
3.0,profile-v3-0978,music,0.125,0.125,0.0,2026-08-01T09:00:00+00:00
3.0,profile-v3-0978,nutrition,0.125,0.125,0.0,2026-08-01T09:00:00+00:00
3.0,profile-v3-0978,sustainability,0.125,0.125,0.0,2026-08-01T09:00:00+00:00
3.0,profile-v3-0978,theatre,0.125,0.125,0.0,2026-08-01T09:00:00+00:00
3.0,profile-v3-0978,travel,0.125,0.125,0.0,2026-08-01T09:00:00+00:00
3.0,profile-v3-0978,mobile-development,0.125,0.125,0.0,2026-08-01T09:00:00+00:00
3.0,profile-v3-0978,career,0.125,0.125,0.0,2026-08-01T09:00:00+00:00
3.0,profile-v3-0979,finance,0.166667,0.166667,0.0,2026-08-01T09:00:00+00:00
3.0,profile-v3-0979,social-sciences,0.166667,0.166667,0.0,2026-08-01T09:00:00+00:00
3.0,profile-v3-0979,health-sciences,0.166667,0.166667,0.0,2026-08-01T09:00:00+00:00
3.0,profile-v3-0979,entrepreneurship,0.166667,0.166667,0.0,2026-08-01T09:00:00+00:00
3.0,profile-v3-0979,ui-ux,0.166667,0.166667,0.0,2026-08-01T09:00:00+00:00
3.0,profile-v3-0979,engineering,0.166667,0.166667,0.0,2026-08-01T09:00:00+00:00
3.0,profile-v3-0980,theatre,0.166667,0.166667,0.0,2026-08-01T09:00:00+00:00
3.0,profile-v3-0980,game-development,0.166667,0.166667,0.0,2026-08-01T09:00:00+00:00
3.0,profile-v3-0980,mental-health,0.166667,0.166667,0.0,2026-08-01T09:00:00+00:00
3.0,profile-v3-0980,mobile-development,0.166667,0.166667,0.0,2026-08-01T09:00:00+00:00
3.0,profile-v3-0980,sustainability,0.166667,0.166667,0.0,2026-08-01T09:00:00+00:00
3.0,profile-v3-0980,wellbeing,0.166667,0.166667,0.0,2026-08-01T09:00:00+00:00
3.0,profile-v3-0981,product,0.2,0.2,0.0,2026-08-01T09:00:00+00:00
3.0,profile-v3-0981,volunteering,0.2,0.2,0.0,2026-08-01T09:00:00+00:00
3.0,profile-v3-0981,international-community,0.2,0.2,0.0,2026-08-01T09:00:00+00:00
3.0,profile-v3-0981,wellbeing,0.2,0.2,0.0,2026-08-01T09:00:00+00:00
3.0,profile-v3-0981,data-science,0.2,0.2,0.0,2026-08-01T09:00:00+00:00
3.0,profile-v3-0982,mental-health,0.125,0.125,0.0,2026-08-01T09:00:00+00:00
3.0,profile-v3-0982,mobile-development,0.125,0.125,0.0,2026-08-01T09:00:00+00:00
3.0,profile-v3-0982,data-science,0.125,0.125,0.0,2026-08-01T09:00:00+00:00
3.0,profile-v3-0982,travel,0.125,0.125,0.0,2026-08-01T09:00:00+00:00
3.0,profile-v3-0982,web-development,0.125,0.125,0.0,2026-08-01T09:00:00+00:00
3.0,profile-v3-0982,culture,0.125,0.125,0.0,2026-08-01T09:00:00+00:00
3.0,profile-v3-0982,graphic-design,0.125,0.125,0.0,2026-08-01T09:00:00+00:00
3.0,profile-v3-0982,ai,0.125,0.125,0.0,2026-08-01T09:00:00+00:00
3.0,profile-v3-0983,engineering,0.333333,0.333333,0.0,2026-08-01T09:00:00+00:00
3.0,profile-v3-0983,music,0.333333,0.333333,0.0,2026-08-01T09:00:00+00:00
3.0,profile-v3-0983,entrepreneurship,0.333333,0.333333,0.0,2026-08-01T09:00:00+00:00
3.0,profile-v3-0984,social-responsibility,0.333333,0.333333,0.0,2026-08-01T09:00:00+00:00
3.0,profile-v3-0984,mental-health,0.333333,0.333333,0.0,2026-08-01T09:00:00+00:00
3.0,profile-v3-0984,mobile-development,0.333333,0.333333,0.0,2026-08-01T09:00:00+00:00
3.0,profile-v3-0985,social-sciences,0.166667,0.166667,0.0,2026-08-01T09:00:00+00:00
3.0,profile-v3-0985,languages,0.166667,0.166667,0.0,2026-08-01T09:00:00+00:00
3.0,profile-v3-0985,theatre,0.166667,0.166667,0.0,2026-08-01T09:00:00+00:00
3.0,profile-v3-0985,volunteering,0.166667,0.166667,0.0,2026-08-01T09:00:00+00:00
3.0,profile-v3-0985,game-development,0.166667,0.166667,0.0,2026-08-01T09:00:00+00:00
3.0,profile-v3-0985,graphic-design,0.166667,0.166667,0.0,2026-08-01T09:00:00+00:00
3.0,profile-v3-0986,sustainability,0.166667,0.166667,0.0,2026-08-01T09:00:00+00:00
3.0,profile-v3-0986,languages,0.166667,0.166667,0.0,2026-08-01T09:00:00+00:00
3.0,profile-v3-0986,engineering,0.166667,0.166667,0.0,2026-08-01T09:00:00+00:00
3.0,profile-v3-0986,social-responsibility,0.166667,0.166667,0.0,2026-08-01T09:00:00+00:00
3.0,profile-v3-0986,theatre,0.166667,0.166667,0.0,2026-08-01T09:00:00+00:00
3.0,profile-v3-0986,graphic-design,0.166667,0.166667,0.0,2026-08-01T09:00:00+00:00
3.0,profile-v3-0987,volunteering,0.333333,0.333333,0.0,2026-08-01T09:00:00+00:00
3.0,profile-v3-0987,languages,0.333333,0.333333,0.0,2026-08-01T09:00:00+00:00
3.0,profile-v3-0987,engineering,0.333333,0.333333,0.0,2026-08-01T09:00:00+00:00
3.0,profile-v3-0988,sports,0.125,0.125,0.0,2026-08-01T09:00:00+00:00
3.0,profile-v3-0988,volunteering,0.125,0.125,0.0,2026-08-01T09:00:00+00:00
3.0,profile-v3-0988,cybersecurity,0.125,0.125,0.0,2026-08-01T09:00:00+00:00
3.0,profile-v3-0988,photography,0.125,0.125,0.0,2026-08-01T09:00:00+00:00
3.0,profile-v3-0988,mobile-development,0.125,0.125,0.0,2026-08-01T09:00:00+00:00
3.0,profile-v3-0988,music,0.125,0.125,0.0,2026-08-01T09:00:00+00:00
3.0,profile-v3-0988,engineering,0.125,0.125,0.0,2026-08-01T09:00:00+00:00
3.0,profile-v3-0988,mental-health,0.125,0.125,0.0,2026-08-01T09:00:00+00:00
3.0,profile-v3-0989,entrepreneurship,0.166667,0.166667,0.0,2026-08-01T09:00:00+00:00
3.0,profile-v3-0989,game-development,0.166667,0.166667,0.0,2026-08-01T09:00:00+00:00
3.0,profile-v3-0989,cybersecurity,0.166667,0.166667,0.0,2026-08-01T09:00:00+00:00
3.0,profile-v3-0989,social-responsibility,0.166667,0.166667,0.0,2026-08-01T09:00:00+00:00
3.0,profile-v3-0989,nutrition,0.166667,0.166667,0.0,2026-08-01T09:00:00+00:00
3.0,profile-v3-0989,ui-ux,0.166667,0.166667,0.0,2026-08-01T09:00:00+00:00
3.0,profile-v3-0990,engineering,0.125,0.125,0.0,2026-08-01T09:00:00+00:00
3.0,profile-v3-0990,sustainability,0.125,0.125,0.0,2026-08-01T09:00:00+00:00
3.0,profile-v3-0990,ui-ux,0.125,0.125,0.0,2026-08-01T09:00:00+00:00
3.0,profile-v3-0990,finance,0.125,0.125,0.0,2026-08-01T09:00:00+00:00
3.0,profile-v3-0990,nutrition,0.125,0.125,0.0,2026-08-01T09:00:00+00:00
3.0,profile-v3-0990,photography,0.125,0.125,0.0,2026-08-01T09:00:00+00:00
3.0,profile-v3-0990,travel,0.125,0.125,0.0,2026-08-01T09:00:00+00:00
3.0,profile-v3-0990,career,0.125,0.125,0.0,2026-08-01T09:00:00+00:00
3.0,profile-v3-0991,game-development,0.333333,0.333333,0.0,2026-08-01T09:00:00+00:00
3.0,profile-v3-0991,international-community,0.333333,0.333333,0.0,2026-08-01T09:00:00+00:00
3.0,profile-v3-0991,entrepreneurship,0.333333,0.333333,0.0,2026-08-01T09:00:00+00:00
3.0,profile-v3-0992,engineering,0.125,0.125,0.0,2026-08-01T09:00:00+00:00
3.0,profile-v3-0992,finance,0.125,0.125,0.0,2026-08-01T09:00:00+00:00
3.0,profile-v3-0992,product,0.125,0.125,0.0,2026-08-01T09:00:00+00:00
3.0,profile-v3-0992,mental-health,0.125,0.125,0.0,2026-08-01T09:00:00+00:00
3.0,profile-v3-0992,ui-ux,0.125,0.125,0.0,2026-08-01T09:00:00+00:00
3.0,profile-v3-0992,travel,0.125,0.125,0.0,2026-08-01T09:00:00+00:00
3.0,profile-v3-0992,ai,0.125,0.125,0.0,2026-08-01T09:00:00+00:00
3.0,profile-v3-0992,entrepreneurship,0.125,0.125,0.0,2026-08-01T09:00:00+00:00
3.0,profile-v3-0993,game-development,0.166667,0.166667,0.0,2026-08-01T09:00:00+00:00
3.0,profile-v3-0993,mental-health,0.166667,0.166667,0.0,2026-08-01T09:00:00+00:00
3.0,profile-v3-0993,cybersecurity,0.166667,0.166667,0.0,2026-08-01T09:00:00+00:00
3.0,profile-v3-0993,volunteering,0.166667,0.166667,0.0,2026-08-01T09:00:00+00:00
3.0,profile-v3-0993,finance,0.166667,0.166667,0.0,2026-08-01T09:00:00+00:00
3.0,profile-v3-0993,natural-sciences,0.166667,0.166667,0.0,2026-08-01T09:00:00+00:00
3.0,profile-v3-0994,social-sciences,0.142857,0.142857,0.0,2026-08-01T09:00:00+00:00
3.0,profile-v3-0994,music,0.142857,0.142857,0.0,2026-08-01T09:00:00+00:00
3.0,profile-v3-0994,theatre,0.142857,0.142857,0.0,2026-08-01T09:00:00+00:00
3.0,profile-v3-0994,cybersecurity,0.142857,0.142857,0.0,2026-08-01T09:00:00+00:00
3.0,profile-v3-0994,sports,0.142857,0.142857,0.0,2026-08-01T09:00:00+00:00
3.0,profile-v3-0994,ai,0.142857,0.142857,0.0,2026-08-01T09:00:00+00:00
3.0,profile-v3-0994,graphic-design,0.142857,0.142857,0.0,2026-08-01T09:00:00+00:00
3.0,profile-v3-0995,ai,0.2,0.2,0.0,2026-08-01T09:00:00+00:00
3.0,profile-v3-0995,social-sciences,0.2,0.2,0.0,2026-08-01T09:00:00+00:00
3.0,profile-v3-0995,sports,0.2,0.2,0.0,2026-08-01T09:00:00+00:00
3.0,profile-v3-0995,graphic-design,0.2,0.2,0.0,2026-08-01T09:00:00+00:00
3.0,profile-v3-0995,sustainability,0.2,0.2,0.0,2026-08-01T09:00:00+00:00
3.0,profile-v3-0996,career,0.166667,0.166667,0.0,2026-08-01T09:00:00+00:00
3.0,profile-v3-0996,engineering,0.166667,0.166667,0.0,2026-08-01T09:00:00+00:00
3.0,profile-v3-0996,mobile-development,0.166667,0.166667,0.0,2026-08-01T09:00:00+00:00
3.0,profile-v3-0996,ui-ux,0.166667,0.166667,0.0,2026-08-01T09:00:00+00:00
3.0,profile-v3-0996,cybersecurity,0.166667,0.166667,0.0,2026-08-01T09:00:00+00:00
3.0,profile-v3-0996,ai,0.166667,0.166667,0.0,2026-08-01T09:00:00+00:00
3.0,profile-v3-0997,health-sciences,0.25,0.25,0.0,2026-08-01T09:00:00+00:00
3.0,profile-v3-0997,ai,0.25,0.25,0.0,2026-08-01T09:00:00+00:00
3.0,profile-v3-0997,culture,0.25,0.25,0.0,2026-08-01T09:00:00+00:00
3.0,profile-v3-0997,music,0.25,0.25,0.0,2026-08-01T09:00:00+00:00
3.0,profile-v3-0998,ui-ux,0.333333,0.333333,0.0,2026-08-01T09:00:00+00:00
3.0,profile-v3-0998,photography,0.333333,0.333333,0.0,2026-08-01T09:00:00+00:00
3.0,profile-v3-0998,wellbeing,0.333333,0.333333,0.0,2026-08-01T09:00:00+00:00
3.0,profile-v3-0999,travel,0.142857,0.142857,0.0,2026-08-01T09:00:00+00:00
3.0,profile-v3-0999,languages,0.142857,0.142857,0.0,2026-08-01T09:00:00+00:00
3.0,profile-v3-0999,cybersecurity,0.142857,0.142857,0.0,2026-08-01T09:00:00+00:00
3.0,profile-v3-0999,mental-health,0.142857,0.142857,0.0,2026-08-01T09:00:00+00:00
3.0,profile-v3-0999,international-community,0.142857,0.142857,0.0,2026-08-01T09:00:00+00:00
3.0,profile-v3-0999,sports,0.142857,0.142857,0.0,2026-08-01T09:00:00+00:00
3.0,profile-v3-0999,nutrition,0.142857,0.142857,0.0,2026-08-01T09:00:00+00:00
3.0,profile-v3-1000,volunteering,0.142857,0.142857,0.0,2026-08-01T09:00:00+00:00
3.0,profile-v3-1000,game-development,0.142857,0.142857,0.0,2026-08-01T09:00:00+00:00
3.0,profile-v3-1000,culture,0.142857,0.142857,0.0,2026-08-01T09:00:00+00:00
3.0,profile-v3-1000,photography,0.142857,0.142857,0.0,2026-08-01T09:00:00+00:00
3.0,profile-v3-1000,health-sciences,0.142857,0.142857,0.0,2026-08-01T09:00:00+00:00
3.0,profile-v3-1000,international-community,0.142857,0.142857,0.0,2026-08-01T09:00:00+00:00
3.0,profile-v3-1000,sports,0.142857,0.142857,0.0,2026-08-01T09:00:00+00:00
