participation_id,schema_version,profile_id,event_id,status,attendance_verified,requested_at,verified_at
participation-v3-00001,3.0,profile-v3-0615,event-v3-0079,attended,true,2026-07-31T10:00:00+00:00,2026-08-18T14:00:00+00:00
participation-v3-00002,3.0,profile-v3-0277,event-v3-0086,attended,true,2026-08-22T12:00:00+00:00,2026-08-25T14:00:00+00:00
participation-v3-00003,3.0,profile-v3-0053,event-v3-0243,attended,true,2026-11-19T13:00:00+00:00,2026-12-05T16:00:00+00:00
participation-v3-00004,3.0,profile-v3-0342,event-v3-0004,attended,true,2026-11-09T09:00:00+00:00,2026-11-12T10:00:00+00:00
participation-v3-00005,3.0,profile-v3-0100,event-v3-0074,attended,true,2026-11-18T12:00:00+00:00,2026-11-23T13:00:00+00:00
participation-v3-00006,3.0,profile-v3-0497,event-v3-0048,attended,true,2027-01-14T09:00:00+00:00,2027-01-19T13:00:00+00:00
participation-v3-00007,3.0,profile-v3-0130,event-v3-0177,attended,true,2026-12-07T15:00:00+00:00,2026-12-25T18:00:00+00:00
participation-v3-00008,3.0,profile-v3-0400,event-v3-0059,attended,true,2027-01-11T16:00:00+00:00,2027-01-23T20:00:00+00:00
participation-v3-00009,3.0,profile-v3-0355,event-v3-0060,attended,true,2026-12-02T19:00:00+00:00,2026-12-03T21:00:00+00:00
participation-v3-00010,3.0,profile-v3-0108,event-v3-0206,attended,true,2027-01-16T14:00:00+00:00,2027-01-17T15:00:00+00:00
participation-v3-00011,3.0,profile-v3-0131,event-v3-0104,attended,true,2026-09-22T19:00:00+00:00,2026-10-05T23:00:00+00:00
participation-v3-00012,3.0,profile-v3-0451,event-v3-0225,attended,true,2026-08-24T10:00:00+00:00,2026-08-28T14:00:00+00:00
participation-v3-00013,3.0,profile-v3-0533,event-v3-0188,attended,true,2026-11-21T13:00:00+00:00,2026-12-10T17:00:00+00:00
participation-v3-00014,3.0,profile-v3-0760,event-v3-0090,attended,true,2026-12-04T17:00:00+00:00,2026-12-05T21:00:00+00:00
participation-v3-00015,3.0,profile-v3-0071,event-v3-0193,attended,true,2026-10-02T12:00:00+00:00,2026-10-06T13:00:00+00:00
participation-v3-00016,3.0,profile-v3-0568,event-v3-0091,attended,true,2026-12-06T12:00:00+00:00,2026-12-16T13:00:00+00:00
participation-v3-00017,3.0,profile-v3-0582,event-v3-0027,attended,true,2026-11-21T11:00:00+00:00,2026-11-23T13:00:00+00:00
participation-v3-00018,3.0,profile-v3-0351,event-v3-0002,attended,true,2027-01-14T09:00:00+00:00,2027-01-21T13:00:00+00:00
participation-v3-00019,3.0,profile-v3-0142,event-v3-0134,attended,true,2026-09-10T16:00:00+00:00,2026-09-23T18:00:00+00:00
participation-v3-00020,3.0,profile-v3-0069,event-v3-0237,attended,true,2026-07-29T13:00:00+00:00,2026-08-12T14:00:00+00:00
participation-v3-00021,3.0,profile-v3-0131,event-v3-0134,attended,true,2026-09-10T16:00:00+00:00,2026-09-23T18:00:00+00:00
participation-v3-00022,3.0,profile-v3-0206,event-v3-0010,attended,true,2026-11-20T16:00:00+00:00,2026-11-22T20:00:00+00:00
participation-v3-00023,3.0,profile-v3-0072,event-v3-0011,attended,true,2026-08-02T16:00:00+00:00,2026-08-17T19:00:00+00:00
participation-v3-00024,3.0,profile-v3-0421,event-v3-0085,attended,true,2026-10-09T16:00:00+00:00,2026-10-18T19:00:00+00:00
participation-v3-00025,3.0,profile-v3-0671,event-v3-0201,attended,true,2026-11-17T12:00:00+00:00,2026-12-01T16:00:00+00:00
participation-v3-00026,3.0,profile-v3-0773,event-v3-0194,attended,true,2026-08-07T15:00:00+00:00,2026-08-24T16:00:00+00:00
participation-v3-00027,3.0,profile-v3-0452,event-v3-0244,attended,true,2026-10-09T12:00:00+00:00,2026-10-28T14:00:00+00:00
participation-v3-00028,3.0,profile-v3-0597,event-v3-0211,attended,true,2026-10-08T14:00:00+00:00,2026-10-10T18:00:00+00:00
participation-v3-00029,3.0,profile-v3-0439,event-v3-0204,attended,true,2026-12-05T16:00:00+00:00,2026-12-12T20:00:00+00:00
participation-v3-00030,3.0,profile-v3-0080,event-v3-0015,attended,true,2026-10-04T15:00:00+00:00,2026-10-10T17:00:00+00:00
participation-v3-00031,3.0,profile-v3-0674,event-v3-0227,attended,true,2026-09-14T18:00:00+00:00,2026-09-24T20:00:00+00:00
participation-v3-00032,3.0,profile-v3-0921,event-v3-0142,attended,true,2026-09-19T15:00:00+00:00,2026-09-23T17:00:00+00:00
participation-v3-00033,3.0,profile-v3-0665,event-v3-0067,attended,true,2026-07-27T15:00:00+00:00,2026-08-07T18:00:00+00:00
participation-v3-00034,3.0,profile-v3-0474,event-v3-0132,attended,true,2026-09-10T11:00:00+00:00,2026-09-16T13:00:00+00:00
participation-v3-00035,3.0,profile-v3-0494,event-v3-0088,attended,true,2026-07-22T13:00:00+00:00,2026-08-10T14:00:00+00:00
participation-v3-00036,3.0,profile-v3-0947,event-v3-0208,attended,true,2026-08-02T11:00:00+00:00,2026-08-04T12:00:00+00:00
participation-v3-00037,3.0,profile-v3-0573,event-v3-0102,attended,true,2026-08-07T12:00:00+00:00,2026-08-22T15:00:00+00:00
participation-v3-00038,3.0,profile-v3-0248,event-v3-0099,attended,true,2026-07-16T15:00:00+00:00,2026-08-03T16:00:00+00:00
participation-v3-00039,3.0,profile-v3-0344,event-v3-0065,attended,true,2026-08-29T11:00:00+00:00,2026-09-10T12:00:00+00:00
participation-v3-00040,3.0,profile-v3-0582,event-v3-0052,attended,true,2026-08-20T10:00:00+00:00,2026-08-31T12:00:00+00:00
participation-v3-00041,3.0,profile-v3-0277,event-v3-0152,attended,true,2026-10-28T09:00:00+00:00,2026-11-17T11:00:00+00:00
participation-v3-00042,3.0,profile-v3-0134,event-v3-0078,attended,true,2026-11-29T12:00:00+00:00,2026-12-17T15:00:00+00:00
participation-v3-00043,3.0,profile-v3-0699,event-v3-0024,attended,true,2026-09-29T12:00:00+00:00,2026-10-11T15:00:00+00:00
participation-v3-00044,3.0,profile-v3-0081,event-v3-0025,attended,true,2026-08-05T19:00:00+00:00,2026-08-20T22:00:00+00:00
participation-v3-00045,3.0,profile-v3-0195,event-v3-0017,attended,true,2027-01-20T18:00:00+00:00,2027-01-25T22:00:00+00:00
participation-v3-00046,3.0,profile-v3-0229,event-v3-0044,attended,true,2026-08-25T14:00:00+00:00,2026-08-27T15:00:00+00:00
participation-v3-00047,3.0,profile-v3-0623,event-v3-0076,attended,true,2026-10-17T16:00:00+00:00,2026-10-19T18:00:00+00:00
participation-v3-00048,3.0,profile-v3-0374,event-v3-0121,attended,true,2026-10-21T09:00:00+00:00,2026-11-07T10:00:00+00:00
participation-v3-00049,3.0,profile-v3-0283,event-v3-0095,attended,true,2026-10-18T13:00:00+00:00,2026-10-21T15:00:00+00:00
participation-v3-00050,3.0,profile-v3-0321,event-v3-0094,attended,true,2026-12-29T12:00:00+00:00,2027-01-04T13:00:00+00:00
participation-v3-00051,3.0,profile-v3-0340,event-v3-0014,attended,true,2026-11-10T14:00:00+00:00,2026-11-27T16:00:00+00:00
participation-v3-00052,3.0,profile-v3-0238,event-v3-0116,attended,true,2026-08-13T09:00:00+00:00,2026-08-15T13:00:00+00:00
participation-v3-00053,3.0,profile-v3-0369,event-v3-0175,attended,true,2026-10-01T18:00:00+00:00,2026-10-12T19:00:00+00:00
participation-v3-00054,3.0,profile-v3-0961,event-v3-0029,attended,true,2026-12-05T18:00:00+00:00,2026-12-20T22:00:00+00:00
participation-v3-00055,3.0,profile-v3-0247,event-v3-0099,attended,true,2026-07-22T15:00:00+00:00,2026-08-03T16:00:00+00:00
participation-v3-00056,3.0,profile-v3-0919,event-v3-0028,attended,true,2026-08-05T10:00:00+00:00,2026-08-11T11:00:00+00:00
participation-v3-00057,3.0,profile-v3-0375,event-v3-0027,attended,true,2026-11-16T11:00:00+00:00,2026-11-23T13:00:00+00:00
participation-v3-00058,3.0,profile-v3-0623,event-v3-0014,attended,true,2026-11-22T14:00:00+00:00,2026-11-27T16:00:00+00:00
participation-v3-00059,3.0,profile-v3-0283,event-v3-0074,attended,true,2026-11-20T12:00:00+00:00,2026-11-23T13:00:00+00:00
participation-v3-00060,3.0,profile-v3-0618,event-v3-0199,attended,true,2026-07-26T11:00:00+00:00,2026-08-14T15:00:00+00:00
participation-v3-00061,3.0,profile-v3-0151,event-v3-0202,attended,true,2026-11-04T11:00:00+00:00,2026-11-11T14:00:00+00:00
participation-v3-00062,3.0,profile-v3-0851,event-v3-0231,attended,true,2026-09-09T19:00:00+00:00,2026-09-15T20:00:00+00:00
participation-v3-00063,3.0,profile-v3-0011,event-v3-0009,attended,true,2026-08-13T19:00:00+00:00,2026-08-21T21:00:00+00:00
participation-v3-00064,3.0,profile-v3-0853,event-v3-0017,attended,true,2027-01-18T18:00:00+00:00,2027-01-25T22:00:00+00:00
participation-v3-00065,3.0,profile-v3-0900,event-v3-0040,attended,true,2026-08-02T09:00:00+00:00,2026-08-11T13:00:00+00:00
participation-v3-00066,3.0,profile-v3-0373,event-v3-0130,attended,true,2026-11-10T19:00:00+00:00,2026-11-25T20:00:00+00:00
participation-v3-00067,3.0,profile-v3-0538,event-v3-0045,attended,true,2026-11-07T19:00:00+00:00,2026-11-22T20:00:00+00:00
participation-v3-00068,3.0,profile-v3-0222,event-v3-0071,attended,true,2027-01-17T15:00:00+00:00,2027-01-20T19:00:00+00:00
participation-v3-00069,3.0,profile-v3-0335,event-v3-0013,attended,true,2026-12-07T13:00:00+00:00,2026-12-11T17:00:00+00:00
participation-v3-00070,3.0,profile-v3-0742,event-v3-0213,attended,true,2026-10-29T18:00:00+00:00,2026-11-10T19:00:00+00:00
participation-v3-00071,3.0,profile-v3-0244,event-v3-0246,attended,true,2026-09-13T09:00:00+00:00,2026-09-30T12:00:00+00:00
participation-v3-00072,3.0,profile-v3-0358,event-v3-0234,attended,true,2026-10-31T14:00:00+00:00,2026-11-15T18:00:00+00:00
participation-v3-00073,3.0,profile-v3-0982,event-v3-0244,attended,true,2026-10-22T12:00:00+00:00,2026-10-28T14:00:00+00:00
participation-v3-00074,3.0,profile-v3-0811,event-v3-0108,attended,true,2026-09-28T19:00:00+00:00,2026-10-04T23:00:00+00:00
participation-v3-00075,3.0,profile-v3-0102,event-v3-0037,attended,true,2026-08-23T15:00:00+00:00,2026-09-01T17:00:00+00:00
participation-v3-00076,3.0,profile-v3-0165,event-v3-0244,attended,true,2026-10-12T12:00:00+00:00,2026-10-28T14:00:00+00:00
participation-v3-00077,3.0,profile-v3-0846,event-v3-0191,attended,true,2027-01-21T13:00:00+00:00,2027-01-24T17:00:00+00:00
participation-v3-00078,3.0,profile-v3-0459,event-v3-0079,attended,true,2026-08-01T10:00:00+00:00,2026-08-18T14:00:00+00:00
participation-v3-00079,3.0,profile-v3-0591,event-v3-0015,attended,true,2026-09-25T15:00:00+00:00,2026-10-10T17:00:00+00:00
participation-v3-00080,3.0,profile-v3-0301,event-v3-0152,attended,true,2026-11-13T09:00:00+00:00,2026-11-17T11:00:00+00:00
participation-v3-00081,3.0,profile-v3-0402,event-v3-0244,attended,true,2026-10-08T12:00:00+00:00,2026-10-28T14:00:00+00:00
participation-v3-00082,3.0,profile-v3-0616,event-v3-0087,attended,true,2026-10-29T11:00:00+00:00,2026-11-09T15:00:00+00:00
participation-v3-00083,3.0,profile-v3-0611,event-v3-0207,attended,true,2027-01-12T12:00:00+00:00,2027-01-20T15:00:00+00:00
participation-v3-00084,3.0,profile-v3-0067,event-v3-0070,attended,true,2026-09-19T16:00:00+00:00,2026-10-07T18:00:00+00:00
participation-v3-00085,3.0,profile-v3-0442,event-v3-0024,attended,true,2026-09-26T12:00:00+00:00,2026-10-11T15:00:00+00:00
participation-v3-00086,3.0,profile-v3-0880,event-v3-0020,attended,true,2026-12-02T10:00:00+00:00,2026-12-04T11:00:00+00:00
participation-v3-00087,3.0,profile-v3-0250,event-v3-0200,attended,true,2026-11-10T16:00:00+00:00,2026-11-14T19:00:00+00:00
participation-v3-00088,3.0,profile-v3-0318,event-v3-0084,attended,true,2026-11-23T19:00:00+00:00,2026-11-30T21:00:00+00:00
participation-v3-00089,3.0,profile-v3-0407,event-v3-0235,attended,true,2026-12-15T17:00:00+00:00,2026-12-27T21:00:00+00:00
participation-v3-00090,3.0,profile-v3-0165,event-v3-0226,attended,true,2026-10-04T11:00:00+00:00,2026-10-21T14:00:00+00:00
participation-v3-00091,3.0,profile-v3-0484,event-v3-0214,attended,true,2026-11-29T19:00:00+00:00,2026-12-10T22:00:00+00:00
participation-v3-00092,3.0,profile-v3-0630,event-v3-0205,attended,true,2026-12-04T12:00:00+00:00,2026-12-09T15:00:00+00:00
participation-v3-00093,3.0,profile-v3-0979,event-v3-0047,attended,true,2027-01-20T10:00:00+00:00,2027-01-25T12:00:00+00:00
participation-v3-00094,3.0,profile-v3-0189,event-v3-0150,attended,true,2026-09-12T19:00:00+00:00,2026-09-25T22:00:00+00:00
participation-v3-00095,3.0,profile-v3-0696,event-v3-0207,attended,true,2027-01-18T12:00:00+00:00,2027-01-20T15:00:00+00:00
participation-v3-00096,3.0,profile-v3-0287,event-v3-0112,attended,true,2026-11-13T15:00:00+00:00,2026-11-20T16:00:00+00:00
participation-v3-00097,3.0,profile-v3-0713,event-v3-0131,attended,true,2026-12-07T11:00:00+00:00,2026-12-18T15:00:00+00:00
participation-v3-00098,3.0,profile-v3-0681,event-v3-0112,attended,true,2026-11-06T15:00:00+00:00,2026-11-20T16:00:00+00:00
participation-v3-00099,3.0,profile-v3-0492,event-v3-0041,attended,true,2026-11-21T10:00:00+00:00,2026-12-10T12:00:00+00:00
participation-v3-00100,3.0,profile-v3-0766,event-v3-0179,attended,true,2026-09-22T15:00:00+00:00,2026-10-12T16:00:00+00:00
participation-v3-00101,3.0,profile-v3-0376,event-v3-0070,attended,true,2026-10-01T16:00:00+00:00,2026-10-07T18:00:00+00:00
participation-v3-00102,3.0,profile-v3-0310,event-v3-0175,attended,true,2026-10-01T18:00:00+00:00,2026-10-12T19:00:00+00:00
participation-v3-00103,3.0,profile-v3-0310,event-v3-0156,attended,true,2026-10-26T10:00:00+00:00,2026-11-15T11:00:00+00:00
participation-v3-00104,3.0,profile-v3-0211,event-v3-0179,attended,true,2026-10-09T15:00:00+00:00,2026-10-12T16:00:00+00:00
participation-v3-00105,3.0,profile-v3-0922,event-v3-0236,attended,true,2027-01-05T10:00:00+00:00,2027-01-21T14:00:00+00:00
participation-v3-00106,3.0,profile-v3-0605,event-v3-0113,attended,true,2026-09-07T18:00:00+00:00,2026-09-22T21:00:00+00:00
participation-v3-00107,3.0,profile-v3-0715,event-v3-0121,attended,true,2026-10-28T09:00:00+00:00,2026-11-07T10:00:00+00:00
participation-v3-00108,3.0,profile-v3-0094,event-v3-0159,attended,true,2027-01-08T11:00:00+00:00,2027-01-10T12:00:00+00:00
participation-v3-00109,3.0,profile-v3-0041,event-v3-0040,attended,true,2026-08-08T09:00:00+00:00,2026-08-11T13:00:00+00:00
participation-v3-00110,3.0,profile-v3-0275,event-v3-0116,attended,true,2026-08-12T09:00:00+00:00,2026-08-15T13:00:00+00:00
participation-v3-00111,3.0,profile-v3-0601,event-v3-0175,attended,true,2026-10-11T18:00:00+00:00,2026-10-12T19:00:00+00:00
participation-v3-00112,3.0,profile-v3-0707,event-v3-0091,attended,true,2026-12-10T12:00:00+00:00,2026-12-16T13:00:00+00:00
participation-v3-00113,3.0,profile-v3-0144,event-v3-0134,attended,true,2026-09-07T16:00:00+00:00,2026-09-23T18:00:00+00:00
participation-v3-00114,3.0,profile-v3-0810,event-v3-0067,attended,true,2026-07-25T15:00:00+00:00,2026-08-07T18:00:00+00:00
participation-v3-00115,3.0,profile-v3-0328,event-v3-0102,attended,true,2026-08-07T12:00:00+00:00,2026-08-22T15:00:00+00:00
participation-v3-00116,3.0,profile-v3-0708,event-v3-0227,attended,true,2026-09-23T18:00:00+00:00,2026-09-24T20:00:00+00:00
participation-v3-00117,3.0,profile-v3-0235,event-v3-0164,attended,true,2026-10-02T13:00:00+00:00,2026-10-22T15:00:00+00:00
participation-v3-00118,3.0,profile-v3-0577,event-v3-0012,attended,true,2026-11-20T17:00:00+00:00,2026-12-02T21:00:00+00:00
participation-v3-00119,3.0,profile-v3-0257,event-v3-0132,attended,true,2026-09-03T11:00:00+00:00,2026-09-16T13:00:00+00:00
participation-v3-00120,3.0,profile-v3-0927,event-v3-0041,attended,true,2026-11-23T10:00:00+00:00,2026-12-10T12:00:00+00:00
participation-v3-00121,3.0,profile-v3-0253,event-v3-0128,attended,true,2026-12-19T09:00:00+00:00,2026-12-23T11:00:00+00:00
participation-v3-00122,3.0,profile-v3-0950,event-v3-0180,attended,true,2026-08-02T10:00:00+00:00,2026-08-12T14:00:00+00:00
participation-v3-00123,3.0,profile-v3-0559,event-v3-0130,attended,true,2026-11-13T19:00:00+00:00,2026-11-25T20:00:00+00:00
participation-v3-00124,3.0,profile-v3-0593,event-v3-0228,attended,true,2026-08-20T18:00:00+00:00,2026-09-07T20:00:00+00:00
participation-v3-00125,3.0,profile-v3-0058,event-v3-0026,attended,true,2027-01-12T19:00:00+00:00,2027-01-22T22:00:00+00:00
participation-v3-00126,3.0,profile-v3-0071,event-v3-0074,attended,true,2026-11-05T12:00:00+00:00,2026-11-23T13:00:00+00:00
participation-v3-00127,3.0,profile-v3-0180,event-v3-0096,attended,true,2027-01-06T17:00:00+00:00,2027-01-17T20:00:00+00:00
participation-v3-00128,3.0,profile-v3-0506,event-v3-0214,attended,true,2026-11-29T19:00:00+00:00,2026-12-10T22:00:00+00:00
participation-v3-00129,3.0,profile-v3-0181,event-v3-0122,attended,true,2026-09-24T14:00:00+00:00,2026-10-07T16:00:00+00:00
participation-v3-00130,3.0,profile-v3-0205,event-v3-0076,attended,true,2026-10-15T16:00:00+00:00,2026-10-19T18:00:00+00:00
participation-v3-00131,3.0,profile-v3-0787,event-v3-0042,attended,true,2026-09-09T18:00:00+00:00,2026-09-28T22:00:00+00:00
participation-v3-00132,3.0,profile-v3-0973,event-v3-0080,attended,true,2026-08-27T14:00:00+00:00,2026-09-02T15:00:00+00:00
participation-v3-00133,3.0,profile-v3-0695,event-v3-0050,attended,true,2026-12-14T14:00:00+00:00,2026-12-28T17:00:00+00:00
participation-v3-00134,3.0,profile-v3-1000,event-v3-0004,attended,true,2026-11-07T09:00:00+00:00,2026-11-12T10:00:00+00:00
participation-v3-00135,3.0,profile-v3-0653,event-v3-0216,attended,true,2026-11-02T19:00:00+00:00,2026-11-12T23:00:00+00:00
participation-v3-00136,3.0,profile-v3-0699,event-v3-0020,attended,true,2026-11-19T10:00:00+00:00,2026-12-04T11:00:00+00:00
participation-v3-00137,3.0,profile-v3-0945,event-v3-0008,attended,true,2026-12-23T17:00:00+00:00,2027-01-01T21:00:00+00:00
participation-v3-00138,3.0,profile-v3-0471,event-v3-0214,attended,true,2026-12-08T19:00:00+00:00,2026-12-10T22:00:00+00:00
participation-v3-00139,3.0,profile-v3-0907,event-v3-0043,attended,true,2026-12-01T12:00:00+00:00,2026-12-03T16:00:00+00:00
participation-v3-00140,3.0,profile-v3-0179,event-v3-0212,attended,true,2026-12-02T16:00:00+00:00,2026-12-05T19:00:00+00:00
participation-v3-00141,3.0,profile-v3-0631,event-v3-0178,attended,true,2026-10-22T18:00:00+00:00,2026-10-30T19:00:00+00:00
participation-v3-00142,3.0,profile-v3-0578,event-v3-0047,attended,true,2027-01-15T10:00:00+00:00,2027-01-25T12:00:00+00:00
participation-v3-00143,3.0,profile-v3-0621,event-v3-0115,attended,true,2026-11-14T11:00:00+00:00,2026-11-24T15:00:00+00:00
participation-v3-00144,3.0,profile-v3-0573,event-v3-0140,attended,true,2026-08-16T13:00:00+00:00,2026-08-29T15:00:00+00:00
participation-v3-00145,3.0,profile-v3-0287,event-v3-0080,attended,true,2026-08-26T14:00:00+00:00,2026-09-02T15:00:00+00:00
participation-v3-00146,3.0,profile-v3-0804,event-v3-0125,attended,true,2026-10-02T14:00:00+00:00,2026-10-03T16:00:00+00:00
participation-v3-00147,3.0,profile-v3-0311,event-v3-0247,attended,true,2027-01-07T09:00:00+00:00,2027-01-09T11:00:00+00:00
participation-v3-00148,3.0,profile-v3-0786,event-v3-0192,attended,true,2026-08-27T12:00:00+00:00,2026-09-13T14:00:00+00:00
participation-v3-00149,3.0,profile-v3-0914,event-v3-0188,attended,true,2026-12-01T13:00:00+00:00,2026-12-10T17:00:00+00:00
participation-v3-00150,3.0,profile-v3-0892,event-v3-0003,attended,true,2026-07-31T15:00:00+00:00,2026-08-01T17:00:00+00:00
participation-v3-00151,3.0,profile-v3-0692,event-v3-0056,attended,true,2026-07-31T17:00:00+00:00,2026-08-20T19:00:00+00:00
participation-v3-00152,3.0,profile-v3-0795,event-v3-0097,attended,true,2026-12-19T19:00:00+00:00,2026-12-28T21:00:00+00:00
participation-v3-00153,3.0,profile-v3-0440,event-v3-0162,attended,true,2026-12-20T19:00:00+00:00,2027-01-07T23:00:00+00:00
participation-v3-00154,3.0,profile-v3-0799,event-v3-0229,attended,true,2026-12-07T13:00:00+00:00,2026-12-12T17:00:00+00:00
participation-v3-00155,3.0,profile-v3-0291,event-v3-0213,attended,true,2026-11-06T18:00:00+00:00,2026-11-10T19:00:00+00:00
participation-v3-00156,3.0,profile-v3-0137,event-v3-0177,attended,true,2026-12-21T15:00:00+00:00,2026-12-25T18:00:00+00:00
participation-v3-00157,3.0,profile-v3-0454,event-v3-0121,attended,true,2026-10-22T09:00:00+00:00,2026-11-07T10:00:00+00:00
participation-v3-00158,3.0,profile-v3-0518,event-v3-0109,attended,true,2026-07-31T10:00:00+00:00,2026-08-07T11:00:00+00:00
participation-v3-00159,3.0,profile-v3-0140,event-v3-0211,attended,true,2026-10-04T14:00:00+00:00,2026-10-10T18:00:00+00:00
participation-v3-00160,3.0,profile-v3-0896,event-v3-0047,attended,true,2027-01-16T10:00:00+00:00,2027-01-25T12:00:00+00:00
participation-v3-00161,3.0,profile-v3-0766,event-v3-0113,attended,true,2026-09-05T18:00:00+00:00,2026-09-22T21:00:00+00:00
participation-v3-00162,3.0,profile-v3-0091,event-v3-0137,attended,true,2026-10-04T18:00:00+00:00,2026-10-22T21:00:00+00:00
participation-v3-00163,3.0,profile-v3-0880,event-v3-0090,attended,true,2026-11-23T17:00:00+00:00,2026-12-05T21:00:00+00:00
participation-v3-00164,3.0,profile-v3-0837,event-v3-0186,attended,true,2026-10-26T10:00:00+00:00,2026-11-07T13:00:00+00:00
participation-v3-00165,3.0,profile-v3-0919,event-v3-0012,attended,true,2026-11-27T17:00:00+00:00,2026-12-02T21:00:00+00:00
participation-v3-00166,3.0,profile-v3-0339,event-v3-0132,attended,true,2026-08-30T11:00:00+00:00,2026-09-16T13:00:00+00:00
participation-v3-00167,3.0,profile-v3-0464,event-v3-0113,attended,true,2026-09-17T18:00:00+00:00,2026-09-22T21:00:00+00:00
participation-v3-00168,3.0,profile-v3-0753,event-v3-0217,attended,true,2026-12-09T11:00:00+00:00,2026-12-19T13:00:00+00:00
participation-v3-00169,3.0,profile-v3-0843,event-v3-0237,attended,true,2026-08-10T13:00:00+00:00,2026-08-12T14:00:00+00:00
participation-v3-00170,3.0,profile-v3-0008,event-v3-0204,attended,true,2026-12-10T16:00:00+00:00,2026-12-12T20:00:00+00:00
participation-v3-00171,3.0,profile-v3-0585,event-v3-0006,attended,true,2026-10-25T09:00:00+00:00,2026-10-26T11:00:00+00:00
participation-v3-00172,3.0,profile-v3-0266,event-v3-0070,attended,true,2026-09-20T16:00:00+00:00,2026-10-07T18:00:00+00:00
participation-v3-00173,3.0,profile-v3-0696,event-v3-0194,attended,true,2026-08-13T15:00:00+00:00,2026-08-24T16:00:00+00:00
participation-v3-00174,3.0,profile-v3-0733,event-v3-0048,attended,true,2027-01-08T09:00:00+00:00,2027-01-19T13:00:00+00:00
participation-v3-00175,3.0,profile-v3-0129,event-v3-0104,attended,true,2026-09-29T19:00:00+00:00,2026-10-05T23:00:00+00:00
participation-v3-00176,3.0,profile-v3-0542,event-v3-0201,attended,true,2026-11-25T12:00:00+00:00,2026-12-01T16:00:00+00:00
participation-v3-00177,3.0,profile-v3-0578,event-v3-0007,attended,true,2026-08-20T12:00:00+00:00,2026-08-29T14:00:00+00:00
participation-v3-00178,3.0,profile-v3-0672,event-v3-0135,attended,true,2026-09-10T15:00:00+00:00,2026-09-30T19:00:00+00:00
participation-v3-00179,3.0,profile-v3-0565,event-v3-0180,attended,true,2026-07-29T10:00:00+00:00,2026-08-12T14:00:00+00:00
participation-v3-00180,3.0,profile-v3-0882,event-v3-0069,attended,true,2026-07-31T09:00:00+00:00,2026-08-04T13:00:00+00:00
participation-v3-00181,3.0,profile-v3-0605,event-v3-0129,attended,true,2026-12-25T16:00:00+00:00,2026-12-30T20:00:00+00:00
participation-v3-00182,3.0,profile-v3-0877,event-v3-0207,attended,true,2027-01-15T12:00:00+00:00,2027-01-20T15:00:00+00:00
participation-v3-00183,3.0,profile-v3-0907,event-v3-0037,attended,true,2026-08-29T15:00:00+00:00,2026-09-01T17:00:00+00:00
participation-v3-00184,3.0,profile-v3-0709,event-v3-0101,attended,true,2026-08-31T14:00:00+00:00,2026-09-10T16:00:00+00:00
participation-v3-00185,3.0,profile-v3-0393,event-v3-0135,attended,true,2026-09-10T15:00:00+00:00,2026-09-30T19:00:00+00:00
participation-v3-00186,3.0,profile-v3-0267,event-v3-0129,attended,true,2026-12-29T16:00:00+00:00,2026-12-30T20:00:00+00:00
participation-v3-00187,3.0,profile-v3-0378,event-v3-0168,attended,true,2026-11-09T16:00:00+00:00,2026-11-27T17:00:00+00:00
participation-v3-00188,3.0,profile-v3-0183,event-v3-0046,attended,true,2026-12-06T13:00:00+00:00,2026-12-19T17:00:00+00:00
participation-v3-00189,3.0,profile-v3-0435,event-v3-0239,attended,true,2026-10-23T11:00:00+00:00,2026-11-01T13:00:00+00:00
participation-v3-00190,3.0,profile-v3-0185,event-v3-0154,attended,true,2026-12-10T15:00:00+00:00,2026-12-28T17:00:00+00:00
participation-v3-00191,3.0,profile-v3-0589,event-v3-0223,attended,true,2027-01-07T16:00:00+00:00,2027-01-09T18:00:00+00:00
participation-v3-00192,3.0,profile-v3-0766,event-v3-0206,attended,true,2027-01-16T14:00:00+00:00,2027-01-17T15:00:00+00:00
participation-v3-00193,3.0,profile-v3-0839,event-v3-0163,attended,true,2026-10-29T11:00:00+00:00,2026-10-31T13:00:00+00:00
participation-v3-00194,3.0,profile-v3-0801,event-v3-0102,attended,true,2026-08-05T12:00:00+00:00,2026-08-22T15:00:00+00:00
participation-v3-00195,3.0,profile-v3-0857,event-v3-0068,attended,true,2026-09-17T10:00:00+00:00,2026-09-28T14:00:00+00:00
participation-v3-00196,3.0,profile-v3-0609,event-v3-0136,attended,true,2026-08-29T15:00:00+00:00,2026-09-17T17:00:00+00:00
participation-v3-00197,3.0,profile-v3-0561,event-v3-0022,attended,true,2026-09-29T10:00:00+00:00,2026-10-15T14:00:00+00:00
participation-v3-00198,3.0,profile-v3-0307,event-v3-0002,attended,true,2027-01-13T09:00:00+00:00,2027-01-21T13:00:00+00:00
participation-v3-00199,3.0,profile-v3-0088,event-v3-0203,attended,true,2026-08-17T17:00:00+00:00,2026-08-31T18:00:00+00:00
participation-v3-00200,3.0,profile-v3-0202,event-v3-0191,attended,true,2027-01-06T13:00:00+00:00,2027-01-24T17:00:00+00:00
participation-v3-00201,3.0,profile-v3-0590,event-v3-0174,attended,true,2026-08-28T17:00:00+00:00,2026-09-09T21:00:00+00:00
participation-v3-00202,3.0,profile-v3-0932,event-v3-0185,attended,true,2026-09-16T18:00:00+00:00,2026-09-18T19:00:00+00:00
participation-v3-00203,3.0,profile-v3-0428,event-v3-0072,attended,true,2027-01-07T18:00:00+00:00,2027-01-27T21:00:00+00:00
participation-v3-00204,3.0,profile-v3-0697,event-v3-0042,attended,true,2026-09-19T18:00:00+00:00,2026-09-28T22:00:00+00:00
participation-v3-00205,3.0,profile-v3-0609,event-v3-0200,attended,true,2026-11-05T16:00:00+00:00,2026-11-14T19:00:00+00:00
participation-v3-00206,3.0,profile-v3-0310,event-v3-0237,attended,true,2026-08-02T13:00:00+00:00,2026-08-12T14:00:00+00:00
participation-v3-00207,3.0,profile-v3-0433,event-v3-0150,attended,true,2026-09-22T19:00:00+00:00,2026-09-25T22:00:00+00:00
participation-v3-00208,3.0,profile-v3-0096,event-v3-0223,attended,true,2027-01-02T16:00:00+00:00,2027-01-09T18:00:00+00:00
participation-v3-00209,3.0,profile-v3-0562,event-v3-0050,attended,true,2026-12-11T14:00:00+00:00,2026-12-28T17:00:00+00:00
participation-v3-00210,3.0,profile-v3-0223,event-v3-0173,attended,true,2026-12-07T13:00:00+00:00,2026-12-16T17:00:00+00:00
participation-v3-00211,3.0,profile-v3-0694,event-v3-0179,attended,true,2026-10-01T15:00:00+00:00,2026-10-12T16:00:00+00:00
participation-v3-00212,3.0,profile-v3-0034,event-v3-0142,attended,true,2026-09-08T15:00:00+00:00,2026-09-23T17:00:00+00:00
participation-v3-00213,3.0,profile-v3-0338,event-v3-0107,attended,true,2026-11-17T12:00:00+00:00,2026-11-30T14:00:00+00:00
participation-v3-00214,3.0,profile-v3-0113,event-v3-0195,attended,true,2027-01-05T14:00:00+00:00,2027-01-11T15:00:00+00:00
participation-v3-00215,3.0,profile-v3-0334,event-v3-0141,attended,true,2026-09-14T16:00:00+00:00,2026-09-23T19:00:00+00:00
participation-v3-00216,3.0,profile-v3-0977,event-v3-0120,attended,true,2026-07-24T17:00:00+00:00,2026-08-01T20:00:00+00:00
participation-v3-00217,3.0,profile-v3-0396,event-v3-0224,attended,true,2026-08-10T19:00:00+00:00,2026-08-17T21:00:00+00:00
participation-v3-00218,3.0,profile-v3-0213,event-v3-0073,attended,true,2026-10-30T17:00:00+00:00,2026-11-19T18:00:00+00:00
participation-v3-00219,3.0,profile-v3-0176,event-v3-0193,attended,true,2026-09-27T12:00:00+00:00,2026-10-06T13:00:00+00:00
participation-v3-00220,3.0,profile-v3-0086,event-v3-0192,attended,true,2026-08-29T12:00:00+00:00,2026-09-13T14:00:00+00:00
participation-v3-00221,3.0,profile-v3-0394,event-v3-0100,attended,true,2026-08-07T18:00:00+00:00,2026-08-19T20:00:00+00:00
participation-v3-00222,3.0,profile-v3-0939,event-v3-0071,attended,true,2027-01-05T15:00:00+00:00,2027-01-20T19:00:00+00:00
participation-v3-00223,3.0,profile-v3-0793,event-v3-0066,attended,true,2026-09-05T17:00:00+00:00,2026-09-06T18:00:00+00:00
participation-v3-00224,3.0,profile-v3-0854,event-v3-0041,attended,true,2026-11-23T10:00:00+00:00,2026-12-10T12:00:00+00:00
participation-v3-00225,3.0,profile-v3-0022,event-v3-0160,attended,true,2026-12-10T12:00:00+00:00,2026-12-14T15:00:00+00:00
participation-v3-00226,3.0,profile-v3-0140,event-v3-0201,attended,true,2026-11-18T12:00:00+00:00,2026-12-01T16:00:00+00:00
participation-v3-00227,3.0,profile-v3-0434,event-v3-0088,attended,true,2026-08-03T13:00:00+00:00,2026-08-10T14:00:00+00:00
participation-v3-00228,3.0,profile-v3-0245,event-v3-0206,attended,true,2027-01-08T14:00:00+00:00,2027-01-17T15:00:00+00:00
participation-v3-00229,3.0,profile-v3-0638,event-v3-0018,attended,true,2026-08-10T13:00:00+00:00,2026-08-19T14:00:00+00:00
participation-v3-00230,3.0,profile-v3-0208,event-v3-0103,attended,true,2026-08-11T12:00:00+00:00,2026-08-20T16:00:00+00:00
participation-v3-00231,3.0,profile-v3-0702,event-v3-0059,attended,true,2027-01-19T16:00:00+00:00,2027-01-23T20:00:00+00:00
participation-v3-00232,3.0,profile-v3-0054,event-v3-0016,attended,true,2026-11-29T10:00:00+00:00,2026-11-30T14:00:00+00:00
participation-v3-00233,3.0,profile-v3-0424,event-v3-0195,attended,true,2027-01-09T14:00:00+00:00,2027-01-11T15:00:00+00:00
participation-v3-00234,3.0,profile-v3-0624,event-v3-0133,attended,true,2026-11-15T17:00:00+00:00,2026-11-24T18:00:00+00:00
participation-v3-00235,3.0,profile-v3-0802,event-v3-0072,attended,true,2027-01-25T18:00:00+00:00,2027-01-27T21:00:00+00:00
participation-v3-00236,3.0,profile-v3-0780,event-v3-0230,attended,true,2027-01-01T17:00:00+00:00,2027-01-08T18:00:00+00:00
participation-v3-00237,3.0,profile-v3-0450,event-v3-0114,attended,true,2027-01-21T14:00:00+00:00,2027-01-24T18:00:00+00:00
participation-v3-00238,3.0,profile-v3-0757,event-v3-0045,attended,true,2026-11-07T19:00:00+00:00,2026-11-22T20:00:00+00:00
participation-v3-00239,3.0,profile-v3-0641,event-v3-0100,attended,true,2026-08-09T18:00:00+00:00,2026-08-19T20:00:00+00:00
participation-v3-00240,3.0,profile-v3-0171,event-v3-0069,attended,true,2026-08-01T09:00:00+00:00,2026-08-04T13:00:00+00:00
participation-v3-00241,3.0,profile-v3-0241,event-v3-0039,attended,true,2026-08-27T18:00:00+00:00,2026-09-02T20:00:00+00:00
participation-v3-00242,3.0,profile-v3-0583,event-v3-0142,attended,true,2026-09-21T15:00:00+00:00,2026-09-23T17:00:00+00:00
participation-v3-00243,3.0,profile-v3-0326,event-v3-0186,attended,true,2026-10-24T10:00:00+00:00,2026-11-07T13:00:00+00:00
participation-v3-00244,3.0,profile-v3-0729,event-v3-0209,attended,true,2026-10-17T15:00:00+00:00,2026-11-01T17:00:00+00:00
participation-v3-00245,3.0,profile-v3-0099,event-v3-0012,attended,true,2026-11-29T17:00:00+00:00,2026-12-02T21:00:00+00:00
participation-v3-00246,3.0,profile-v3-0727,event-v3-0111,attended,true,2026-09-26T10:00:00+00:00,2026-10-10T12:00:00+00:00
participation-v3-00247,3.0,profile-v3-0032,event-v3-0200,attended,true,2026-10-26T16:00:00+00:00,2026-11-14T19:00:00+00:00
participation-v3-00248,3.0,profile-v3-0377,event-v3-0123,attended,true,2026-12-15T09:00:00+00:00,2026-12-29T12:00:00+00:00
participation-v3-00249,3.0,profile-v3-0371,event-v3-0219,attended,true,2026-09-22T12:00:00+00:00,2026-10-03T15:00:00+00:00
participation-v3-00250,3.0,profile-v3-0134,event-v3-0149,attended,true,2026-08-17T16:00:00+00:00,2026-09-04T17:00:00+00:00
participation-v3-00251,3.0,profile-v3-0595,event-v3-0098,attended,true,2026-08-24T19:00:00+00:00,2026-08-26T22:00:00+00:00
participation-v3-00252,3.0,profile-v3-0898,event-v3-0215,attended,true,2026-11-15T15:00:00+00:00,2026-11-21T17:00:00+00:00
participation-v3-00253,3.0,profile-v3-0813,event-v3-0205,attended,true,2026-11-24T12:00:00+00:00,2026-12-09T15:00:00+00:00
participation-v3-00254,3.0,profile-v3-0221,event-v3-0073,attended,true,2026-11-12T17:00:00+00:00,2026-11-19T18:00:00+00:00
participation-v3-00255,3.0,profile-v3-0194,event-v3-0032,attended,true,2026-11-07T17:00:00+00:00,2026-11-23T19:00:00+00:00
participation-v3-00256,3.0,profile-v3-0145,event-v3-0179,attended,true,2026-10-05T15:00:00+00:00,2026-10-12T16:00:00+00:00
participation-v3-00257,3.0,profile-v3-0944,event-v3-0029,attended,true,2026-12-09T18:00:00+00:00,2026-12-20T22:00:00+00:00
participation-v3-00258,3.0,profile-v3-0379,event-v3-0114,attended,true,2027-01-07T14:00:00+00:00,2027-01-24T18:00:00+00:00
participation-v3-00259,3.0,profile-v3-0643,event-v3-0023,attended,true,2026-08-06T18:00:00+00:00,2026-08-22T22:00:00+00:00
participation-v3-00260,3.0,profile-v3-0660,event-v3-0241,attended,true,2026-08-18T10:00:00+00:00,2026-08-30T14:00:00+00:00
participation-v3-00261,3.0,profile-v3-0033,event-v3-0005,attended,true,2026-08-30T18:00:00+00:00,2026-09-02T19:00:00+00:00
participation-v3-00262,3.0,profile-v3-0316,event-v3-0109,attended,true,2026-07-30T10:00:00+00:00,2026-08-07T11:00:00+00:00
participation-v3-00263,3.0,profile-v3-0239,event-v3-0105,attended,true,2026-12-26T14:00:00+00:00,2027-01-04T17:00:00+00:00
participation-v3-00264,3.0,profile-v3-0700,event-v3-0124,attended,true,2026-08-30T10:00:00+00:00,2026-09-10T13:00:00+00:00
participation-v3-00265,3.0,profile-v3-0693,event-v3-0123,attended,true,2026-12-23T09:00:00+00:00,2026-12-29T12:00:00+00:00
participation-v3-00266,3.0,profile-v3-0197,event-v3-0168,attended,true,2026-11-13T16:00:00+00:00,2026-11-27T17:00:00+00:00
participation-v3-00267,3.0,profile-v3-0293,event-v3-0160,attended,true,2026-12-09T12:00:00+00:00,2026-12-14T15:00:00+00:00
participation-v3-00268,3.0,profile-v3-0182,event-v3-0068,attended,true,2026-09-19T10:00:00+00:00,2026-09-28T14:00:00+00:00
participation-v3-00269,3.0,profile-v3-0287,event-v3-0038,attended,true,2026-11-28T15:00:00+00:00,2026-12-18T19:00:00+00:00
participation-v3-00270,3.0,profile-v3-0119,event-v3-0101,attended,true,2026-08-27T14:00:00+00:00,2026-09-10T16:00:00+00:00
participation-v3-00271,3.0,profile-v3-0492,event-v3-0022,attended,true,2026-10-07T10:00:00+00:00,2026-10-15T14:00:00+00:00
participation-v3-00272,3.0,profile-v3-0572,event-v3-0105,attended,true,2026-12-24T14:00:00+00:00,2027-01-04T17:00:00+00:00
participation-v3-00273,3.0,profile-v3-0638,event-v3-0183,attended,true,2026-12-09T19:00:00+00:00,2026-12-18T23:00:00+00:00
participation-v3-00274,3.0,profile-v3-0857,event-v3-0185,attended,true,2026-09-14T18:00:00+00:00,2026-09-18T19:00:00+00:00
participation-v3-00275,3.0,profile-v3-0437,event-v3-0034,attended,true,2026-12-10T12:00:00+00:00,2026-12-28T15:00:00+00:00
participation-v3-00276,3.0,profile-v3-0245,event-v3-0052,attended,true,2026-08-21T10:00:00+00:00,2026-08-31T12:00:00+00:00
participation-v3-00277,3.0,profile-v3-0189,event-v3-0243,attended,true,2026-12-01T13:00:00+00:00,2026-12-05T16:00:00+00:00
participation-v3-00278,3.0,profile-v3-0852,event-v3-0228,attended,true,2026-08-23T18:00:00+00:00,2026-09-07T20:00:00+00:00
participation-v3-00279,3.0,profile-v3-0432,event-v3-0017,attended,true,2027-01-18T18:00:00+00:00,2027-01-25T22:00:00+00:00
participation-v3-00280,3.0,profile-v3-0030,event-v3-0006,attended,true,2026-10-23T09:00:00+00:00,2026-10-26T11:00:00+00:00
participation-v3-00281,3.0,profile-v3-0757,event-v3-0189,attended,true,2026-11-17T18:00:00+00:00,2026-11-23T21:00:00+00:00
participation-v3-00282,3.0,profile-v3-0206,event-v3-0078,attended,true,2026-12-15T12:00:00+00:00,2026-12-17T15:00:00+00:00
participation-v3-00283,3.0,profile-v3-0612,event-v3-0062,attended,true,2026-11-19T19:00:00+00:00,2026-11-28T21:00:00+00:00
participation-v3-00284,3.0,profile-v3-0181,event-v3-0249,attended,true,2026-12-30T13:00:00+00:00,2027-01-05T15:00:00+00:00
participation-v3-00285,3.0,profile-v3-0255,event-v3-0243,attended,true,2026-12-01T13:00:00+00:00,2026-12-05T16:00:00+00:00
participation-v3-00286,3.0,profile-v3-0638,event-v3-0080,attended,true,2026-08-30T14:00:00+00:00,2026-09-02T15:00:00+00:00
participation-v3-00287,3.0,profile-v3-0622,event-v3-0163,attended,true,2026-10-27T11:00:00+00:00,2026-10-31T13:00:00+00:00
participation-v3-00288,3.0,profile-v3-0488,event-v3-0029,attended,true,2026-12-08T18:00:00+00:00,2026-12-20T22:00:00+00:00
participation-v3-00289,3.0,profile-v3-0603,event-v3-0237,attended,true,2026-08-10T13:00:00+00:00,2026-08-12T14:00:00+00:00
participation-v3-00290,3.0,profile-v3-0118,event-v3-0088,attended,true,2026-07-26T13:00:00+00:00,2026-08-10T14:00:00+00:00
participation-v3-00291,3.0,profile-v3-0654,event-v3-0109,attended,true,2026-07-25T10:00:00+00:00,2026-08-07T11:00:00+00:00
participation-v3-00292,3.0,profile-v3-0127,event-v3-0123,attended,true,2026-12-10T09:00:00+00:00,2026-12-29T12:00:00+00:00
participation-v3-00293,3.0,profile-v3-0937,event-v3-0100,attended,true,2026-08-18T18:00:00+00:00,2026-08-19T20:00:00+00:00
participation-v3-00294,3.0,profile-v3-0152,event-v3-0083,attended,true,2026-08-01T17:00:00+00:00,2026-08-16T20:00:00+00:00
participation-v3-00295,3.0,profile-v3-0740,event-v3-0059,attended,true,2027-01-13T16:00:00+00:00,2027-01-23T20:00:00+00:00
participation-v3-00296,3.0,profile-v3-0299,event-v3-0231,attended,true,2026-09-03T19:00:00+00:00,2026-09-15T20:00:00+00:00
participation-v3-00297,3.0,profile-v3-0014,event-v3-0215,attended,true,2026-11-09T15:00:00+00:00,2026-11-21T17:00:00+00:00
participation-v3-00298,3.0,profile-v3-0117,event-v3-0012,attended,true,2026-11-23T17:00:00+00:00,2026-12-02T21:00:00+00:00
participation-v3-00299,3.0,profile-v3-0270,event-v3-0108,attended,true,2026-09-28T19:00:00+00:00,2026-10-04T23:00:00+00:00
participation-v3-00300,3.0,profile-v3-0483,event-v3-0212,attended,true,2026-11-27T16:00:00+00:00,2026-12-05T19:00:00+00:00
participation-v3-00301,3.0,profile-v3-0008,event-v3-0233,attended,true,2026-08-13T19:00:00+00:00,2026-08-17T23:00:00+00:00
participation-v3-00302,3.0,profile-v3-0526,event-v3-0248,attended,true,2026-12-29T09:00:00+00:00,2027-01-08T10:00:00+00:00
participation-v3-00303,3.0,profile-v3-0779,event-v3-0049,attended,true,2026-09-11T09:00:00+00:00,2026-09-17T13:00:00+00:00
participation-v3-00304,3.0,profile-v3-0812,event-v3-0131,attended,true,2026-12-10T11:00:00+00:00,2026-12-18T15:00:00+00:00
participation-v3-00305,3.0,profile-v3-0697,event-v3-0003,attended,true,2026-07-21T15:00:00+00:00,2026-08-01T17:00:00+00:00
participation-v3-00306,3.0,profile-v3-0854,event-v3-0061,attended,true,2026-10-25T09:00:00+00:00,2026-11-11T12:00:00+00:00
participation-v3-00307,3.0,profile-v3-0175,event-v3-0095,attended,true,2026-10-09T13:00:00+00:00,2026-10-21T15:00:00+00:00
participation-v3-00308,3.0,profile-v3-0207,event-v3-0136,attended,true,2026-09-06T15:00:00+00:00,2026-09-17T17:00:00+00:00
participation-v3-00309,3.0,profile-v3-0518,event-v3-0209,attended,true,2026-10-16T15:00:00+00:00,2026-11-01T17:00:00+00:00
participation-v3-00310,3.0,profile-v3-0782,event-v3-0114,attended,true,2027-01-20T14:00:00+00:00,2027-01-24T18:00:00+00:00
participation-v3-00311,3.0,profile-v3-0304,event-v3-0234,attended,true,2026-10-31T14:00:00+00:00,2026-11-15T18:00:00+00:00
participation-v3-00312,3.0,profile-v3-0327,event-v3-0006,attended,true,2026-10-10T09:00:00+00:00,2026-10-26T11:00:00+00:00
participation-v3-00313,3.0,profile-v3-0094,event-v3-0068,attended,true,2026-09-17T10:00:00+00:00,2026-09-28T14:00:00+00:00
participation-v3-00314,3.0,profile-v3-0840,event-v3-0217,attended,true,2026-12-11T11:00:00+00:00,2026-12-19T13:00:00+00:00
participation-v3-00315,3.0,profile-v3-0004,event-v3-0055,attended,true,2026-11-19T13:00:00+00:00,2026-11-29T14:00:00+00:00
participation-v3-00316,3.0,profile-v3-0061,event-v3-0171,attended,true,2026-08-21T13:00:00+00:00,2026-08-25T15:00:00+00:00
participation-v3-00317,3.0,profile-v3-0185,event-v3-0074,attended,true,2026-11-22T12:00:00+00:00,2026-11-23T13:00:00+00:00
participation-v3-00318,3.0,profile-v3-0306,event-v3-0005,attended,true,2026-08-14T18:00:00+00:00,2026-09-02T19:00:00+00:00
participation-v3-00319,3.0,profile-v3-0951,event-v3-0006,attended,true,2026-10-18T09:00:00+00:00,2026-10-26T11:00:00+00:00
participation-v3-00320,3.0,profile-v3-0958,event-v3-0145,attended,true,2026-10-21T19:00:00+00:00,2026-10-24T20:00:00+00:00
participation-v3-00321,3.0,profile-v3-0955,event-v3-0167,attended,true,2026-11-15T09:00:00+00:00,2026-11-16T11:00:00+00:00
participation-v3-00322,3.0,profile-v3-0921,event-v3-0046,attended,true,2026-12-15T13:00:00+00:00,2026-12-19T17:00:00+00:00
participation-v3-00323,3.0,profile-v3-0566,event-v3-0079,attended,true,2026-08-11T10:00:00+00:00,2026-08-18T14:00:00+00:00
participation-v3-00324,3.0,profile-v3-0916,event-v3-0089,attended,true,2026-08-05T10:00:00+00:00,2026-08-09T11:00:00+00:00
participation-v3-00325,3.0,profile-v3-0324,event-v3-0238,attended,true,2026-08-02T15:00:00+00:00,2026-08-19T16:00:00+00:00
participation-v3-00326,3.0,profile-v3-0102,event-v3-0012,attended,true,2026-11-23T17:00:00+00:00,2026-12-02T21:00:00+00:00
participation-v3-00327,3.0,profile-v3-0168,event-v3-0072,attended,true,2027-01-16T18:00:00+00:00,2027-01-27T21:00:00+00:00
participation-v3-00328,3.0,profile-v3-0433,event-v3-0236,attended,true,2027-01-08T10:00:00+00:00,2027-01-21T14:00:00+00:00
participation-v3-00329,3.0,profile-v3-0764,event-v3-0008,attended,true,2026-12-16T17:00:00+00:00,2027-01-01T21:00:00+00:00
participation-v3-00330,3.0,profile-v3-0913,event-v3-0014,attended,true,2026-11-09T14:00:00+00:00,2026-11-27T16:00:00+00:00
participation-v3-00331,3.0,profile-v3-0332,event-v3-0247,attended,true,2027-01-06T09:00:00+00:00,2027-01-09T11:00:00+00:00
participation-v3-00332,3.0,profile-v3-0762,event-v3-0002,attended,true,2027-01-03T09:00:00+00:00,2027-01-21T13:00:00+00:00
participation-v3-00333,3.0,profile-v3-0262,event-v3-0007,attended,true,2026-08-13T12:00:00+00:00,2026-08-29T14:00:00+00:00
participation-v3-00334,3.0,profile-v3-0946,event-v3-0021,attended,true,2026-10-10T09:00:00+00:00,2026-10-18T11:00:00+00:00
participation-v3-00335,3.0,profile-v3-0412,event-v3-0076,attended,true,2026-10-13T16:00:00+00:00,2026-10-19T18:00:00+00:00
participation-v3-00336,3.0,profile-v3-0539,event-v3-0128,attended,true,2026-12-18T09:00:00+00:00,2026-12-23T11:00:00+00:00
participation-v3-00337,3.0,profile-v3-0794,event-v3-0087,attended,true,2026-11-01T11:00:00+00:00,2026-11-09T15:00:00+00:00
participation-v3-00338,3.0,profile-v3-0695,event-v3-0198,attended,true,2027-01-23T14:00:00+00:00,2027-01-25T18:00:00+00:00
participation-v3-00339,3.0,profile-v3-0569,event-v3-0198,attended,true,2027-01-18T14:00:00+00:00,2027-01-25T18:00:00+00:00
participation-v3-00340,3.0,profile-v3-0217,event-v3-0038,attended,true,2026-12-02T15:00:00+00:00,2026-12-18T19:00:00+00:00
participation-v3-00341,3.0,profile-v3-0494,event-v3-0226,attended,true,2026-10-03T11:00:00+00:00,2026-10-21T14:00:00+00:00
participation-v3-00342,3.0,profile-v3-0949,event-v3-0146,attended,true,2026-07-23T16:00:00+00:00,2026-08-01T19:00:00+00:00
participation-v3-00343,3.0,profile-v3-0208,event-v3-0156,attended,true,2026-11-06T10:00:00+00:00,2026-11-15T11:00:00+00:00
participation-v3-00344,3.0,profile-v3-0378,event-v3-0240,attended,true,2026-11-22T14:00:00+00:00,2026-12-12T15:00:00+00:00
participation-v3-00345,3.0,profile-v3-0872,event-v3-0090,attended,true,2026-11-18T17:00:00+00:00,2026-12-05T21:00:00+00:00
participation-v3-00346,3.0,profile-v3-0551,event-v3-0215,attended,true,2026-11-16T15:00:00+00:00,2026-11-21T17:00:00+00:00
participation-v3-00347,3.0,profile-v3-0061,event-v3-0061,attended,true,2026-10-22T09:00:00+00:00,2026-11-11T12:00:00+00:00
participation-v3-00348,3.0,profile-v3-0211,event-v3-0221,attended,true,2027-01-13T14:00:00+00:00,2027-01-15T17:00:00+00:00
participation-v3-00349,3.0,profile-v3-0555,event-v3-0142,attended,true,2026-09-07T15:00:00+00:00,2026-09-23T17:00:00+00:00
participation-v3-00350,3.0,profile-v3-0298,event-v3-0133,attended,true,2026-11-22T17:00:00+00:00,2026-11-24T18:00:00+00:00
participation-v3-00351,3.0,profile-v3-0980,event-v3-0090,attended,true,2026-11-30T17:00:00+00:00,2026-12-05T21:00:00+00:00
participation-v3-00352,3.0,profile-v3-0359,event-v3-0120,attended,true,2026-07-23T17:00:00+00:00,2026-08-01T20:00:00+00:00
participation-v3-00353,3.0,profile-v3-0037,event-v3-0144,attended,true,2026-12-20T10:00:00+00:00,2027-01-03T13:00:00+00:00
participation-v3-00354,3.0,profile-v3-0833,event-v3-0087,attended,true,2026-10-30T11:00:00+00:00,2026-11-09T15:00:00+00:00
participation-v3-00355,3.0,profile-v3-0564,event-v3-0190,attended,true,2026-11-02T11:00:00+00:00,2026-11-17T13:00:00+00:00
participation-v3-00356,3.0,profile-v3-0697,event-v3-0007,attended,true,2026-08-16T12:00:00+00:00,2026-08-29T14:00:00+00:00
participation-v3-00357,3.0,profile-v3-0621,event-v3-0026,attended,true,2027-01-12T19:00:00+00:00,2027-01-22T22:00:00+00:00
participation-v3-00358,3.0,profile-v3-0179,event-v3-0127,attended,true,2026-09-20T12:00:00+00:00,2026-10-04T15:00:00+00:00
participation-v3-00359,3.0,profile-v3-0991,event-v3-0248,attended,true,2026-12-25T09:00:00+00:00,2027-01-08T10:00:00+00:00
participation-v3-00360,3.0,profile-v3-0987,event-v3-0172,attended,true,2027-01-17T13:00:00+00:00,2027-01-23T14:00:00+00:00
participation-v3-00361,3.0,profile-v3-0136,event-v3-0118,attended,true,2026-09-23T11:00:00+00:00,2026-09-29T12:00:00+00:00
participation-v3-00362,3.0,profile-v3-0515,event-v3-0185,attended,true,2026-09-16T18:00:00+00:00,2026-09-18T19:00:00+00:00
participation-v3-00363,3.0,profile-v3-0413,event-v3-0195,attended,true,2026-12-22T14:00:00+00:00,2027-01-11T15:00:00+00:00
participation-v3-00364,3.0,profile-v3-0476,event-v3-0072,attended,true,2027-01-26T18:00:00+00:00,2027-01-27T21:00:00+00:00
participation-v3-00365,3.0,profile-v3-0569,event-v3-0019,attended,true,2027-01-15T19:00:00+00:00,2027-01-28T22:00:00+00:00
participation-v3-00366,3.0,profile-v3-0381,event-v3-0229,attended,true,2026-11-24T13:00:00+00:00,2026-12-12T17:00:00+00:00
participation-v3-00367,3.0,profile-v3-0285,event-v3-0107,attended,true,2026-11-27T12:00:00+00:00,2026-11-30T14:00:00+00:00
participation-v3-00368,3.0,profile-v3-0583,event-v3-0205,attended,true,2026-11-19T12:00:00+00:00,2026-12-09T15:00:00+00:00
participation-v3-00369,3.0,profile-v3-0994,event-v3-0216,attended,true,2026-10-29T19:00:00+00:00,2026-11-12T23:00:00+00:00
participation-v3-00370,3.0,profile-v3-0020,event-v3-0083,attended,true,2026-08-07T17:00:00+00:00,2026-08-16T20:00:00+00:00
participation-v3-00371,3.0,profile-v3-0668,event-v3-0231,attended,true,2026-09-07T19:00:00+00:00,2026-09-15T20:00:00+00:00
participation-v3-00372,3.0,profile-v3-0412,event-v3-0199,attended,true,2026-08-13T11:00:00+00:00,2026-08-14T15:00:00+00:00
participation-v3-00373,3.0,profile-v3-0142,event-v3-0194,attended,true,2026-08-23T15:00:00+00:00,2026-08-24T16:00:00+00:00
participation-v3-00374,3.0,profile-v3-0092,event-v3-0167,attended,true,2026-11-05T09:00:00+00:00,2026-11-16T11:00:00+00:00
participation-v3-00375,3.0,profile-v3-0888,event-v3-0031,attended,true,2026-11-06T17:00:00+00:00,2026-11-12T20:00:00+00:00
participation-v3-00376,3.0,profile-v3-0232,event-v3-0034,attended,true,2026-12-26T12:00:00+00:00,2026-12-28T15:00:00+00:00
participation-v3-00377,3.0,profile-v3-0755,event-v3-0159,attended,true,2027-01-03T11:00:00+00:00,2027-01-10T12:00:00+00:00
participation-v3-00378,3.0,profile-v3-0368,event-v3-0107,attended,true,2026-11-16T12:00:00+00:00,2026-11-30T14:00:00+00:00
participation-v3-00379,3.0,profile-v3-0247,event-v3-0214,attended,true,2026-12-08T19:00:00+00:00,2026-12-10T22:00:00+00:00
participation-v3-00380,3.0,profile-v3-0475,event-v3-0006,attended,true,2026-10-08T09:00:00+00:00,2026-10-26T11:00:00+00:00
participation-v3-00381,3.0,profile-v3-0877,event-v3-0228,attended,true,2026-08-29T18:00:00+00:00,2026-09-07T20:00:00+00:00
participation-v3-00382,3.0,profile-v3-0180,event-v3-0011,attended,true,2026-07-29T16:00:00+00:00,2026-08-17T19:00:00+00:00
participation-v3-00383,3.0,profile-v3-0715,event-v3-0043,attended,true,2026-11-22T12:00:00+00:00,2026-12-03T16:00:00+00:00
participation-v3-00384,3.0,profile-v3-0486,event-v3-0095,attended,true,2026-10-07T13:00:00+00:00,2026-10-21T15:00:00+00:00
participation-v3-00385,3.0,profile-v3-0870,event-v3-0039,attended,true,2026-08-28T18:00:00+00:00,2026-09-02T20:00:00+00:00
participation-v3-00386,3.0,profile-v3-0389,event-v3-0118,attended,true,2026-09-16T11:00:00+00:00,2026-09-29T12:00:00+00:00
participation-v3-00387,3.0,profile-v3-0765,event-v3-0082,attended,true,2026-09-26T12:00:00+00:00,2026-10-02T13:00:00+00:00
participation-v3-00388,3.0,profile-v3-0085,event-v3-0161,attended,true,2026-09-08T14:00:00+00:00,2026-09-11T16:00:00+00:00
participation-v3-00389,3.0,profile-v3-0288,event-v3-0142,attended,true,2026-09-12T15:00:00+00:00,2026-09-23T17:00:00+00:00
participation-v3-00390,3.0,profile-v3-0249,event-v3-0138,attended,true,2026-07-15T14:00:00+00:00,2026-08-02T16:00:00+00:00
participation-v3-00391,3.0,profile-v3-0806,event-v3-0154,attended,true,2026-12-09T15:00:00+00:00,2026-12-28T17:00:00+00:00
participation-v3-00392,3.0,profile-v3-0494,event-v3-0083,attended,true,2026-08-06T17:00:00+00:00,2026-08-16T20:00:00+00:00
participation-v3-00393,3.0,profile-v3-0694,event-v3-0020,attended,true,2026-11-25T10:00:00+00:00,2026-12-04T11:00:00+00:00
participation-v3-00394,3.0,profile-v3-0366,event-v3-0086,attended,true,2026-08-24T12:00:00+00:00,2026-08-25T14:00:00+00:00
participation-v3-00395,3.0,profile-v3-0469,event-v3-0192,attended,true,2026-08-31T12:00:00+00:00,2026-09-13T14:00:00+00:00
participation-v3-00396,3.0,profile-v3-0357,event-v3-0234,attended,true,2026-11-06T14:00:00+00:00,2026-11-15T18:00:00+00:00
participation-v3-00397,3.0,profile-v3-0503,event-v3-0178,attended,true,2026-10-14T18:00:00+00:00,2026-10-30T19:00:00+00:00
participation-v3-00398,3.0,profile-v3-0505,event-v3-0055,attended,true,2026-11-21T13:00:00+00:00,2026-11-29T14:00:00+00:00
participation-v3-00399,3.0,profile-v3-0705,event-v3-0074,attended,true,2026-11-14T12:00:00+00:00,2026-11-23T13:00:00+00:00
participation-v3-00400,3.0,profile-v3-0216,event-v3-0077,attended,true,2026-10-30T17:00:00+00:00,2026-11-10T20:00:00+00:00
participation-v3-00401,3.0,profile-v3-0533,event-v3-0239,attended,true,2026-10-22T11:00:00+00:00,2026-11-01T13:00:00+00:00
participation-v3-00402,3.0,profile-v3-0849,event-v3-0173,attended,true,2026-11-28T13:00:00+00:00,2026-12-16T17:00:00+00:00
participation-v3-00403,3.0,profile-v3-0286,event-v3-0110,attended,true,2026-10-15T11:00:00+00:00,2026-10-23T13:00:00+00:00
participation-v3-00404,3.0,profile-v3-0943,event-v3-0040,attended,true,2026-08-07T09:00:00+00:00,2026-08-11T13:00:00+00:00
participation-v3-00405,3.0,profile-v3-0830,event-v3-0117,attended,true,2026-11-09T12:00:00+00:00,2026-11-17T13:00:00+00:00
participation-v3-00406,3.0,profile-v3-0829,event-v3-0042,attended,true,2026-09-12T18:00:00+00:00,2026-09-28T22:00:00+00:00
participation-v3-00407,3.0,profile-v3-0686,event-v3-0054,attended,true,2026-10-26T10:00:00+00:00,2026-11-05T13:00:00+00:00
participation-v3-00408,3.0,profile-v3-0618,event-v3-0114,attended,true,2027-01-18T14:00:00+00:00,2027-01-24T18:00:00+00:00
participation-v3-00409,3.0,profile-v3-0222,event-v3-0168,attended,true,2026-11-20T16:00:00+00:00,2026-11-27T17:00:00+00:00
participation-v3-00410,3.0,profile-v3-0285,event-v3-0213,attended,true,2026-10-25T18:00:00+00:00,2026-11-10T19:00:00+00:00
participation-v3-00411,3.0,profile-v3-0248,event-v3-0017,attended,true,2027-01-06T18:00:00+00:00,2027-01-25T22:00:00+00:00
participation-v3-00412,3.0,profile-v3-0270,event-v3-0129,attended,true,2026-12-21T16:00:00+00:00,2026-12-30T20:00:00+00:00
participation-v3-00413,3.0,profile-v3-0403,event-v3-0125,attended,true,2026-09-23T14:00:00+00:00,2026-10-03T16:00:00+00:00
participation-v3-00414,3.0,profile-v3-0142,event-v3-0206,attended,true,2027-01-12T14:00:00+00:00,2027-01-17T15:00:00+00:00
participation-v3-00415,3.0,profile-v3-0209,event-v3-0037,attended,true,2026-08-31T15:00:00+00:00,2026-09-01T17:00:00+00:00
participation-v3-00416,3.0,profile-v3-0879,event-v3-0036,attended,true,2026-09-30T17:00:00+00:00,2026-10-07T19:00:00+00:00
participation-v3-00417,3.0,profile-v3-0405,event-v3-0199,attended,true,2026-07-28T11:00:00+00:00,2026-08-14T15:00:00+00:00
participation-v3-00418,3.0,profile-v3-0109,event-v3-0187,attended,true,2026-08-04T18:00:00+00:00,2026-08-20T21:00:00+00:00
participation-v3-00419,3.0,profile-v3-0844,event-v3-0170,attended,true,2026-10-19T09:00:00+00:00,2026-11-05T11:00:00+00:00
participation-v3-00420,3.0,profile-v3-0378,event-v3-0067,attended,true,2026-07-30T15:00:00+00:00,2026-08-07T18:00:00+00:00
participation-v3-00421,3.0,profile-v3-0683,event-v3-0042,attended,true,2026-09-09T18:00:00+00:00,2026-09-28T22:00:00+00:00
participation-v3-00422,3.0,profile-v3-0624,event-v3-0003,attended,true,2026-07-13T15:00:00+00:00,2026-08-01T17:00:00+00:00
participation-v3-00423,3.0,profile-v3-0731,event-v3-0122,attended,true,2026-10-03T14:00:00+00:00,2026-10-07T16:00:00+00:00
participation-v3-00424,3.0,profile-v3-0532,event-v3-0235,attended,true,2026-12-13T17:00:00+00:00,2026-12-27T21:00:00+00:00
participation-v3-00425,3.0,profile-v3-0695,event-v3-0109,attended,true,2026-07-30T10:00:00+00:00,2026-08-07T11:00:00+00:00
participation-v3-00426,3.0,profile-v3-0056,event-v3-0181,attended,true,2026-10-26T14:00:00+00:00,2026-10-28T17:00:00+00:00
participation-v3-00427,3.0,profile-v3-0243,event-v3-0233,attended,true,2026-08-08T19:00:00+00:00,2026-08-17T23:00:00+00:00
participation-v3-00428,3.0,profile-v3-0764,event-v3-0246,attended,true,2026-09-22T09:00:00+00:00,2026-09-30T12:00:00+00:00
participation-v3-00429,3.0,profile-v3-0053,event-v3-0204,attended,true,2026-12-08T16:00:00+00:00,2026-12-12T20:00:00+00:00
participation-v3-00430,3.0,profile-v3-0442,event-v3-0001,attended,true,2026-12-10T18:00:00+00:00,2026-12-12T19:00:00+00:00
participation-v3-00431,3.0,profile-v3-0373,event-v3-0146,attended,true,2026-07-13T16:00:00+00:00,2026-08-01T19:00:00+00:00
participation-v3-00432,3.0,profile-v3-0252,event-v3-0078,attended,true,2026-12-13T12:00:00+00:00,2026-12-17T15:00:00+00:00
participation-v3-00433,3.0,profile-v3-0031,event-v3-0078,attended,true,2026-12-14T12:00:00+00:00,2026-12-17T15:00:00+00:00
participation-v3-00434,3.0,profile-v3-0573,event-v3-0163,attended,true,2026-10-21T11:00:00+00:00,2026-10-31T13:00:00+00:00
participation-v3-00435,3.0,profile-v3-0266,event-v3-0224,attended,true,2026-08-02T19:00:00+00:00,2026-08-17T21:00:00+00:00
participation-v3-00436,3.0,profile-v3-0087,event-v3-0107,attended,true,2026-11-29T12:00:00+00:00,2026-11-30T14:00:00+00:00
participation-v3-00437,3.0,profile-v3-0254,event-v3-0047,attended,true,2027-01-12T10:00:00+00:00,2027-01-25T12:00:00+00:00
participation-v3-00438,3.0,profile-v3-0160,event-v3-0023,attended,true,2026-08-09T18:00:00+00:00,2026-08-22T22:00:00+00:00
participation-v3-00439,3.0,profile-v3-0666,event-v3-0114,attended,true,2027-01-19T14:00:00+00:00,2027-01-24T18:00:00+00:00
participation-v3-00440,3.0,profile-v3-0346,event-v3-0163,attended,true,2026-10-27T11:00:00+00:00,2026-10-31T13:00:00+00:00
participation-v3-00441,3.0,profile-v3-0242,event-v3-0116,attended,true,2026-08-04T09:00:00+00:00,2026-08-15T13:00:00+00:00
participation-v3-00442,3.0,profile-v3-0664,event-v3-0001,attended,true,2026-12-04T18:00:00+00:00,2026-12-12T19:00:00+00:00
participation-v3-00443,3.0,profile-v3-0487,event-v3-0154,attended,true,2026-12-22T15:00:00+00:00,2026-12-28T17:00:00+00:00
participation-v3-00444,3.0,profile-v3-0098,event-v3-0244,attended,true,2026-10-27T12:00:00+00:00,2026-10-28T14:00:00+00:00
participation-v3-00445,3.0,profile-v3-0532,event-v3-0143,attended,true,2026-11-29T15:00:00+00:00,2026-12-10T17:00:00+00:00
participation-v3-00446,3.0,profile-v3-0812,event-v3-0003,attended,true,2026-07-27T15:00:00+00:00,2026-08-01T17:00:00+00:00
participation-v3-00447,3.0,profile-v3-0654,event-v3-0128,attended,true,2026-12-03T09:00:00+00:00,2026-12-23T11:00:00+00:00
participation-v3-00448,3.0,profile-v3-0706,event-v3-0135,attended,true,2026-09-26T15:00:00+00:00,2026-09-30T19:00:00+00:00
participation-v3-00449,3.0,profile-v3-0532,event-v3-0192,attended,true,2026-09-04T12:00:00+00:00,2026-09-13T14:00:00+00:00
participation-v3-00450,3.0,profile-v3-0339,event-v3-0189,attended,true,2026-11-04T18:00:00+00:00,2026-11-23T21:00:00+00:00
participation-v3-00451,3.0,profile-v3-0154,event-v3-0180,attended,true,2026-07-28T10:00:00+00:00,2026-08-12T14:00:00+00:00
participation-v3-00452,3.0,profile-v3-0453,event-v3-0229,attended,true,2026-11-29T13:00:00+00:00,2026-12-12T17:00:00+00:00
participation-v3-00453,3.0,profile-v3-0084,event-v3-0023,attended,true,2026-08-16T18:00:00+00:00,2026-08-22T22:00:00+00:00
participation-v3-00454,3.0,profile-v3-0312,event-v3-0063,attended,true,2026-10-01T16:00:00+00:00,2026-10-09T20:00:00+00:00
participation-v3-00455,3.0,profile-v3-0896,event-v3-0237,attended,true,2026-08-10T13:00:00+00:00,2026-08-12T14:00:00+00:00
participation-v3-00456,3.0,profile-v3-0920,event-v3-0007,attended,true,2026-08-09T12:00:00+00:00,2026-08-29T14:00:00+00:00
participation-v3-00457,3.0,profile-v3-0451,event-v3-0241,attended,true,2026-08-18T10:00:00+00:00,2026-08-30T14:00:00+00:00
participation-v3-00458,3.0,profile-v3-0459,event-v3-0047,attended,true,2027-01-23T10:00:00+00:00,2027-01-25T12:00:00+00:00
participation-v3-00459,3.0,profile-v3-0418,event-v3-0022,attended,true,2026-09-25T10:00:00+00:00,2026-10-15T14:00:00+00:00
participation-v3-00460,3.0,profile-v3-0324,event-v3-0131,attended,true,2026-11-28T11:00:00+00:00,2026-12-18T15:00:00+00:00
participation-v3-00461,3.0,profile-v3-0291,event-v3-0163,attended,true,2026-10-29T11:00:00+00:00,2026-10-31T13:00:00+00:00
participation-v3-00462,3.0,profile-v3-0156,event-v3-0196,attended,true,2026-08-22T09:00:00+00:00,2026-08-26T13:00:00+00:00
participation-v3-00463,3.0,profile-v3-0229,event-v3-0045,attended,true,2026-11-06T19:00:00+00:00,2026-11-22T20:00:00+00:00
participation-v3-00464,3.0,profile-v3-0268,event-v3-0052,attended,true,2026-08-14T10:00:00+00:00,2026-08-31T12:00:00+00:00
participation-v3-00465,3.0,profile-v3-0845,event-v3-0166,attended,true,2026-10-11T15:00:00+00:00,2026-10-12T17:00:00+00:00
participation-v3-00466,3.0,profile-v3-0939,event-v3-0019,attended,true,2027-01-15T19:00:00+00:00,2027-01-28T22:00:00+00:00
participation-v3-00467,3.0,profile-v3-0592,event-v3-0029,attended,true,2026-12-17T18:00:00+00:00,2026-12-20T22:00:00+00:00
participation-v3-00468,3.0,profile-v3-0645,event-v3-0010,attended,true,2026-11-17T16:00:00+00:00,2026-11-22T20:00:00+00:00
participation-v3-00469,3.0,profile-v3-0676,event-v3-0114,attended,true,2027-01-07T14:00:00+00:00,2027-01-24T18:00:00+00:00
participation-v3-00470,3.0,profile-v3-0409,event-v3-0150,attended,true,2026-09-12T19:00:00+00:00,2026-09-25T22:00:00+00:00
participation-v3-00471,3.0,profile-v3-0092,event-v3-0019,attended,true,2027-01-17T19:00:00+00:00,2027-01-28T22:00:00+00:00
participation-v3-00472,3.0,profile-v3-0647,event-v3-0050,attended,true,2026-12-15T14:00:00+00:00,2026-12-28T17:00:00+00:00
participation-v3-00473,3.0,profile-v3-0696,event-v3-0218,attended,true,2026-10-26T11:00:00+00:00,2026-11-06T14:00:00+00:00
participation-v3-00474,3.0,profile-v3-0652,event-v3-0020,attended,true,2026-11-23T10:00:00+00:00,2026-12-04T11:00:00+00:00
participation-v3-00475,3.0,profile-v3-0218,event-v3-0083,attended,true,2026-08-05T17:00:00+00:00,2026-08-16T20:00:00+00:00
participation-v3-00476,3.0,profile-v3-0314,event-v3-0234,attended,true,2026-11-12T14:00:00+00:00,2026-11-15T18:00:00+00:00
participation-v3-00477,3.0,profile-v3-0002,event-v3-0058,attended,true,2026-11-13T14:00:00+00:00,2026-11-30T15:00:00+00:00
participation-v3-00478,3.0,profile-v3-0802,event-v3-0166,attended,true,2026-09-24T15:00:00+00:00,2026-10-12T17:00:00+00:00
participation-v3-00479,3.0,profile-v3-0968,event-v3-0212,attended,true,2026-11-28T16:00:00+00:00,2026-12-05T19:00:00+00:00
participation-v3-00480,3.0,profile-v3-0350,event-v3-0029,attended,true,2026-12-04T18:00:00+00:00,2026-12-20T22:00:00+00:00
participation-v3-00481,3.0,profile-v3-0208,event-v3-0185,attended,true,2026-08-31T18:00:00+00:00,2026-09-18T19:00:00+00:00
participation-v3-00482,3.0,profile-v3-0619,event-v3-0109,attended,true,2026-07-23T10:00:00+00:00,2026-08-07T11:00:00+00:00
participation-v3-00483,3.0,profile-v3-0234,event-v3-0176,attended,true,2026-12-10T17:00:00+00:00,2026-12-27T19:00:00+00:00
participation-v3-00484,3.0,profile-v3-0585,event-v3-0072,attended,true,2027-01-20T18:00:00+00:00,2027-01-27T21:00:00+00:00
participation-v3-00485,3.0,profile-v3-0941,event-v3-0242,attended,true,2026-08-12T10:00:00+00:00,2026-08-30T13:00:00+00:00
participation-v3-00486,3.0,profile-v3-0563,event-v3-0217,attended,true,2026-12-16T11:00:00+00:00,2026-12-19T13:00:00+00:00
participation-v3-00487,3.0,profile-v3-0344,event-v3-0091,attended,true,2026-12-15T12:00:00+00:00,2026-12-16T13:00:00+00:00
participation-v3-00488,3.0,profile-v3-0340,event-v3-0216,attended,true,2026-10-30T19:00:00+00:00,2026-11-12T23:00:00+00:00
participation-v3-00489,3.0,profile-v3-0126,event-v3-0099,attended,true,2026-08-01T15:00:00+00:00,2026-08-03T16:00:00+00:00
participation-v3-00490,3.0,profile-v3-0151,event-v3-0067,attended,true,2026-08-06T15:00:00+00:00,2026-08-07T18:00:00+00:00
participation-v3-00491,3.0,profile-v3-0389,event-v3-0153,attended,true,2026-08-19T19:00:00+00:00,2026-08-24T23:00:00+00:00
participation-v3-00492,3.0,profile-v3-0463,event-v3-0202,attended,true,2026-11-06T11:00:00+00:00,2026-11-11T14:00:00+00:00
participation-v3-00493,3.0,profile-v3-0961,event-v3-0076,attended,true,2026-10-01T16:00:00+00:00,2026-10-19T18:00:00+00:00
participation-v3-00494,3.0,profile-v3-0353,event-v3-0224,attended,true,2026-08-10T19:00:00+00:00,2026-08-17T21:00:00+00:00
participation-v3-00495,3.0,profile-v3-0791,event-v3-0250,attended,true,2026-08-03T18:00:00+00:00,2026-08-07T21:00:00+00:00
participation-v3-00496,3.0,profile-v3-0763,event-v3-0165,attended,true,2026-09-05T10:00:00+00:00,2026-09-13T13:00:00+00:00
participation-v3-00497,3.0,profile-v3-0957,event-v3-0230,attended,true,2026-12-29T17:00:00+00:00,2027-01-08T18:00:00+00:00
participation-v3-00498,3.0,profile-v3-0535,event-v3-0246,attended,true,2026-09-16T09:00:00+00:00,2026-09-30T12:00:00+00:00
participation-v3-00499,3.0,profile-v3-0765,event-v3-0173,attended,true,2026-12-14T13:00:00+00:00,2026-12-16T17:00:00+00:00
participation-v3-00500,3.0,profile-v3-0646,event-v3-0206,attended,true,2027-01-07T14:00:00+00:00,2027-01-17T15:00:00+00:00
participation-v3-00501,3.0,profile-v3-0672,event-v3-0039,attended,true,2026-08-29T18:00:00+00:00,2026-09-02T20:00:00+00:00
participation-v3-00502,3.0,profile-v3-0966,event-v3-0083,attended,true,2026-08-01T17:00:00+00:00,2026-08-16T20:00:00+00:00
participation-v3-00503,3.0,profile-v3-0541,event-v3-0230,attended,true,2026-12-24T17:00:00+00:00,2027-01-08T18:00:00+00:00
participation-v3-00504,3.0,profile-v3-0447,event-v3-0143,attended,true,2026-11-23T15:00:00+00:00,2026-12-10T17:00:00+00:00
participation-v3-00505,3.0,profile-v3-0972,event-v3-0198,attended,true,2027-01-13T14:00:00+00:00,2027-01-25T18:00:00+00:00
participation-v3-00506,3.0,profile-v3-0731,event-v3-0029,attended,true,2026-12-18T18:00:00+00:00,2026-12-20T22:00:00+00:00
participation-v3-00507,3.0,profile-v3-0430,event-v3-0103,attended,true,2026-08-01T12:00:00+00:00,2026-08-20T16:00:00+00:00
participation-v3-00508,3.0,profile-v3-0741,event-v3-0103,attended,true,2026-08-09T12:00:00+00:00,2026-08-20T16:00:00+00:00
participation-v3-00509,3.0,profile-v3-0944,event-v3-0110,attended,true,2026-10-06T11:00:00+00:00,2026-10-23T13:00:00+00:00
participation-v3-00510,3.0,profile-v3-0759,event-v3-0209,attended,true,2026-10-30T15:00:00+00:00,2026-11-01T17:00:00+00:00
participation-v3-00511,3.0,profile-v3-0214,event-v3-0124,attended,true,2026-09-07T10:00:00+00:00,2026-09-10T13:00:00+00:00
participation-v3-00512,3.0,profile-v3-0995,event-v3-0095,attended,true,2026-10-17T13:00:00+00:00,2026-10-21T15:00:00+00:00
participation-v3-00513,3.0,profile-v3-0999,event-v3-0197,attended,true,2026-11-03T16:00:00+00:00,2026-11-18T17:00:00+00:00
participation-v3-00514,3.0,profile-v3-0811,event-v3-0131,attended,true,2026-12-07T11:00:00+00:00,2026-12-18T15:00:00+00:00
participation-v3-00515,3.0,profile-v3-0763,event-v3-0173,attended,true,2026-12-03T13:00:00+00:00,2026-12-16T17:00:00+00:00
participation-v3-00516,3.0,profile-v3-0705,event-v3-0195,attended,true,2026-12-26T14:00:00+00:00,2027-01-11T15:00:00+00:00
participation-v3-00517,3.0,profile-v3-0953,event-v3-0049,attended,true,2026-09-02T09:00:00+00:00,2026-09-17T13:00:00+00:00
participation-v3-00518,3.0,profile-v3-0484,event-v3-0040,attended,true,2026-08-06T09:00:00+00:00,2026-08-11T13:00:00+00:00
participation-v3-00519,3.0,profile-v3-0086,event-v3-0020,attended,true,2026-11-22T10:00:00+00:00,2026-12-04T11:00:00+00:00
participation-v3-00520,3.0,profile-v3-0699,event-v3-0122,attended,true,2026-10-01T14:00:00+00:00,2026-10-07T16:00:00+00:00
participation-v3-00521,3.0,profile-v3-0707,event-v3-0136,attended,true,2026-09-16T15:00:00+00:00,2026-09-17T17:00:00+00:00
participation-v3-00522,3.0,profile-v3-0868,event-v3-0032,attended,true,2026-11-09T17:00:00+00:00,2026-11-23T19:00:00+00:00
participation-v3-00523,3.0,profile-v3-0422,event-v3-0220,attended,true,2026-09-06T17:00:00+00:00,2026-09-25T20:00:00+00:00
participation-v3-00524,3.0,profile-v3-0877,event-v3-0074,attended,true,2026-11-04T12:00:00+00:00,2026-11-23T13:00:00+00:00
participation-v3-00525,3.0,profile-v3-0950,event-v3-0243,attended,true,2026-12-04T13:00:00+00:00,2026-12-05T16:00:00+00:00
participation-v3-00526,3.0,profile-v3-0880,event-v3-0018,attended,true,2026-08-07T13:00:00+00:00,2026-08-19T14:00:00+00:00
participation-v3-00527,3.0,profile-v3-0801,event-v3-0201,attended,true,2026-11-21T12:00:00+00:00,2026-12-01T16:00:00+00:00
participation-v3-00528,3.0,profile-v3-0243,event-v3-0024,attended,true,2026-10-10T12:00:00+00:00,2026-10-11T15:00:00+00:00
participation-v3-00529,3.0,profile-v3-0020,event-v3-0190,attended,true,2026-10-28T11:00:00+00:00,2026-11-17T13:00:00+00:00
participation-v3-00530,3.0,profile-v3-0713,event-v3-0246,attended,true,2026-09-25T09:00:00+00:00,2026-09-30T12:00:00+00:00
participation-v3-00531,3.0,profile-v3-0224,event-v3-0052,attended,true,2026-08-13T10:00:00+00:00,2026-08-31T12:00:00+00:00
participation-v3-00532,3.0,profile-v3-0407,event-v3-0193,attended,true,2026-10-01T12:00:00+00:00,2026-10-06T13:00:00+00:00
participation-v3-00533,3.0,profile-v3-0256,event-v3-0228,attended,true,2026-08-18T18:00:00+00:00,2026-09-07T20:00:00+00:00
participation-v3-00534,3.0,profile-v3-0783,event-v3-0074,attended,true,2026-11-12T12:00:00+00:00,2026-11-23T13:00:00+00:00
participation-v3-00535,3.0,profile-v3-0537,event-v3-0056,attended,true,2026-08-16T17:00:00+00:00,2026-08-20T19:00:00+00:00
participation-v3-00536,3.0,profile-v3-0203,event-v3-0235,attended,true,2026-12-13T17:00:00+00:00,2026-12-27T21:00:00+00:00
participation-v3-00537,3.0,profile-v3-0369,event-v3-0100,attended,true,2026-08-13T18:00:00+00:00,2026-08-19T20:00:00+00:00
participation-v3-00538,3.0,profile-v3-0469,event-v3-0183,attended,true,2026-12-01T19:00:00+00:00,2026-12-18T23:00:00+00:00
participation-v3-00539,3.0,profile-v3-0646,event-v3-0033,attended,true,2026-10-05T14:00:00+00:00,2026-10-25T17:00:00+00:00
participation-v3-00540,3.0,profile-v3-0992,event-v3-0085,attended,true,2026-10-08T16:00:00+00:00,2026-10-18T19:00:00+00:00
participation-v3-00541,3.0,profile-v3-0570,event-v3-0060,attended,true,2026-11-21T19:00:00+00:00,2026-12-03T21:00:00+00:00
participation-v3-00542,3.0,profile-v3-0636,event-v3-0118,attended,true,2026-09-21T11:00:00+00:00,2026-09-29T12:00:00+00:00
participation-v3-00543,3.0,profile-v3-0388,event-v3-0064,attended,true,2026-10-02T12:00:00+00:00,2026-10-22T15:00:00+00:00
participation-v3-00544,3.0,profile-v3-0725,event-v3-0059,attended,true,2027-01-04T16:00:00+00:00,2027-01-23T20:00:00+00:00
participation-v3-00545,3.0,profile-v3-0517,event-v3-0103,attended,true,2026-08-04T12:00:00+00:00,2026-08-20T16:00:00+00:00
participation-v3-00546,3.0,profile-v3-0004,event-v3-0082,attended,true,2026-10-01T12:00:00+00:00,2026-10-02T13:00:00+00:00
participation-v3-00547,3.0,profile-v3-0384,event-v3-0195,attended,true,2026-12-28T14:00:00+00:00,2027-01-11T15:00:00+00:00
participation-v3-00548,3.0,profile-v3-0006,event-v3-0232,attended,true,2026-10-27T13:00:00+00:00,2026-11-07T16:00:00+00:00
participation-v3-00549,3.0,profile-v3-0334,event-v3-0151,attended,true,2027-01-19T19:00:00+00:00,2027-01-20T21:00:00+00:00
participation-v3-00550,3.0,profile-v3-0327,event-v3-0126,attended,true,2026-12-18T09:00:00+00:00,2027-01-07T12:00:00+00:00
participation-v3-00551,3.0,profile-v3-0213,event-v3-0194,attended,true,2026-08-15T15:00:00+00:00,2026-08-24T16:00:00+00:00
participation-v3-00552,3.0,profile-v3-0755,event-v3-0093,attended,true,2026-07-28T10:00:00+00:00,2026-08-02T12:00:00+00:00
participation-v3-00553,3.0,profile-v3-0439,event-v3-0129,attended,true,2026-12-23T16:00:00+00:00,2026-12-30T20:00:00+00:00
participation-v3-00554,3.0,profile-v3-0477,event-v3-0183,attended,true,2026-12-06T19:00:00+00:00,2026-12-18T23:00:00+00:00
participation-v3-00555,3.0,profile-v3-0667,event-v3-0068,attended,true,2026-09-15T10:00:00+00:00,2026-09-28T14:00:00+00:00
participation-v3-00556,3.0,profile-v3-0109,event-v3-0147,attended,true,2026-10-18T10:00:00+00:00,2026-10-31T11:00:00+00:00
participation-v3-00557,3.0,profile-v3-0609,event-v3-0154,attended,true,2026-12-23T15:00:00+00:00,2026-12-28T17:00:00+00:00
participation-v3-00558,3.0,profile-v3-0912,event-v3-0113,attended,true,2026-09-04T18:00:00+00:00,2026-09-22T21:00:00+00:00
participation-v3-00559,3.0,profile-v3-0902,event-v3-0004,attended,true,2026-10-28T09:00:00+00:00,2026-11-12T10:00:00+00:00
participation-v3-00560,3.0,profile-v3-0846,event-v3-0102,attended,true,2026-08-15T12:00:00+00:00,2026-08-22T15:00:00+00:00
participation-v3-00561,3.0,profile-v3-0116,event-v3-0056,attended,true,2026-08-18T17:00:00+00:00,2026-08-20T19:00:00+00:00
participation-v3-00562,3.0,profile-v3-0515,event-v3-0246,attended,true,2026-09-16T09:00:00+00:00,2026-09-30T12:00:00+00:00
participation-v3-00563,3.0,profile-v3-0332,event-v3-0200,attended,true,2026-10-27T16:00:00+00:00,2026-11-14T19:00:00+00:00
participation-v3-00564,3.0,profile-v3-0424,event-v3-0015,attended,true,2026-09-29T15:00:00+00:00,2026-10-10T17:00:00+00:00
participation-v3-00565,3.0,profile-v3-0284,event-v3-0037,attended,true,2026-08-12T15:00:00+00:00,2026-09-01T17:00:00+00:00
participation-v3-00566,3.0,profile-v3-0594,event-v3-0056,attended,true,2026-08-13T17:00:00+00:00,2026-08-20T19:00:00+00:00
participation-v3-00567,3.0,profile-v3-0005,event-v3-0093,attended,true,2026-07-13T10:00:00+00:00,2026-08-02T12:00:00+00:00
participation-v3-00568,3.0,profile-v3-0620,event-v3-0110,attended,true,2026-10-20T11:00:00+00:00,2026-10-23T13:00:00+00:00
participation-v3-00569,3.0,profile-v3-0152,event-v3-0062,attended,true,2026-11-26T19:00:00+00:00,2026-11-28T21:00:00+00:00
participation-v3-00570,3.0,profile-v3-0299,event-v3-0216,attended,true,2026-10-23T19:00:00+00:00,2026-11-12T23:00:00+00:00
participation-v3-00571,3.0,profile-v3-0478,event-v3-0006,attended,true,2026-10-08T09:00:00+00:00,2026-10-26T11:00:00+00:00
participation-v3-00572,3.0,profile-v3-0835,event-v3-0238,attended,true,2026-08-17T15:00:00+00:00,2026-08-19T16:00:00+00:00
participation-v3-00573,3.0,profile-v3-0194,event-v3-0212,attended,true,2026-12-04T16:00:00+00:00,2026-12-05T19:00:00+00:00
participation-v3-00574,3.0,profile-v3-0706,event-v3-0067,attended,true,2026-07-21T15:00:00+00:00,2026-08-07T18:00:00+00:00
participation-v3-00575,3.0,profile-v3-0630,event-v3-0028,attended,true,2026-07-30T10:00:00+00:00,2026-08-11T11:00:00+00:00
participation-v3-00576,3.0,profile-v3-0320,event-v3-0042,attended,true,2026-09-19T18:00:00+00:00,2026-09-28T22:00:00+00:00
participation-v3-00577,3.0,profile-v3-0295,event-v3-0049,attended,true,2026-09-15T09:00:00+00:00,2026-09-17T13:00:00+00:00
participation-v3-00578,3.0,profile-v3-0312,event-v3-0055,attended,true,2026-11-26T13:00:00+00:00,2026-11-29T14:00:00+00:00
participation-v3-00579,3.0,profile-v3-0264,event-v3-0122,attended,true,2026-09-19T14:00:00+00:00,2026-10-07T16:00:00+00:00
participation-v3-00580,3.0,profile-v3-0860,event-v3-0063,attended,true,2026-09-28T16:00:00+00:00,2026-10-09T20:00:00+00:00
participation-v3-00581,3.0,profile-v3-0596,event-v3-0012,attended,true,2026-11-29T17:00:00+00:00,2026-12-02T21:00:00+00:00
participation-v3-00582,3.0,profile-v3-0969,event-v3-0079,attended,true,2026-08-06T10:00:00+00:00,2026-08-18T14:00:00+00:00
participation-v3-00583,3.0,profile-v3-0747,event-v3-0221,attended,true,2027-01-13T14:00:00+00:00,2027-01-15T17:00:00+00:00
participation-v3-00584,3.0,profile-v3-0060,event-v3-0095,attended,true,2026-10-02T13:00:00+00:00,2026-10-21T15:00:00+00:00
participation-v3-00585,3.0,profile-v3-0097,event-v3-0210,attended,true,2026-10-03T19:00:00+00:00,2026-10-09T21:00:00+00:00
participation-v3-00586,3.0,profile-v3-0005,event-v3-0246,attended,true,2026-09-11T09:00:00+00:00,2026-09-30T12:00:00+00:00
participation-v3-00587,3.0,profile-v3-0964,event-v3-0005,attended,true,2026-08-27T18:00:00+00:00,2026-09-02T19:00:00+00:00
participation-v3-00588,3.0,profile-v3-0902,event-v3-0026,attended,true,2027-01-21T19:00:00+00:00,2027-01-22T22:00:00+00:00
participation-v3-00589,3.0,profile-v3-0323,event-v3-0189,attended,true,2026-11-22T18:00:00+00:00,2026-11-23T21:00:00+00:00
participation-v3-00590,3.0,profile-v3-0597,event-v3-0193,attended,true,2026-09-21T12:00:00+00:00,2026-10-06T13:00:00+00:00
participation-v3-00591,3.0,profile-v3-0781,event-v3-0196,attended,true,2026-08-15T09:00:00+00:00,2026-08-26T13:00:00+00:00
participation-v3-00592,3.0,profile-v3-0090,event-v3-0110,attended,true,2026-10-07T11:00:00+00:00,2026-10-23T13:00:00+00:00
participation-v3-00593,3.0,profile-v3-0388,event-v3-0112,attended,true,2026-11-09T15:00:00+00:00,2026-11-20T16:00:00+00:00
participation-v3-00594,3.0,profile-v3-0461,event-v3-0132,attended,true,2026-09-07T11:00:00+00:00,2026-09-16T13:00:00+00:00
participation-v3-00595,3.0,profile-v3-0076,event-v3-0028,attended,true,2026-08-01T10:00:00+00:00,2026-08-11T11:00:00+00:00
participation-v3-00596,3.0,profile-v3-0155,event-v3-0036,attended,true,2026-09-24T17:00:00+00:00,2026-10-07T19:00:00+00:00
participation-v3-00597,3.0,profile-v3-0132,event-v3-0119,attended,true,2026-10-10T19:00:00+00:00,2026-10-20T21:00:00+00:00
participation-v3-00598,3.0,profile-v3-0110,event-v3-0128,attended,true,2026-12-15T09:00:00+00:00,2026-12-23T11:00:00+00:00
participation-v3-00599,3.0,profile-v3-0348,event-v3-0200,attended,true,2026-11-02T16:00:00+00:00,2026-11-14T19:00:00+00:00
participation-v3-00600,3.0,profile-v3-0262,event-v3-0126,attended,true,2026-12-29T09:00:00+00:00,2027-01-07T12:00:00+00:00
participation-v3-00601,3.0,profile-v3-0755,event-v3-0188,attended,true,2026-11-29T13:00:00+00:00,2026-12-10T17:00:00+00:00
participation-v3-00602,3.0,profile-v3-0075,event-v3-0236,attended,true,2027-01-09T10:00:00+00:00,2027-01-21T14:00:00+00:00
participation-v3-00603,3.0,profile-v3-0003,event-v3-0162,attended,true,2026-12-22T19:00:00+00:00,2027-01-07T23:00:00+00:00
participation-v3-00604,3.0,profile-v3-0621,event-v3-0030,attended,true,2026-09-09T09:00:00+00:00,2026-09-22T12:00:00+00:00
participation-v3-00605,3.0,profile-v3-0483,event-v3-0038,attended,true,2026-12-01T15:00:00+00:00,2026-12-18T19:00:00+00:00
participation-v3-00606,3.0,profile-v3-0307,event-v3-0022,attended,true,2026-09-26T10:00:00+00:00,2026-10-15T14:00:00+00:00
participation-v3-00607,3.0,profile-v3-0392,event-v3-0250,attended,true,2026-08-03T18:00:00+00:00,2026-08-07T21:00:00+00:00
participation-v3-00608,3.0,profile-v3-0847,event-v3-0191,attended,true,2027-01-22T13:00:00+00:00,2027-01-24T17:00:00+00:00
participation-v3-00609,3.0,profile-v3-0993,event-v3-0117,attended,true,2026-11-04T12:00:00+00:00,2026-11-17T13:00:00+00:00
participation-v3-00610,3.0,profile-v3-0475,event-v3-0108,attended,true,2026-09-24T19:00:00+00:00,2026-10-04T23:00:00+00:00
participation-v3-00611,3.0,profile-v3-0156,event-v3-0001,attended,true,2026-12-05T18:00:00+00:00,2026-12-12T19:00:00+00:00
participation-v3-00612,3.0,profile-v3-0269,event-v3-0023,attended,true,2026-08-02T18:00:00+00:00,2026-08-22T22:00:00+00:00
participation-v3-00613,3.0,profile-v3-0068,event-v3-0006,attended,true,2026-10-21T09:00:00+00:00,2026-10-26T11:00:00+00:00
participation-v3-00614,3.0,profile-v3-0791,event-v3-0045,attended,true,2026-11-17T19:00:00+00:00,2026-11-22T20:00:00+00:00
participation-v3-00615,3.0,profile-v3-0100,event-v3-0039,attended,true,2026-08-16T18:00:00+00:00,2026-09-02T20:00:00+00:00
participation-v3-00616,3.0,profile-v3-0843,event-v3-0200,attended,true,2026-11-07T16:00:00+00:00,2026-11-14T19:00:00+00:00
participation-v3-00617,3.0,profile-v3-0709,event-v3-0172,attended,true,2027-01-13T13:00:00+00:00,2027-01-23T14:00:00+00:00
participation-v3-00618,3.0,profile-v3-0811,event-v3-0088,attended,true,2026-07-26T13:00:00+00:00,2026-08-10T14:00:00+00:00
participation-v3-00619,3.0,profile-v3-0997,event-v3-0114,attended,true,2027-01-17T14:00:00+00:00,2027-01-24T18:00:00+00:00
participation-v3-00620,3.0,profile-v3-0411,event-v3-0195,attended,true,2026-12-31T14:00:00+00:00,2027-01-11T15:00:00+00:00
participation-v3-00621,3.0,profile-v3-0661,event-v3-0171,attended,true,2026-08-18T13:00:00+00:00,2026-08-25T15:00:00+00:00
participation-v3-00622,3.0,profile-v3-0157,event-v3-0215,attended,true,2026-11-08T15:00:00+00:00,2026-11-21T17:00:00+00:00
participation-v3-00623,3.0,profile-v3-0910,event-v3-0101,attended,true,2026-09-04T14:00:00+00:00,2026-09-10T16:00:00+00:00
participation-v3-00624,3.0,profile-v3-0894,event-v3-0055,attended,true,2026-11-25T13:00:00+00:00,2026-11-29T14:00:00+00:00
participation-v3-00625,3.0,profile-v3-0138,event-v3-0090,attended,true,2026-11-22T17:00:00+00:00,2026-12-05T21:00:00+00:00
participation-v3-00626,3.0,profile-v3-0428,event-v3-0008,attended,true,2026-12-16T17:00:00+00:00,2027-01-01T21:00:00+00:00
participation-v3-00627,3.0,profile-v3-0389,event-v3-0016,attended,true,2026-11-10T10:00:00+00:00,2026-11-30T14:00:00+00:00
participation-v3-00628,3.0,profile-v3-0275,event-v3-0220,attended,true,2026-09-21T17:00:00+00:00,2026-09-25T20:00:00+00:00
participation-v3-00629,3.0,profile-v3-0098,event-v3-0236,attended,true,2027-01-12T10:00:00+00:00,2027-01-21T14:00:00+00:00
participation-v3-00630,3.0,profile-v3-0823,event-v3-0229,attended,true,2026-12-11T13:00:00+00:00,2026-12-12T17:00:00+00:00
participation-v3-00631,3.0,profile-v3-0787,event-v3-0166,attended,true,2026-09-29T15:00:00+00:00,2026-10-12T17:00:00+00:00
participation-v3-00632,3.0,profile-v3-0192,event-v3-0010,attended,true,2026-11-17T16:00:00+00:00,2026-11-22T20:00:00+00:00
participation-v3-00633,3.0,profile-v3-0901,event-v3-0192,attended,true,2026-08-27T12:00:00+00:00,2026-09-13T14:00:00+00:00
participation-v3-00634,3.0,profile-v3-0610,event-v3-0202,attended,true,2026-10-24T11:00:00+00:00,2026-11-11T14:00:00+00:00
participation-v3-00635,3.0,profile-v3-0260,event-v3-0003,attended,true,2026-07-12T15:00:00+00:00,2026-08-01T17:00:00+00:00
participation-v3-00636,3.0,profile-v3-0911,event-v3-0076,attended,true,2026-10-06T16:00:00+00:00,2026-10-19T18:00:00+00:00
participation-v3-00637,3.0,profile-v3-0020,event-v3-0005,attended,true,2026-08-29T18:00:00+00:00,2026-09-02T19:00:00+00:00
participation-v3-00638,3.0,profile-v3-0692,event-v3-0146,attended,true,2026-07-16T16:00:00+00:00,2026-08-01T19:00:00+00:00
participation-v3-00639,3.0,profile-v3-0734,event-v3-0099,attended,true,2026-07-22T15:00:00+00:00,2026-08-03T16:00:00+00:00
participation-v3-00640,3.0,profile-v3-0985,event-v3-0183,attended,true,2026-12-10T19:00:00+00:00,2026-12-18T23:00:00+00:00
participation-v3-00641,3.0,profile-v3-0110,event-v3-0106,attended,true,2026-11-18T16:00:00+00:00,2026-11-21T17:00:00+00:00
participation-v3-00642,3.0,profile-v3-0657,event-v3-0087,attended,true,2026-11-08T11:00:00+00:00,2026-11-09T15:00:00+00:00
participation-v3-00643,3.0,profile-v3-0554,event-v3-0246,attended,true,2026-09-21T09:00:00+00:00,2026-09-30T12:00:00+00:00
participation-v3-00644,3.0,profile-v3-0012,event-v3-0009,attended,true,2026-08-10T19:00:00+00:00,2026-08-21T21:00:00+00:00
participation-v3-00645,3.0,profile-v3-0064,event-v3-0042,attended,true,2026-09-20T18:00:00+00:00,2026-09-28T22:00:00+00:00
participation-v3-00646,3.0,profile-v3-0771,event-v3-0113,attended,true,2026-09-02T18:00:00+00:00,2026-09-22T21:00:00+00:00
participation-v3-00647,3.0,profile-v3-0024,event-v3-0002,attended,true,2027-01-19T09:00:00+00:00,2027-01-21T13:00:00+00:00
participation-v3-00648,3.0,profile-v3-0692,event-v3-0246,attended,true,2026-09-24T09:00:00+00:00,2026-09-30T12:00:00+00:00
participation-v3-00649,3.0,profile-v3-0131,event-v3-0248,attended,true,2026-12-26T09:00:00+00:00,2027-01-08T10:00:00+00:00
participation-v3-00650,3.0,profile-v3-0719,event-v3-0182,attended,true,2027-01-08T14:00:00+00:00,2027-01-25T15:00:00+00:00
participation-v3-00651,3.0,profile-v3-0278,event-v3-0034,attended,true,2026-12-26T12:00:00+00:00,2026-12-28T15:00:00+00:00
participation-v3-00652,3.0,profile-v3-0325,event-v3-0005,attended,true,2026-08-30T18:00:00+00:00,2026-09-02T19:00:00+00:00
participation-v3-00653,3.0,profile-v3-0579,event-v3-0037,attended,true,2026-08-24T15:00:00+00:00,2026-09-01T17:00:00+00:00
participation-v3-00654,3.0,profile-v3-0603,event-v3-0057,attended,true,2026-09-01T19:00:00+00:00,2026-09-11T23:00:00+00:00
participation-v3-00655,3.0,profile-v3-0089,event-v3-0212,attended,true,2026-11-15T16:00:00+00:00,2026-12-05T19:00:00+00:00
participation-v3-00656,3.0,profile-v3-0737,event-v3-0114,attended,true,2027-01-09T14:00:00+00:00,2027-01-24T18:00:00+00:00
participation-v3-00657,3.0,profile-v3-0374,event-v3-0209,attended,true,2026-10-24T15:00:00+00:00,2026-11-01T17:00:00+00:00
participation-v3-00658,3.0,profile-v3-0394,event-v3-0084,attended,true,2026-11-25T19:00:00+00:00,2026-11-30T21:00:00+00:00
participation-v3-00659,3.0,profile-v3-0405,event-v3-0201,attended,true,2026-11-12T12:00:00+00:00,2026-12-01T16:00:00+00:00
participation-v3-00660,3.0,profile-v3-0251,event-v3-0144,attended,true,2026-12-23T10:00:00+00:00,2027-01-03T13:00:00+00:00
participation-v3-00661,3.0,profile-v3-0459,event-v3-0217,attended,true,2026-12-17T11:00:00+00:00,2026-12-19T13:00:00+00:00
participation-v3-00662,3.0,profile-v3-0801,event-v3-0013,attended,true,2026-12-01T13:00:00+00:00,2026-12-11T17:00:00+00:00
participation-v3-00663,3.0,profile-v3-0410,event-v3-0190,attended,true,2026-11-10T11:00:00+00:00,2026-11-17T13:00:00+00:00
participation-v3-00664,3.0,profile-v3-0369,event-v3-0067,attended,true,2026-08-02T15:00:00+00:00,2026-08-07T18:00:00+00:00
participation-v3-00665,3.0,profile-v3-0970,event-v3-0198,attended,true,2027-01-05T14:00:00+00:00,2027-01-25T18:00:00+00:00
participation-v3-00666,3.0,profile-v3-0780,event-v3-0116,attended,true,2026-07-31T09:00:00+00:00,2026-08-15T13:00:00+00:00
participation-v3-00667,3.0,profile-v3-0931,event-v3-0190,attended,true,2026-10-31T11:00:00+00:00,2026-11-17T13:00:00+00:00
participation-v3-00668,3.0,profile-v3-0511,event-v3-0110,attended,true,2026-10-04T11:00:00+00:00,2026-10-23T13:00:00+00:00
participation-v3-00669,3.0,profile-v3-0435,event-v3-0019,attended,true,2027-01-20T19:00:00+00:00,2027-01-28T22:00:00+00:00
participation-v3-00670,3.0,profile-v3-0081,event-v3-0082,attended,true,2026-09-16T12:00:00+00:00,2026-10-02T13:00:00+00:00
participation-v3-00671,3.0,profile-v3-0456,event-v3-0155,attended,true,2026-08-20T16:00:00+00:00,2026-08-21T19:00:00+00:00
participation-v3-00672,3.0,profile-v3-0268,event-v3-0065,attended,true,2026-08-24T11:00:00+00:00,2026-09-10T12:00:00+00:00
participation-v3-00673,3.0,profile-v3-0745,event-v3-0180,attended,true,2026-08-05T10:00:00+00:00,2026-08-12T14:00:00+00:00
participation-v3-00674,3.0,profile-v3-0987,event-v3-0190,attended,true,2026-10-28T11:00:00+00:00,2026-11-17T13:00:00+00:00
participation-v3-00675,3.0,profile-v3-0490,event-v3-0110,attended,true,2026-10-06T11:00:00+00:00,2026-10-23T13:00:00+00:00
participation-v3-00676,3.0,profile-v3-0546,event-v3-0043,attended,true,2026-11-28T12:00:00+00:00,2026-12-03T16:00:00+00:00
participation-v3-00677,3.0,profile-v3-0205,event-v3-0061,attended,true,2026-10-23T09:00:00+00:00,2026-11-11T12:00:00+00:00
participation-v3-00678,3.0,profile-v3-0322,event-v3-0010,attended,true,2026-11-05T16:00:00+00:00,2026-11-22T20:00:00+00:00
participation-v3-00679,3.0,profile-v3-0678,event-v3-0121,attended,true,2026-10-31T09:00:00+00:00,2026-11-07T10:00:00+00:00
participation-v3-00680,3.0,profile-v3-0460,event-v3-0017,attended,true,2027-01-23T18:00:00+00:00,2027-01-25T22:00:00+00:00
participation-v3-00681,3.0,profile-v3-0619,event-v3-0233,attended,true,2026-08-07T19:00:00+00:00,2026-08-17T23:00:00+00:00
participation-v3-00682,3.0,profile-v3-0119,event-v3-0233,attended,true,2026-08-08T19:00:00+00:00,2026-08-17T23:00:00+00:00
participation-v3-00683,3.0,profile-v3-0673,event-v3-0003,attended,true,2026-07-24T15:00:00+00:00,2026-08-01T17:00:00+00:00
participation-v3-00684,3.0,profile-v3-0697,event-v3-0198,attended,true,2027-01-09T14:00:00+00:00,2027-01-25T18:00:00+00:00
participation-v3-00685,3.0,profile-v3-0837,event-v3-0007,attended,true,2026-08-11T12:00:00+00:00,2026-08-29T14:00:00+00:00
participation-v3-00686,3.0,profile-v3-0696,event-v3-0110,attended,true,2026-10-08T11:00:00+00:00,2026-10-23T13:00:00+00:00
participation-v3-00687,3.0,profile-v3-0689,event-v3-0205,attended,true,2026-11-23T12:00:00+00:00,2026-12-09T15:00:00+00:00
participation-v3-00688,3.0,profile-v3-0104,event-v3-0071,attended,true,2027-01-12T15:00:00+00:00,2027-01-20T19:00:00+00:00
participation-v3-00689,3.0,profile-v3-0716,event-v3-0160,attended,true,2026-11-24T12:00:00+00:00,2026-12-14T15:00:00+00:00
participation-v3-00690,3.0,profile-v3-0486,event-v3-0143,attended,true,2026-11-20T15:00:00+00:00,2026-12-10T17:00:00+00:00
participation-v3-00691,3.0,profile-v3-0748,event-v3-0128,attended,true,2026-12-15T09:00:00+00:00,2026-12-23T11:00:00+00:00
participation-v3-00692,3.0,profile-v3-0949,event-v3-0185,attended,true,2026-09-16T18:00:00+00:00,2026-09-18T19:00:00+00:00
participation-v3-00693,3.0,profile-v3-0778,event-v3-0002,attended,true,2027-01-10T09:00:00+00:00,2027-01-21T13:00:00+00:00
participation-v3-00694,3.0,profile-v3-0236,event-v3-0161,attended,true,2026-08-31T14:00:00+00:00,2026-09-11T16:00:00+00:00
participation-v3-00695,3.0,profile-v3-0605,event-v3-0062,attended,true,2026-11-08T19:00:00+00:00,2026-11-28T21:00:00+00:00
participation-v3-00696,3.0,profile-v3-0831,event-v3-0016,attended,true,2026-11-24T10:00:00+00:00,2026-11-30T14:00:00+00:00
participation-v3-00697,3.0,profile-v3-0761,event-v3-0113,attended,true,2026-09-12T18:00:00+00:00,2026-09-22T21:00:00+00:00
participation-v3-00698,3.0,profile-v3-0678,event-v3-0173,attended,true,2026-12-11T13:00:00+00:00,2026-12-16T17:00:00+00:00
participation-v3-00699,3.0,profile-v3-0960,event-v3-0086,attended,true,2026-08-24T12:00:00+00:00,2026-08-25T14:00:00+00:00
participation-v3-00700,3.0,profile-v3-0812,event-v3-0009,attended,true,2026-08-11T19:00:00+00:00,2026-08-21T21:00:00+00:00
participation-v3-00701,3.0,profile-v3-0362,event-v3-0057,attended,true,2026-08-30T19:00:00+00:00,2026-09-11T23:00:00+00:00
participation-v3-00702,3.0,profile-v3-0063,event-v3-0200,attended,true,2026-10-26T16:00:00+00:00,2026-11-14T19:00:00+00:00
participation-v3-00703,3.0,profile-v3-0136,event-v3-0168,attended,true,2026-11-14T16:00:00+00:00,2026-11-27T17:00:00+00:00
participation-v3-00704,3.0,profile-v3-0956,event-v3-0089,attended,true,2026-07-29T10:00:00+00:00,2026-08-09T11:00:00+00:00
participation-v3-00705,3.0,profile-v3-0810,event-v3-0124,attended,true,2026-09-03T10:00:00+00:00,2026-09-10T13:00:00+00:00
participation-v3-00706,3.0,profile-v3-0463,event-v3-0163,attended,true,2026-10-29T11:00:00+00:00,2026-10-31T13:00:00+00:00
participation-v3-00707,3.0,profile-v3-0742,event-v3-0185,attended,true,2026-09-03T18:00:00+00:00,2026-09-18T19:00:00+00:00
participation-v3-00708,3.0,profile-v3-0884,event-v3-0173,attended,true,2026-12-05T13:00:00+00:00,2026-12-16T17:00:00+00:00
participation-v3-00709,3.0,profile-v3-0625,event-v3-0182,attended,true,2027-01-07T14:00:00+00:00,2027-01-25T15:00:00+00:00
participation-v3-00710,3.0,profile-v3-0761,event-v3-0222,attended,true,2026-11-26T12:00:00+00:00,2026-12-11T14:00:00+00:00
participation-v3-00711,3.0,profile-v3-0960,event-v3-0221,attended,true,2027-01-10T14:00:00+00:00,2027-01-15T17:00:00+00:00
participation-v3-00712,3.0,profile-v3-0320,event-v3-0176,attended,true,2026-12-12T17:00:00+00:00,2026-12-27T19:00:00+00:00
participation-v3-00713,3.0,profile-v3-0808,event-v3-0028,attended,true,2026-07-29T10:00:00+00:00,2026-08-11T11:00:00+00:00
participation-v3-00714,3.0,profile-v3-0654,event-v3-0108,attended,true,2026-09-25T19:00:00+00:00,2026-10-04T23:00:00+00:00
participation-v3-00715,3.0,profile-v3-0482,event-v3-0090,attended,true,2026-11-15T17:00:00+00:00,2026-12-05T21:00:00+00:00
participation-v3-00716,3.0,profile-v3-0919,event-v3-0216,attended,true,2026-11-07T19:00:00+00:00,2026-11-12T23:00:00+00:00
participation-v3-00717,3.0,profile-v3-0473,event-v3-0207,attended,true,2027-01-15T12:00:00+00:00,2027-01-20T15:00:00+00:00
participation-v3-00718,3.0,profile-v3-0948,event-v3-0065,attended,true,2026-09-03T11:00:00+00:00,2026-09-10T12:00:00+00:00
participation-v3-00719,3.0,profile-v3-0822,event-v3-0248,attended,true,2027-01-01T09:00:00+00:00,2027-01-08T10:00:00+00:00
participation-v3-00720,3.0,profile-v3-0384,event-v3-0073,attended,true,2026-11-09T17:00:00+00:00,2026-11-19T18:00:00+00:00
participation-v3-00721,3.0,profile-v3-0468,event-v3-0026,attended,true,2027-01-05T19:00:00+00:00,2027-01-22T22:00:00+00:00
participation-v3-00722,3.0,profile-v3-0515,event-v3-0177,attended,true,2026-12-15T15:00:00+00:00,2026-12-25T18:00:00+00:00
participation-v3-00723,3.0,profile-v3-0733,event-v3-0247,attended,true,2027-01-02T09:00:00+00:00,2027-01-09T11:00:00+00:00
participation-v3-00724,3.0,profile-v3-0161,event-v3-0029,attended,true,2026-12-03T18:00:00+00:00,2026-12-20T22:00:00+00:00
participation-v3-00725,3.0,profile-v3-0459,event-v3-0202,attended,true,2026-10-25T11:00:00+00:00,2026-11-11T14:00:00+00:00
participation-v3-00726,3.0,profile-v3-0737,event-v3-0010,attended,true,2026-11-12T16:00:00+00:00,2026-11-22T20:00:00+00:00
participation-v3-00727,3.0,profile-v3-0442,event-v3-0052,attended,true,2026-08-12T10:00:00+00:00,2026-08-31T12:00:00+00:00
participation-v3-00728,3.0,profile-v3-0509,event-v3-0222,attended,true,2026-11-23T12:00:00+00:00,2026-12-11T14:00:00+00:00
participation-v3-00729,3.0,profile-v3-0595,event-v3-0216,attended,true,2026-11-10T19:00:00+00:00,2026-11-12T23:00:00+00:00
participation-v3-00730,3.0,profile-v3-0150,event-v3-0148,attended,true,2026-12-03T19:00:00+00:00,2026-12-08T20:00:00+00:00
participation-v3-00731,3.0,profile-v3-0732,event-v3-0225,attended,true,2026-08-24T10:00:00+00:00,2026-08-28T14:00:00+00:00
participation-v3-00732,3.0,profile-v3-0341,event-v3-0078,attended,true,2026-12-15T12:00:00+00:00,2026-12-17T15:00:00+00:00
participation-v3-00733,3.0,profile-v3-0212,event-v3-0066,attended,true,2026-08-18T17:00:00+00:00,2026-09-06T18:00:00+00:00
participation-v3-00734,3.0,profile-v3-0336,event-v3-0165,attended,true,2026-08-24T10:00:00+00:00,2026-09-13T13:00:00+00:00
participation-v3-00735,3.0,profile-v3-0570,event-v3-0030,attended,true,2026-09-11T09:00:00+00:00,2026-09-22T12:00:00+00:00
participation-v3-00736,3.0,profile-v3-0288,event-v3-0096,attended,true,2027-01-11T17:00:00+00:00,2027-01-17T20:00:00+00:00
participation-v3-00737,3.0,profile-v3-0606,event-v3-0174,attended,true,2026-09-02T17:00:00+00:00,2026-09-09T21:00:00+00:00
participation-v3-00738,3.0,profile-v3-0915,event-v3-0188,attended,true,2026-11-27T13:00:00+00:00,2026-12-10T17:00:00+00:00
participation-v3-00739,3.0,profile-v3-0037,event-v3-0240,attended,true,2026-11-27T14:00:00+00:00,2026-12-12T15:00:00+00:00
participation-v3-00740,3.0,profile-v3-0240,event-v3-0043,attended,true,2026-11-28T12:00:00+00:00,2026-12-03T16:00:00+00:00
participation-v3-00741,3.0,profile-v3-0132,event-v3-0130,attended,true,2026-11-24T19:00:00+00:00,2026-11-25T20:00:00+00:00
participation-v3-00742,3.0,profile-v3-0033,event-v3-0224,attended,true,2026-07-29T19:00:00+00:00,2026-08-17T21:00:00+00:00
participation-v3-00743,3.0,profile-v3-0453,event-v3-0023,attended,true,2026-08-12T18:00:00+00:00,2026-08-22T22:00:00+00:00
participation-v3-00744,3.0,profile-v3-0424,event-v3-0209,attended,true,2026-10-26T15:00:00+00:00,2026-11-01T17:00:00+00:00
participation-v3-00745,3.0,profile-v3-0023,event-v3-0054,attended,true,2026-10-20T10:00:00+00:00,2026-11-05T13:00:00+00:00
participation-v3-00746,3.0,profile-v3-0420,event-v3-0048,attended,true,2026-12-30T09:00:00+00:00,2027-01-19T13:00:00+00:00
participation-v3-00747,3.0,profile-v3-0423,event-v3-0080,attended,true,2026-08-31T14:00:00+00:00,2026-09-02T15:00:00+00:00
participation-v3-00748,3.0,profile-v3-0959,event-v3-0076,attended,true,2026-10-18T16:00:00+00:00,2026-10-19T18:00:00+00:00
participation-v3-00749,3.0,profile-v3-0056,event-v3-0164,attended,true,2026-10-09T13:00:00+00:00,2026-10-22T15:00:00+00:00
participation-v3-00750,3.0,profile-v3-0123,event-v3-0230,attended,true,2027-01-05T17:00:00+00:00,2027-01-08T18:00:00+00:00
participation-v3-00751,3.0,profile-v3-0582,event-v3-0123,attended,true,2026-12-21T09:00:00+00:00,2026-12-29T12:00:00+00:00
participation-v3-00752,3.0,profile-v3-0382,event-v3-0220,attended,true,2026-09-11T17:00:00+00:00,2026-09-25T20:00:00+00:00
participation-v3-00753,3.0,profile-v3-0560,event-v3-0062,attended,true,2026-11-20T19:00:00+00:00,2026-11-28T21:00:00+00:00
participation-v3-00754,3.0,profile-v3-0203,event-v3-0239,attended,true,2026-10-22T11:00:00+00:00,2026-11-01T13:00:00+00:00
participation-v3-00755,3.0,profile-v3-0501,event-v3-0044,attended,true,2026-08-09T14:00:00+00:00,2026-08-27T15:00:00+00:00
participation-v3-00756,3.0,profile-v3-0506,event-v3-0089,attended,true,2026-07-27T10:00:00+00:00,2026-08-09T11:00:00+00:00
participation-v3-00757,3.0,profile-v3-0846,event-v3-0050,attended,true,2026-12-18T14:00:00+00:00,2026-12-28T17:00:00+00:00
participation-v3-00758,3.0,profile-v3-0031,event-v3-0150,attended,true,2026-09-08T19:00:00+00:00,2026-09-25T22:00:00+00:00
participation-v3-00759,3.0,profile-v3-0267,event-v3-0045,attended,true,2026-11-03T19:00:00+00:00,2026-11-22T20:00:00+00:00
participation-v3-00760,3.0,profile-v3-0246,event-v3-0247,attended,true,2026-12-28T09:00:00+00:00,2027-01-09T11:00:00+00:00
participation-v3-00761,3.0,profile-v3-0470,event-v3-0214,attended,true,2026-11-23T19:00:00+00:00,2026-12-10T22:00:00+00:00
participation-v3-00762,3.0,profile-v3-0305,event-v3-0027,attended,true,2026-11-10T11:00:00+00:00,2026-11-23T13:00:00+00:00
participation-v3-00763,3.0,profile-v3-0218,event-v3-0202,attended,true,2026-10-22T11:00:00+00:00,2026-11-11T14:00:00+00:00
participation-v3-00764,3.0,profile-v3-0749,event-v3-0241,attended,true,2026-08-24T10:00:00+00:00,2026-08-30T14:00:00+00:00
participation-v3-00765,3.0,profile-v3-0093,event-v3-0103,attended,true,2026-08-15T12:00:00+00:00,2026-08-20T16:00:00+00:00
participation-v3-00766,3.0,profile-v3-0756,event-v3-0093,attended,true,2026-07-26T10:00:00+00:00,2026-08-02T12:00:00+00:00
participation-v3-00767,3.0,profile-v3-0624,event-v3-0114,attended,true,2027-01-04T14:00:00+00:00,2027-01-24T18:00:00+00:00
participation-v3-00768,3.0,profile-v3-0900,event-v3-0070,attended,true,2026-09-24T16:00:00+00:00,2026-10-07T18:00:00+00:00
participation-v3-00769,3.0,profile-v3-0452,event-v3-0042,attended,true,2026-09-19T18:00:00+00:00,2026-09-28T22:00:00+00:00
participation-v3-00770,3.0,profile-v3-0430,event-v3-0149,attended,true,2026-08-22T16:00:00+00:00,2026-09-04T17:00:00+00:00
participation-v3-00771,3.0,profile-v3-0502,event-v3-0083,attended,true,2026-07-27T17:00:00+00:00,2026-08-16T20:00:00+00:00
participation-v3-00772,3.0,profile-v3-0515,event-v3-0179,attended,true,2026-09-27T15:00:00+00:00,2026-10-12T16:00:00+00:00
participation-v3-00773,3.0,profile-v3-0429,event-v3-0225,attended,true,2026-08-17T10:00:00+00:00,2026-08-28T14:00:00+00:00
participation-v3-00774,3.0,profile-v3-0482,event-v3-0180,attended,true,2026-07-27T10:00:00+00:00,2026-08-12T14:00:00+00:00
participation-v3-00775,3.0,profile-v3-0523,event-v3-0192,attended,true,2026-09-11T12:00:00+00:00,2026-09-13T14:00:00+00:00
participation-v3-00776,3.0,profile-v3-0015,event-v3-0165,attended,true,2026-09-04T10:00:00+00:00,2026-09-13T13:00:00+00:00
participation-v3-00777,3.0,profile-v3-0600,event-v3-0188,attended,true,2026-11-29T13:00:00+00:00,2026-12-10T17:00:00+00:00
participation-v3-00778,3.0,profile-v3-0536,event-v3-0004,attended,true,2026-10-27T09:00:00+00:00,2026-11-12T10:00:00+00:00
participation-v3-00779,3.0,profile-v3-0951,event-v3-0010,attended,true,2026-11-14T16:00:00+00:00,2026-11-22T20:00:00+00:00
participation-v3-00780,3.0,profile-v3-0056,event-v3-0163,attended,true,2026-10-18T11:00:00+00:00,2026-10-31T13:00:00+00:00
participation-v3-00781,3.0,profile-v3-0714,event-v3-0029,attended,true,2026-12-03T18:00:00+00:00,2026-12-20T22:00:00+00:00
participation-v3-00782,3.0,profile-v3-0017,event-v3-0182,attended,true,2027-01-07T14:00:00+00:00,2027-01-25T15:00:00+00:00
participation-v3-00783,3.0,profile-v3-0239,event-v3-0072,attended,true,2027-01-21T18:00:00+00:00,2027-01-27T21:00:00+00:00
participation-v3-00784,3.0,profile-v3-0098,event-v3-0022,attended,true,2026-09-27T10:00:00+00:00,2026-10-15T14:00:00+00:00
participation-v3-00785,3.0,profile-v3-0682,event-v3-0153,attended,true,2026-08-07T19:00:00+00:00,2026-08-24T23:00:00+00:00
participation-v3-00786,3.0,profile-v3-0318,event-v3-0188,attended,true,2026-12-04T13:00:00+00:00,2026-12-10T17:00:00+00:00
participation-v3-00787,3.0,profile-v3-0125,event-v3-0212,attended,true,2026-11-19T16:00:00+00:00,2026-12-05T19:00:00+00:00
participation-v3-00788,3.0,profile-v3-0082,event-v3-0033,attended,true,2026-10-07T14:00:00+00:00,2026-10-25T17:00:00+00:00
participation-v3-00789,3.0,profile-v3-0637,event-v3-0126,attended,true,2027-01-05T09:00:00+00:00,2027-01-07T12:00:00+00:00
participation-v3-00790,3.0,profile-v3-0018,event-v3-0153,attended,true,2026-08-08T19:00:00+00:00,2026-08-24T23:00:00+00:00
participation-v3-00791,3.0,profile-v3-0737,event-v3-0044,attended,true,2026-08-17T14:00:00+00:00,2026-08-27T15:00:00+00:00
participation-v3-00792,3.0,profile-v3-0352,event-v3-0239,attended,true,2026-10-29T11:00:00+00:00,2026-11-01T13:00:00+00:00
participation-v3-00793,3.0,profile-v3-0841,event-v3-0210,attended,true,2026-09-21T19:00:00+00:00,2026-10-09T21:00:00+00:00
participation-v3-00794,3.0,profile-v3-0298,event-v3-0229,attended,true,2026-12-03T13:00:00+00:00,2026-12-12T17:00:00+00:00
participation-v3-00795,3.0,profile-v3-0389,event-v3-0158,attended,true,2026-11-10T11:00:00+00:00,2026-11-27T15:00:00+00:00
participation-v3-00796,3.0,profile-v3-0371,event-v3-0111,attended,true,2026-09-23T10:00:00+00:00,2026-10-10T12:00:00+00:00
participation-v3-00797,3.0,profile-v3-0667,event-v3-0026,attended,true,2027-01-16T19:00:00+00:00,2027-01-22T22:00:00+00:00
participation-v3-00798,3.0,profile-v3-0231,event-v3-0188,attended,true,2026-11-28T13:00:00+00:00,2026-12-10T17:00:00+00:00
participation-v3-00799,3.0,profile-v3-0197,event-v3-0072,attended,true,2027-01-25T18:00:00+00:00,2027-01-27T21:00:00+00:00
participation-v3-00800,3.0,profile-v3-0197,event-v3-0247,attended,true,2026-12-28T09:00:00+00:00,2027-01-09T11:00:00+00:00
participation-v3-00801,3.0,profile-v3-0256,event-v3-0101,approved,false,2026-08-23T14:00:00+00:00,
participation-v3-00802,3.0,profile-v3-0913,event-v3-0228,approved,false,2026-08-24T18:00:00+00:00,
participation-v3-00803,3.0,profile-v3-0589,event-v3-0094,approved,false,2027-01-01T12:00:00+00:00,
participation-v3-00804,3.0,profile-v3-0887,event-v3-0144,approved,false,2026-12-18T10:00:00+00:00,
participation-v3-00805,3.0,profile-v3-0668,event-v3-0194,approved,false,2026-08-14T15:00:00+00:00,
participation-v3-00806,3.0,profile-v3-0865,event-v3-0143,approved,false,2026-12-01T15:00:00+00:00,
participation-v3-00807,3.0,profile-v3-0588,event-v3-0043,approved,false,2026-11-20T12:00:00+00:00,
participation-v3-00808,3.0,profile-v3-0778,event-v3-0212,approved,false,2026-11-15T16:00:00+00:00,
participation-v3-00809,3.0,profile-v3-0072,event-v3-0075,approved,false,2026-07-15T16:00:00+00:00,
participation-v3-00810,3.0,profile-v3-0954,event-v3-0037,approved,false,2026-08-19T15:00:00+00:00,
participation-v3-00811,3.0,profile-v3-0347,event-v3-0111,approved,false,2026-09-23T10:00:00+00:00,
participation-v3-00812,3.0,profile-v3-0401,event-v3-0162,approved,false,2026-12-21T19:00:00+00:00,
participation-v3-00813,3.0,profile-v3-0960,event-v3-0015,approved,false,2026-09-30T15:00:00+00:00,
participation-v3-00814,3.0,profile-v3-0609,event-v3-0173,approved,false,2026-11-27T13:00:00+00:00,
participation-v3-00815,3.0,profile-v3-0296,event-v3-0068,approved,false,2026-09-12T10:00:00+00:00,
participation-v3-00816,3.0,profile-v3-0397,event-v3-0151,approved,false,2027-01-13T19:00:00+00:00,
participation-v3-00817,3.0,profile-v3-0575,event-v3-0138,approved,false,2026-07-15T14:00:00+00:00,
participation-v3-00818,3.0,profile-v3-0388,event-v3-0212,approved,false,2026-11-19T16:00:00+00:00,
participation-v3-00819,3.0,profile-v3-0867,event-v3-0029,approved,false,2026-12-07T18:00:00+00:00,
participation-v3-00820,3.0,profile-v3-0911,event-v3-0231,approved,false,2026-09-09T19:00:00+00:00,
participation-v3-00821,3.0,profile-v3-0008,event-v3-0163,approved,false,2026-10-23T11:00:00+00:00,
participation-v3-00822,3.0,profile-v3-0409,event-v3-0026,approved,false,2027-01-10T19:00:00+00:00,
participation-v3-00823,3.0,profile-v3-0602,event-v3-0201,approved,false,2026-11-21T12:00:00+00:00,
participation-v3-00824,3.0,profile-v3-0526,event-v3-0191,approved,false,2027-01-21T13:00:00+00:00,
participation-v3-00825,3.0,profile-v3-0896,event-v3-0084,approved,false,2026-11-12T19:00:00+00:00,
participation-v3-00826,3.0,profile-v3-0781,event-v3-0092,approved,false,2026-11-11T14:00:00+00:00,
participation-v3-00827,3.0,profile-v3-0440,event-v3-0016,approved,false,2026-11-13T10:00:00+00:00,
participation-v3-00828,3.0,profile-v3-0969,event-v3-0003,approved,false,2026-07-18T15:00:00+00:00,
participation-v3-00829,3.0,profile-v3-0918,event-v3-0103,approved,false,2026-07-31T12:00:00+00:00,
participation-v3-00830,3.0,profile-v3-0584,event-v3-0226,approved,false,2026-10-12T11:00:00+00:00,
participation-v3-00831,3.0,profile-v3-0905,event-v3-0042,approved,false,2026-09-23T18:00:00+00:00,
participation-v3-00832,3.0,profile-v3-0702,event-v3-0226,approved,false,2026-10-15T11:00:00+00:00,
participation-v3-00833,3.0,profile-v3-0644,event-v3-0128,approved,false,2026-12-09T09:00:00+00:00,
participation-v3-00834,3.0,profile-v3-0691,event-v3-0146,approved,false,2026-07-30T16:00:00+00:00,
participation-v3-00835,3.0,profile-v3-0491,event-v3-0227,approved,false,2026-09-07T18:00:00+00:00,
participation-v3-00836,3.0,profile-v3-0248,event-v3-0067,approved,false,2026-07-28T15:00:00+00:00,
participation-v3-00837,3.0,profile-v3-0428,event-v3-0020,approved,false,2026-11-24T10:00:00+00:00,
participation-v3-00838,3.0,profile-v3-0518,event-v3-0145,approved,false,2026-10-16T19:00:00+00:00,
participation-v3-00839,3.0,profile-v3-0153,event-v3-0018,approved,false,2026-08-04T13:00:00+00:00,
participation-v3-00840,3.0,profile-v3-0502,event-v3-0188,approved,false,2026-12-08T13:00:00+00:00,
participation-v3-00841,3.0,profile-v3-0991,event-v3-0158,approved,false,2026-11-18T11:00:00+00:00,
participation-v3-00842,3.0,profile-v3-0026,event-v3-0206,approved,false,2027-01-15T14:00:00+00:00,
participation-v3-00843,3.0,profile-v3-0573,event-v3-0183,approved,false,2026-11-28T19:00:00+00:00,
participation-v3-00844,3.0,profile-v3-0161,event-v3-0176,approved,false,2026-12-10T17:00:00+00:00,
participation-v3-00845,3.0,profile-v3-0113,event-v3-0247,approved,false,2026-12-21T09:00:00+00:00,
participation-v3-00846,3.0,profile-v3-0618,event-v3-0152,approved,false,2026-11-11T09:00:00+00:00,
participation-v3-00847,3.0,profile-v3-0239,event-v3-0222,approved,false,2026-12-02T12:00:00+00:00,
participation-v3-00848,3.0,profile-v3-0384,event-v3-0197,approved,false,2026-11-04T16:00:00+00:00,
participation-v3-00849,3.0,profile-v3-0273,event-v3-0176,approved,false,2026-12-08T17:00:00+00:00,
participation-v3-00850,3.0,profile-v3-0293,event-v3-0103,approved,false,2026-08-17T12:00:00+00:00,
participation-v3-00851,3.0,profile-v3-0083,event-v3-0127,approved,false,2026-09-25T12:00:00+00:00,
participation-v3-00852,3.0,profile-v3-0337,event-v3-0132,approved,false,2026-09-05T11:00:00+00:00,
participation-v3-00853,3.0,profile-v3-0988,event-v3-0036,approved,false,2026-10-02T17:00:00+00:00,
participation-v3-00854,3.0,profile-v3-0501,event-v3-0237,approved,false,2026-07-29T13:00:00+00:00,
participation-v3-00855,3.0,profile-v3-0348,event-v3-0100,approved,false,2026-08-06T18:00:00+00:00,
participation-v3-00856,3.0,profile-v3-0977,event-v3-0078,approved,false,2026-12-02T12:00:00+00:00,
participation-v3-00857,3.0,profile-v3-0554,event-v3-0001,approved,false,2026-12-04T18:00:00+00:00,
participation-v3-00858,3.0,profile-v3-0169,event-v3-0250,approved,false,2026-07-18T18:00:00+00:00,
participation-v3-00859,3.0,profile-v3-0016,event-v3-0222,approved,false,2026-11-30T12:00:00+00:00,
participation-v3-00860,3.0,profile-v3-0404,event-v3-0236,approved,false,2027-01-19T10:00:00+00:00,
participation-v3-00861,3.0,profile-v3-0058,event-v3-0125,approved,false,2026-09-28T14:00:00+00:00,
participation-v3-00862,3.0,profile-v3-0400,event-v3-0048,approved,false,2027-01-06T09:00:00+00:00,
participation-v3-00863,3.0,profile-v3-0053,event-v3-0076,approved,false,2026-10-04T16:00:00+00:00,
participation-v3-00864,3.0,profile-v3-0955,event-v3-0213,approved,false,2026-11-09T18:00:00+00:00,
participation-v3-00865,3.0,profile-v3-0487,event-v3-0248,approved,false,2027-01-04T09:00:00+00:00,
participation-v3-00866,3.0,profile-v3-0786,event-v3-0236,approved,false,2027-01-04T10:00:00+00:00,
participation-v3-00867,3.0,profile-v3-0719,event-v3-0192,approved,false,2026-09-09T12:00:00+00:00,
participation-v3-00868,3.0,profile-v3-0642,event-v3-0173,approved,false,2026-12-11T13:00:00+00:00,
participation-v3-00869,3.0,profile-v3-0350,event-v3-0033,approved,false,2026-10-12T14:00:00+00:00,
participation-v3-00870,3.0,profile-v3-0475,event-v3-0018,approved,false,2026-08-03T13:00:00+00:00,
participation-v3-00871,3.0,profile-v3-0624,event-v3-0193,approved,false,2026-09-25T12:00:00+00:00,
participation-v3-00872,3.0,profile-v3-0950,event-v3-0033,approved,false,2026-10-11T14:00:00+00:00,
participation-v3-00873,3.0,profile-v3-0110,event-v3-0070,approved,false,2026-10-04T16:00:00+00:00,
participation-v3-00874,3.0,profile-v3-0663,event-v3-0246,approved,false,2026-09-28T09:00:00+00:00,
participation-v3-00875,3.0,profile-v3-0392,event-v3-0031,approved,false,2026-11-01T17:00:00+00:00,
participation-v3-00876,3.0,profile-v3-0451,event-v3-0229,approved,false,2026-12-04T13:00:00+00:00,
participation-v3-00877,3.0,profile-v3-0951,event-v3-0074,approved,false,2026-11-06T12:00:00+00:00,
participation-v3-00878,3.0,profile-v3-0760,event-v3-0062,approved,false,2026-11-23T19:00:00+00:00,
participation-v3-00879,3.0,profile-v3-0851,event-v3-0197,approved,false,2026-10-31T16:00:00+00:00,
participation-v3-00880,3.0,profile-v3-0412,event-v3-0163,approved,false,2026-10-30T11:00:00+00:00,
participation-v3-00881,3.0,profile-v3-0407,event-v3-0095,approved,false,2026-10-11T13:00:00+00:00,
participation-v3-00882,3.0,profile-v3-0370,event-v3-0185,approved,false,2026-08-30T18:00:00+00:00,
participation-v3-00883,3.0,profile-v3-0222,event-v3-0035,approved,false,2026-08-01T17:00:00+00:00,
participation-v3-00884,3.0,profile-v3-0218,event-v3-0232,approved,false,2026-11-03T13:00:00+00:00,
participation-v3-00885,3.0,profile-v3-0335,event-v3-0144,approved,false,2026-12-27T10:00:00+00:00,
participation-v3-00886,3.0,profile-v3-0113,event-v3-0108,approved,false,2026-09-28T19:00:00+00:00,
participation-v3-00887,3.0,profile-v3-0830,event-v3-0026,approved,false,2027-01-14T19:00:00+00:00,
participation-v3-00888,3.0,profile-v3-0119,event-v3-0177,approved,false,2026-12-15T15:00:00+00:00,
participation-v3-00889,3.0,profile-v3-0004,event-v3-0010,approved,false,2026-11-11T16:00:00+00:00,
participation-v3-00890,3.0,profile-v3-0570,event-v3-0020,approved,false,2026-11-24T10:00:00+00:00,
participation-v3-00891,3.0,profile-v3-0539,event-v3-0085,approved,false,2026-10-15T16:00:00+00:00,
participation-v3-00892,3.0,profile-v3-0445,event-v3-0008,approved,false,2026-12-24T17:00:00+00:00,
participation-v3-00893,3.0,profile-v3-0593,event-v3-0034,approved,false,2026-12-08T12:00:00+00:00,
participation-v3-00894,3.0,profile-v3-0202,event-v3-0008,approved,false,2026-12-28T17:00:00+00:00,
participation-v3-00895,3.0,profile-v3-0365,event-v3-0107,approved,false,2026-11-24T12:00:00+00:00,
participation-v3-00896,3.0,profile-v3-0135,event-v3-0171,approved,false,2026-08-09T13:00:00+00:00,
participation-v3-00897,3.0,profile-v3-0059,event-v3-0119,approved,false,2026-10-06T19:00:00+00:00,
participation-v3-00898,3.0,profile-v3-0341,event-v3-0175,approved,false,2026-10-08T18:00:00+00:00,
participation-v3-00899,3.0,profile-v3-0276,event-v3-0096,approved,false,2027-01-13T17:00:00+00:00,
participation-v3-00900,3.0,profile-v3-0967,event-v3-0084,approved,false,2026-11-17T19:00:00+00:00,
participation-v3-00901,3.0,profile-v3-0287,event-v3-0070,approved,false,2026-09-26T16:00:00+00:00,
participation-v3-00902,3.0,profile-v3-0193,event-v3-0089,approved,false,2026-07-20T10:00:00+00:00,
participation-v3-00903,3.0,profile-v3-0769,event-v3-0209,approved,false,2026-10-31T15:00:00+00:00,
participation-v3-00904,3.0,profile-v3-0775,event-v3-0131,approved,false,2026-11-29T11:00:00+00:00,
participation-v3-00905,3.0,profile-v3-0305,event-v3-0042,approved,false,2026-09-10T18:00:00+00:00,
participation-v3-00906,3.0,profile-v3-0016,event-v3-0096,approved,false,2027-01-08T17:00:00+00:00,
participation-v3-00907,3.0,profile-v3-0718,event-v3-0040,approved,false,2026-08-10T09:00:00+00:00,
participation-v3-00908,3.0,profile-v3-0568,event-v3-0207,approved,false,2027-01-03T12:00:00+00:00,
participation-v3-00909,3.0,profile-v3-0246,event-v3-0166,approved,false,2026-10-11T15:00:00+00:00,
participation-v3-00910,3.0,profile-v3-0520,event-v3-0162,approved,false,2026-12-27T19:00:00+00:00,
participation-v3-00911,3.0,profile-v3-0088,event-v3-0146,approved,false,2026-07-25T16:00:00+00:00,
participation-v3-00912,3.0,profile-v3-0014,event-v3-0056,approved,false,2026-08-11T17:00:00+00:00,
participation-v3-00913,3.0,profile-v3-0082,event-v3-0009,approved,false,2026-08-01T19:00:00+00:00,
participation-v3-00914,3.0,profile-v3-0305,event-v3-0218,approved,false,2026-10-19T11:00:00+00:00,
participation-v3-00915,3.0,profile-v3-0967,event-v3-0059,approved,false,2027-01-09T16:00:00+00:00,
participation-v3-00916,3.0,profile-v3-0850,event-v3-0074,approved,false,2026-11-04T12:00:00+00:00,
participation-v3-00917,3.0,profile-v3-0486,event-v3-0117,approved,false,2026-11-09T12:00:00+00:00,
participation-v3-00918,3.0,profile-v3-0019,event-v3-0095,approved,false,2026-10-05T13:00:00+00:00,
participation-v3-00919,3.0,profile-v3-0272,event-v3-0231,approved,false,2026-08-28T19:00:00+00:00,
participation-v3-00920,3.0,profile-v3-0691,event-v3-0094,approved,false,2026-12-16T12:00:00+00:00,
participation-v3-00921,3.0,profile-v3-0040,event-v3-0232,approved,false,2026-10-24T13:00:00+00:00,
participation-v3-00922,3.0,profile-v3-0214,event-v3-0092,approved,false,2026-11-11T14:00:00+00:00,
participation-v3-00923,3.0,profile-v3-0487,event-v3-0013,approved,false,2026-11-29T13:00:00+00:00,
participation-v3-00924,3.0,profile-v3-0502,event-v3-0205,approved,false,2026-11-22T12:00:00+00:00,
participation-v3-00925,3.0,profile-v3-0398,event-v3-0025,approved,false,2026-08-10T19:00:00+00:00,
participation-v3-00926,3.0,profile-v3-0857,event-v3-0141,approved,false,2026-09-22T16:00:00+00:00,
participation-v3-00927,3.0,profile-v3-0049,event-v3-0043,approved,false,2026-11-25T12:00:00+00:00,
participation-v3-00928,3.0,profile-v3-0929,event-v3-0214,approved,false,2026-12-09T19:00:00+00:00,
participation-v3-00929,3.0,profile-v3-0128,event-v3-0196,approved,false,2026-08-19T09:00:00+00:00,
participation-v3-00930,3.0,profile-v3-0261,event-v3-0117,approved,false,2026-10-30T12:00:00+00:00,
participation-v3-00931,3.0,profile-v3-0685,event-v3-0250,approved,false,2026-07-22T18:00:00+00:00,
participation-v3-00932,3.0,profile-v3-0907,event-v3-0180,approved,false,2026-08-10T10:00:00+00:00,
participation-v3-00933,3.0,profile-v3-0830,event-v3-0034,approved,false,2026-12-13T12:00:00+00:00,
participation-v3-00934,3.0,profile-v3-0001,event-v3-0106,approved,false,2026-11-06T16:00:00+00:00,
participation-v3-00935,3.0,profile-v3-0811,event-v3-0198,approved,false,2027-01-18T14:00:00+00:00,
participation-v3-00936,3.0,profile-v3-0768,event-v3-0030,approved,false,2026-09-18T09:00:00+00:00,
participation-v3-00937,3.0,profile-v3-0172,event-v3-0190,approved,false,2026-11-14T11:00:00+00:00,
participation-v3-00938,3.0,profile-v3-0198,event-v3-0139,approved,false,2026-07-27T09:00:00+00:00,
participation-v3-00939,3.0,profile-v3-0139,event-v3-0212,approved,false,2026-11-30T16:00:00+00:00,
participation-v3-00940,3.0,profile-v3-0243,event-v3-0022,approved,false,2026-09-28T10:00:00+00:00,
participation-v3-00941,3.0,profile-v3-0934,event-v3-0089,approved,false,2026-07-31T10:00:00+00:00,
participation-v3-00942,3.0,profile-v3-0083,event-v3-0021,approved,false,2026-10-13T09:00:00+00:00,
participation-v3-00943,3.0,profile-v3-0324,event-v3-0173,approved,false,2026-12-03T13:00:00+00:00,
participation-v3-00944,3.0,profile-v3-0315,event-v3-0190,approved,false,2026-11-07T11:00:00+00:00,
participation-v3-00945,3.0,profile-v3-0783,event-v3-0067,approved,false,2026-07-24T15:00:00+00:00,
participation-v3-00946,3.0,profile-v3-0446,event-v3-0221,approved,false,2027-01-04T14:00:00+00:00,
participation-v3-00947,3.0,profile-v3-0520,event-v3-0189,approved,false,2026-11-21T18:00:00+00:00,
participation-v3-00948,3.0,profile-v3-0420,event-v3-0056,approved,false,2026-08-03T17:00:00+00:00,
participation-v3-00949,3.0,profile-v3-0652,event-v3-0160,approved,false,2026-11-27T12:00:00+00:00,
participation-v3-00950,3.0,profile-v3-0238,event-v3-0108,approved,false,2026-09-22T19:00:00+00:00,
participation-v3-00951,3.0,profile-v3-0135,event-v3-0132,approved,false,2026-09-07T11:00:00+00:00,
participation-v3-00952,3.0,profile-v3-0703,event-v3-0167,approved,false,2026-11-09T09:00:00+00:00,
participation-v3-00953,3.0,profile-v3-0175,event-v3-0189,approved,false,2026-11-22T18:00:00+00:00,
participation-v3-00954,3.0,profile-v3-0125,event-v3-0230,approved,false,2027-01-07T17:00:00+00:00,
participation-v3-00955,3.0,profile-v3-0771,event-v3-0193,approved,false,2026-09-17T12:00:00+00:00,
participation-v3-00956,3.0,profile-v3-0042,event-v3-0107,approved,false,2026-11-25T12:00:00+00:00,
participation-v3-00957,3.0,profile-v3-0930,event-v3-0132,approved,false,2026-09-04T11:00:00+00:00,
participation-v3-00958,3.0,profile-v3-0257,event-v3-0225,approved,false,2026-08-12T10:00:00+00:00,
participation-v3-00959,3.0,profile-v3-0682,event-v3-0056,approved,false,2026-08-13T17:00:00+00:00,
participation-v3-00960,3.0,profile-v3-0447,event-v3-0241,approved,false,2026-08-11T10:00:00+00:00,
participation-v3-00961,3.0,profile-v3-0557,event-v3-0126,approved,false,2026-12-21T09:00:00+00:00,
participation-v3-00962,3.0,profile-v3-0654,event-v3-0240,approved,false,2026-11-28T14:00:00+00:00,
participation-v3-00963,3.0,profile-v3-0573,event-v3-0241,approved,false,2026-08-17T10:00:00+00:00,
participation-v3-00964,3.0,profile-v3-0334,event-v3-0076,approved,false,2026-10-13T16:00:00+00:00,
participation-v3-00965,3.0,profile-v3-0629,event-v3-0074,approved,false,2026-11-19T12:00:00+00:00,
participation-v3-00966,3.0,profile-v3-0310,event-v3-0127,approved,false,2026-09-30T12:00:00+00:00,
participation-v3-00967,3.0,profile-v3-0315,event-v3-0220,approved,false,2026-09-24T17:00:00+00:00,
participation-v3-00968,3.0,profile-v3-0290,event-v3-0131,approved,false,2026-12-08T11:00:00+00:00,
participation-v3-00969,3.0,profile-v3-0489,event-v3-0201,approved,false,2026-11-27T12:00:00+00:00,
participation-v3-00970,3.0,profile-v3-0208,event-v3-0222,approved,false,2026-12-10T12:00:00+00:00,
participation-v3-00971,3.0,profile-v3-0369,event-v3-0216,approved,false,2026-10-28T19:00:00+00:00,
participation-v3-00972,3.0,profile-v3-0471,event-v3-0220,approved,false,2026-09-12T17:00:00+00:00,
participation-v3-00973,3.0,profile-v3-0769,event-v3-0211,approved,false,2026-10-05T14:00:00+00:00,
participation-v3-00974,3.0,profile-v3-0404,event-v3-0100,approved,false,2026-08-07T18:00:00+00:00,
participation-v3-00975,3.0,profile-v3-0248,event-v3-0032,approved,false,2026-11-07T17:00:00+00:00,
participation-v3-00976,3.0,profile-v3-0785,event-v3-0107,approved,false,2026-11-26T12:00:00+00:00,
participation-v3-00977,3.0,profile-v3-0689,event-v3-0235,approved,false,2026-12-25T17:00:00+00:00,
participation-v3-00978,3.0,profile-v3-0847,event-v3-0081,approved,false,2026-11-14T18:00:00+00:00,
participation-v3-00979,3.0,profile-v3-0300,event-v3-0026,approved,false,2027-01-02T19:00:00+00:00,
participation-v3-00980,3.0,profile-v3-0087,event-v3-0226,approved,false,2026-10-10T11:00:00+00:00,
participation-v3-00981,3.0,profile-v3-0595,event-v3-0217,approved,false,2026-12-13T11:00:00+00:00,
participation-v3-00982,3.0,profile-v3-0532,event-v3-0124,approved,false,2026-09-09T10:00:00+00:00,
participation-v3-00983,3.0,profile-v3-0232,event-v3-0027,approved,false,2026-11-17T11:00:00+00:00,
participation-v3-00984,3.0,profile-v3-0963,event-v3-0238,approved,false,2026-08-12T15:00:00+00:00,
participation-v3-00985,3.0,profile-v3-0678,event-v3-0158,approved,false,2026-11-13T11:00:00+00:00,
participation-v3-00986,3.0,profile-v3-0624,event-v3-0090,approved,false,2026-12-01T17:00:00+00:00,
participation-v3-00987,3.0,profile-v3-1000,event-v3-0022,approved,false,2026-09-26T10:00:00+00:00,
participation-v3-00988,3.0,profile-v3-0048,event-v3-0107,approved,false,2026-11-22T12:00:00+00:00,
participation-v3-00989,3.0,profile-v3-0095,event-v3-0043,approved,false,2026-11-22T12:00:00+00:00,
participation-v3-00990,3.0,profile-v3-0797,event-v3-0051,approved,false,2026-09-24T09:00:00+00:00,
participation-v3-00991,3.0,profile-v3-0585,event-v3-0043,approved,false,2026-11-15T12:00:00+00:00,
participation-v3-00992,3.0,profile-v3-0403,event-v3-0141,approved,false,2026-09-12T16:00:00+00:00,
participation-v3-00993,3.0,profile-v3-0317,event-v3-0165,approved,false,2026-09-03T10:00:00+00:00,
participation-v3-00994,3.0,profile-v3-0070,event-v3-0217,approved,false,2026-12-05T11:00:00+00:00,
participation-v3-00995,3.0,profile-v3-0138,event-v3-0192,approved,false,2026-09-11T12:00:00+00:00,
participation-v3-00996,3.0,profile-v3-0292,event-v3-0241,approved,false,2026-08-12T10:00:00+00:00,
participation-v3-00997,3.0,profile-v3-0980,event-v3-0171,approved,false,2026-08-19T13:00:00+00:00,
participation-v3-00998,3.0,profile-v3-0245,event-v3-0025,approved,false,2026-07-31T19:00:00+00:00,
participation-v3-00999,3.0,profile-v3-0449,event-v3-0218,approved,false,2026-11-01T11:00:00+00:00,
participation-v3-01000,3.0,profile-v3-0541,event-v3-0160,approved,false,2026-12-08T12:00:00+00:00,
participation-v3-01001,3.0,profile-v3-0782,event-v3-0031,approved,false,2026-11-04T17:00:00+00:00,
participation-v3-01002,3.0,profile-v3-0802,event-v3-0174,approved,false,2026-09-03T17:00:00+00:00,
participation-v3-01003,3.0,profile-v3-0883,event-v3-0063,approved,false,2026-09-30T16:00:00+00:00,
participation-v3-01004,3.0,profile-v3-0335,event-v3-0104,approved,false,2026-10-02T19:00:00+00:00,
participation-v3-01005,3.0,profile-v3-0548,event-v3-0115,approved,false,2026-11-07T11:00:00+00:00,
participation-v3-01006,3.0,profile-v3-0837,event-v3-0160,approved,false,2026-12-11T12:00:00+00:00,
participation-v3-01007,3.0,profile-v3-0436,event-v3-0152,approved,false,2026-10-29T09:00:00+00:00,
participation-v3-01008,3.0,profile-v3-0085,event-v3-0048,approved,false,2027-01-06T09:00:00+00:00,
participation-v3-01009,3.0,profile-v3-0899,event-v3-0116,approved,false,2026-07-27T09:00:00+00:00,
participation-v3-01010,3.0,profile-v3-0096,event-v3-0163,approved,false,2026-10-21T11:00:00+00:00,
participation-v3-01011,3.0,profile-v3-0335,event-v3-0033,approved,false,2026-10-22T14:00:00+00:00,
participation-v3-01012,3.0,profile-v3-0716,event-v3-0179,approved,false,2026-10-05T15:00:00+00:00,
participation-v3-01013,3.0,profile-v3-0429,event-v3-0098,approved,false,2026-08-23T19:00:00+00:00,
participation-v3-01014,3.0,profile-v3-0145,event-v3-0148,approved,false,2026-11-29T19:00:00+00:00,
participation-v3-01015,3.0,profile-v3-0656,event-v3-0044,approved,false,2026-08-15T14:00:00+00:00,
participation-v3-01016,3.0,profile-v3-0837,event-v3-0100,approved,false,2026-08-05T18:00:00+00:00,
participation-v3-01017,3.0,profile-v3-0522,event-v3-0211,approved,false,2026-09-21T14:00:00+00:00,
participation-v3-01018,3.0,profile-v3-0300,event-v3-0230,approved,false,2026-12-24T17:00:00+00:00,
participation-v3-01019,3.0,profile-v3-0017,event-v3-0193,approved,false,2026-09-21T12:00:00+00:00,
participation-v3-01020,3.0,profile-v3-0954,event-v3-0200,approved,false,2026-11-05T16:00:00+00:00,
participation-v3-01021,3.0,profile-v3-0784,event-v3-0056,approved,false,2026-08-04T17:00:00+00:00,
participation-v3-01022,3.0,profile-v3-0951,event-v3-0056,approved,false,2026-07-31T17:00:00+00:00,
participation-v3-01023,3.0,profile-v3-0497,event-v3-0129,approved,false,2026-12-11T16:00:00+00:00,
participation-v3-01024,3.0,profile-v3-0928,event-v3-0189,approved,false,2026-11-12T18:00:00+00:00,
participation-v3-01025,3.0,profile-v3-0107,event-v3-0192,approved,false,2026-09-03T12:00:00+00:00,
participation-v3-01026,3.0,profile-v3-0843,event-v3-0217,approved,false,2026-12-02T11:00:00+00:00,
participation-v3-01027,3.0,profile-v3-0770,event-v3-0167,approved,false,2026-10-30T09:00:00+00:00,
participation-v3-01028,3.0,profile-v3-0280,event-v3-0004,approved,false,2026-10-26T09:00:00+00:00,
participation-v3-01029,3.0,profile-v3-0274,event-v3-0226,approved,false,2026-10-01T11:00:00+00:00,
participation-v3-01030,3.0,profile-v3-0066,event-v3-0207,approved,false,2027-01-04T12:00:00+00:00,
participation-v3-01031,3.0,profile-v3-0368,event-v3-0201,approved,false,2026-11-13T12:00:00+00:00,
participation-v3-01032,3.0,profile-v3-0157,event-v3-0113,approved,false,2026-09-09T18:00:00+00:00,
participation-v3-01033,3.0,profile-v3-0929,event-v3-0222,approved,false,2026-12-08T12:00:00+00:00,
participation-v3-01034,3.0,profile-v3-0200,event-v3-0215,approved,false,2026-11-11T15:00:00+00:00,
participation-v3-01035,3.0,profile-v3-0662,event-v3-0130,approved,false,2026-11-07T19:00:00+00:00,
participation-v3-01036,3.0,profile-v3-0742,event-v3-0085,approved,false,2026-10-07T16:00:00+00:00,
participation-v3-01037,3.0,profile-v3-0982,event-v3-0109,approved,false,2026-07-29T10:00:00+00:00,
participation-v3-01038,3.0,profile-v3-0795,event-v3-0232,approved,false,2026-10-21T13:00:00+00:00,
participation-v3-01039,3.0,profile-v3-0788,event-v3-0223,approved,false,2026-12-27T16:00:00+00:00,
participation-v3-01040,3.0,profile-v3-0865,event-v3-0029,approved,false,2026-12-02T18:00:00+00:00,
participation-v3-01041,3.0,profile-v3-0850,event-v3-0049,approved,false,2026-09-01T09:00:00+00:00,
participation-v3-01042,3.0,profile-v3-0449,event-v3-0066,approved,false,2026-08-23T17:00:00+00:00,
participation-v3-01043,3.0,profile-v3-0779,event-v3-0124,approved,false,2026-08-21T10:00:00+00:00,
participation-v3-01044,3.0,profile-v3-0916,event-v3-0213,approved,false,2026-11-08T18:00:00+00:00,
participation-v3-01045,3.0,profile-v3-0769,event-v3-0065,approved,false,2026-08-24T11:00:00+00:00,
participation-v3-01046,3.0,profile-v3-0980,event-v3-0096,approved,false,2027-01-04T17:00:00+00:00,
participation-v3-01047,3.0,profile-v3-0618,event-v3-0237,approved,false,2026-08-03T13:00:00+00:00,
participation-v3-01048,3.0,profile-v3-0324,event-v3-0195,approved,false,2026-12-23T14:00:00+00:00,
participation-v3-01049,3.0,profile-v3-0193,event-v3-0222,approved,false,2026-12-03T12:00:00+00:00,
participation-v3-01050,3.0,profile-v3-0927,event-v3-0177,approved,false,2026-12-09T15:00:00+00:00,
participation-v3-01051,3.0,profile-v3-0113,event-v3-0099,approved,false,2026-07-19T15:00:00+00:00,
participation-v3-01052,3.0,profile-v3-0636,event-v3-0099,approved,false,2026-07-15T15:00:00+00:00,
participation-v3-01053,3.0,profile-v3-0449,event-v3-0038,approved,false,2026-12-13T15:00:00+00:00,
participation-v3-01054,3.0,profile-v3-0528,event-v3-0170,approved,false,2026-10-26T09:00:00+00:00,
participation-v3-01055,3.0,profile-v3-0087,event-v3-0120,approved,false,2026-07-21T17:00:00+00:00,
participation-v3-01056,3.0,profile-v3-0791,event-v3-0047,approved,false,2027-01-13T10:00:00+00:00,
participation-v3-01057,3.0,profile-v3-0786,event-v3-0183,approved,false,2026-12-08T19:00:00+00:00,
participation-v3-01058,3.0,profile-v3-0568,event-v3-0131,approved,false,2026-12-13T11:00:00+00:00,
participation-v3-01059,3.0,profile-v3-0837,event-v3-0172,approved,false,2027-01-16T13:00:00+00:00,
participation-v3-01060,3.0,profile-v3-0960,event-v3-0173,approved,false,2026-11-29T13:00:00+00:00,
participation-v3-01061,3.0,profile-v3-0114,event-v3-0174,approved,false,2026-08-31T17:00:00+00:00,
participation-v3-01062,3.0,profile-v3-0795,event-v3-0243,approved,false,2026-11-21T13:00:00+00:00,
participation-v3-01063,3.0,profile-v3-0895,event-v3-0216,approved,false,2026-10-23T19:00:00+00:00,
participation-v3-01064,3.0,profile-v3-0953,event-v3-0238,approved,false,2026-08-12T15:00:00+00:00,
participation-v3-01065,3.0,profile-v3-0206,event-v3-0108,approved,false,2026-09-14T19:00:00+00:00,
participation-v3-01066,3.0,profile-v3-0838,event-v3-0229,approved,false,2026-11-28T13:00:00+00:00,
participation-v3-01067,3.0,profile-v3-0207,event-v3-0144,approved,false,2026-12-16T10:00:00+00:00,
participation-v3-01068,3.0,profile-v3-0176,event-v3-0172,approved,false,2027-01-09T13:00:00+00:00,
participation-v3-01069,3.0,profile-v3-0432,event-v3-0114,approved,false,2027-01-17T14:00:00+00:00,
participation-v3-01070,3.0,profile-v3-0173,event-v3-0046,approved,false,2026-12-16T13:00:00+00:00,
participation-v3-01071,3.0,profile-v3-0550,event-v3-0178,approved,false,2026-10-23T18:00:00+00:00,
participation-v3-01072,3.0,profile-v3-0652,event-v3-0216,approved,false,2026-11-04T19:00:00+00:00,
participation-v3-01073,3.0,profile-v3-0537,event-v3-0229,approved,false,2026-12-07T13:00:00+00:00,
participation-v3-01074,3.0,profile-v3-0306,event-v3-0075,approved,false,2026-07-22T16:00:00+00:00,
participation-v3-01075,3.0,profile-v3-0515,event-v3-0189,approved,false,2026-11-03T18:00:00+00:00,
participation-v3-01076,3.0,profile-v3-0325,event-v3-0181,approved,false,2026-10-16T14:00:00+00:00,
participation-v3-01077,3.0,profile-v3-0040,event-v3-0118,approved,false,2026-09-14T11:00:00+00:00,
participation-v3-01078,3.0,profile-v3-0729,event-v3-0015,approved,false,2026-10-06T15:00:00+00:00,
participation-v3-01079,3.0,profile-v3-0250,event-v3-0003,approved,false,2026-07-22T15:00:00+00:00,
participation-v3-01080,3.0,profile-v3-0278,event-v3-0169,approved,false,2026-08-15T15:00:00+00:00,
participation-v3-01081,3.0,profile-v3-0755,event-v3-0033,approved,false,2026-10-20T14:00:00+00:00,
participation-v3-01082,3.0,profile-v3-0365,event-v3-0125,approved,false,2026-09-21T14:00:00+00:00,
participation-v3-01083,3.0,profile-v3-0105,event-v3-0032,approved,false,2026-11-03T17:00:00+00:00,
participation-v3-01084,3.0,profile-v3-0125,event-v3-0060,approved,false,2026-11-14T19:00:00+00:00,
participation-v3-01085,3.0,profile-v3-0137,event-v3-0141,approved,false,2026-09-10T16:00:00+00:00,
participation-v3-01086,3.0,profile-v3-0658,event-v3-0083,approved,false,2026-07-28T17:00:00+00:00,
participation-v3-01087,3.0,profile-v3-0794,event-v3-0146,approved,false,2026-07-23T16:00:00+00:00,
participation-v3-01088,3.0,profile-v3-0795,event-v3-0223,approved,false,2027-01-05T16:00:00+00:00,
participation-v3-01089,3.0,profile-v3-0120,event-v3-0024,approved,false,2026-10-05T12:00:00+00:00,
participation-v3-01090,3.0,profile-v3-0532,event-v3-0132,approved,false,2026-09-10T11:00:00+00:00,
participation-v3-01091,3.0,profile-v3-0218,event-v3-0215,approved,false,2026-11-05T15:00:00+00:00,
participation-v3-01092,3.0,profile-v3-0914,event-v3-0166,approved,false,2026-10-01T15:00:00+00:00,
participation-v3-01093,3.0,profile-v3-0309,event-v3-0001,approved,false,2026-11-26T18:00:00+00:00,
participation-v3-01094,3.0,profile-v3-0959,event-v3-0219,approved,false,2026-09-25T12:00:00+00:00,
participation-v3-01095,3.0,profile-v3-0443,event-v3-0226,approved,false,2026-10-03T11:00:00+00:00,
participation-v3-01096,3.0,profile-v3-0900,event-v3-0064,approved,false,2026-10-14T12:00:00+00:00,
participation-v3-01097,3.0,profile-v3-0898,event-v3-0038,approved,false,2026-12-11T15:00:00+00:00,
participation-v3-01098,3.0,profile-v3-0358,event-v3-0010,approved,false,2026-11-05T16:00:00+00:00,
participation-v3-01099,3.0,profile-v3-0214,event-v3-0054,approved,false,2026-10-31T10:00:00+00:00,
participation-v3-01100,3.0,profile-v3-0404,event-v3-0218,approved,false,2026-10-24T11:00:00+00:00,
participation-v3-01101,3.0,profile-v3-0286,event-v3-0244,approved,false,2026-10-22T12:00:00+00:00,
participation-v3-01102,3.0,profile-v3-0766,event-v3-0123,approved,false,2026-12-19T09:00:00+00:00,
participation-v3-01103,3.0,profile-v3-0227,event-v3-0218,approved,false,2026-10-25T11:00:00+00:00,
participation-v3-01104,3.0,profile-v3-0556,event-v3-0033,approved,false,2026-10-06T14:00:00+00:00,
participation-v3-01105,3.0,profile-v3-0628,event-v3-0196,approved,false,2026-08-14T09:00:00+00:00,
participation-v3-01106,3.0,profile-v3-0243,event-v3-0065,approved,false,2026-09-05T11:00:00+00:00,
participation-v3-01107,3.0,profile-v3-0198,event-v3-0150,approved,false,2026-09-22T19:00:00+00:00,
participation-v3-01108,3.0,profile-v3-0814,event-v3-0064,approved,false,2026-10-05T12:00:00+00:00,
participation-v3-01109,3.0,profile-v3-0242,event-v3-0160,approved,false,2026-12-10T12:00:00+00:00,
participation-v3-01110,3.0,profile-v3-0850,event-v3-0190,approved,false,2026-11-10T11:00:00+00:00,
participation-v3-01111,3.0,profile-v3-0505,event-v3-0075,approved,false,2026-07-21T16:00:00+00:00,
participation-v3-01112,3.0,profile-v3-0531,event-v3-0132,approved,false,2026-09-06T11:00:00+00:00,
participation-v3-01113,3.0,profile-v3-0425,event-v3-0074,approved,false,2026-11-06T12:00:00+00:00,
participation-v3-01114,3.0,profile-v3-0316,event-v3-0199,approved,false,2026-08-04T11:00:00+00:00,
participation-v3-01115,3.0,profile-v3-0905,event-v3-0155,approved,false,2026-08-08T16:00:00+00:00,
participation-v3-01116,3.0,profile-v3-0230,event-v3-0043,approved,false,2026-11-16T12:00:00+00:00,
participation-v3-01117,3.0,profile-v3-0969,event-v3-0001,approved,false,2026-12-06T18:00:00+00:00,
participation-v3-01118,3.0,profile-v3-0577,event-v3-0169,approved,false,2026-08-21T15:00:00+00:00,
participation-v3-01119,3.0,profile-v3-0466,event-v3-0005,approved,false,2026-08-30T18:00:00+00:00,
participation-v3-01120,3.0,profile-v3-0749,event-v3-0198,approved,false,2027-01-16T14:00:00+00:00,
participation-v3-01121,3.0,profile-v3-0578,event-v3-0237,approved,false,2026-08-04T13:00:00+00:00,
participation-v3-01122,3.0,profile-v3-0608,event-v3-0218,approved,false,2026-10-27T11:00:00+00:00,
participation-v3-01123,3.0,profile-v3-0118,event-v3-0091,approved,false,2026-12-05T12:00:00+00:00,
participation-v3-01124,3.0,profile-v3-0228,event-v3-0176,approved,false,2026-12-13T17:00:00+00:00,
participation-v3-01125,3.0,profile-v3-0561,event-v3-0096,approved,false,2027-01-15T17:00:00+00:00,
participation-v3-01126,3.0,profile-v3-0422,event-v3-0200,approved,false,2026-11-05T16:00:00+00:00,
participation-v3-01127,3.0,profile-v3-0743,event-v3-0041,approved,false,2026-12-09T10:00:00+00:00,
participation-v3-01128,3.0,profile-v3-0371,event-v3-0215,approved,false,2026-11-19T15:00:00+00:00,
participation-v3-01129,3.0,profile-v3-0474,event-v3-0066,approved,false,2026-08-19T17:00:00+00:00,
participation-v3-01130,3.0,profile-v3-0221,event-v3-0216,approved,false,2026-11-11T19:00:00+00:00,
participation-v3-01131,3.0,profile-v3-0391,event-v3-0145,approved,false,2026-10-10T19:00:00+00:00,
participation-v3-01132,3.0,profile-v3-0272,event-v3-0147,approved,false,2026-10-26T10:00:00+00:00,
participation-v3-01133,3.0,profile-v3-0265,event-v3-0140,approved,false,2026-08-09T13:00:00+00:00,
participation-v3-01134,3.0,profile-v3-0723,event-v3-0230,approved,false,2026-12-20T17:00:00+00:00,
participation-v3-01135,3.0,profile-v3-0954,event-v3-0033,approved,false,2026-10-23T14:00:00+00:00,
participation-v3-01136,3.0,profile-v3-0857,event-v3-0159,approved,false,2026-12-30T11:00:00+00:00,
participation-v3-01137,3.0,profile-v3-0901,event-v3-0201,approved,false,2026-11-16T12:00:00+00:00,
participation-v3-01138,3.0,profile-v3-0578,event-v3-0107,approved,false,2026-11-25T12:00:00+00:00,
participation-v3-01139,3.0,profile-v3-0260,event-v3-0171,approved,false,2026-08-22T13:00:00+00:00,
participation-v3-01140,3.0,profile-v3-0619,event-v3-0032,approved,false,2026-11-12T17:00:00+00:00,
participation-v3-01141,3.0,profile-v3-0384,event-v3-0138,approved,false,2026-07-16T14:00:00+00:00,
participation-v3-01142,3.0,profile-v3-0848,event-v3-0123,approved,false,2026-12-10T09:00:00+00:00,
participation-v3-01143,3.0,profile-v3-0287,event-v3-0098,approved,false,2026-08-14T19:00:00+00:00,
participation-v3-01144,3.0,profile-v3-0500,event-v3-0249,approved,false,2026-12-27T13:00:00+00:00,
participation-v3-01145,3.0,profile-v3-0090,event-v3-0209,approved,false,2026-10-21T15:00:00+00:00,
participation-v3-01146,3.0,profile-v3-0035,event-v3-0014,approved,false,2026-11-10T14:00:00+00:00,
participation-v3-01147,3.0,profile-v3-0500,event-v3-0155,approved,false,2026-08-11T16:00:00+00:00,
participation-v3-01148,3.0,profile-v3-0926,event-v3-0105,approved,false,2026-12-24T14:00:00+00:00,
participation-v3-01149,3.0,profile-v3-0139,event-v3-0089,approved,false,2026-08-01T10:00:00+00:00,
participation-v3-01150,3.0,profile-v3-0925,event-v3-0163,approved,false,2026-10-22T11:00:00+00:00,
participation-v3-01151,3.0,profile-v3-0364,event-v3-0079,approved,false,2026-08-08T10:00:00+00:00,
participation-v3-01152,3.0,profile-v3-0283,event-v3-0210,approved,false,2026-10-04T19:00:00+00:00,
participation-v3-01153,3.0,profile-v3-0987,event-v3-0093,approved,false,2026-08-01T10:00:00+00:00,
participation-v3-01154,3.0,profile-v3-0515,event-v3-0016,approved,false,2026-11-26T10:00:00+00:00,
participation-v3-01155,3.0,profile-v3-0693,event-v3-0043,approved,false,2026-11-16T12:00:00+00:00,
participation-v3-01156,3.0,profile-v3-0155,event-v3-0135,approved,false,2026-09-12T15:00:00+00:00,
participation-v3-01157,3.0,profile-v3-0255,event-v3-0249,approved,false,2026-12-30T13:00:00+00:00,
participation-v3-01158,3.0,profile-v3-0123,event-v3-0080,approved,false,2026-08-16T14:00:00+00:00,
participation-v3-01159,3.0,profile-v3-0458,event-v3-0051,approved,false,2026-09-24T09:00:00+00:00,
participation-v3-01160,3.0,profile-v3-0874,event-v3-0139,approved,false,2026-08-04T09:00:00+00:00,
participation-v3-01161,3.0,profile-v3-0859,event-v3-0119,approved,false,2026-10-10T19:00:00+00:00,
participation-v3-01162,3.0,profile-v3-0422,event-v3-0066,approved,false,2026-08-17T17:00:00+00:00,
participation-v3-01163,3.0,profile-v3-0396,event-v3-0161,approved,false,2026-08-29T14:00:00+00:00,
participation-v3-01164,3.0,profile-v3-0819,event-v3-0155,approved,false,2026-08-13T16:00:00+00:00,
participation-v3-01165,3.0,profile-v3-0993,event-v3-0017,approved,false,2027-01-14T18:00:00+00:00,
participation-v3-01166,3.0,profile-v3-0480,event-v3-0143,approved,false,2026-12-04T15:00:00+00:00,
participation-v3-01167,3.0,profile-v3-0123,event-v3-0187,approved,false,2026-08-12T18:00:00+00:00,
participation-v3-01168,3.0,profile-v3-0099,event-v3-0076,approved,false,2026-10-02T16:00:00+00:00,
participation-v3-01169,3.0,profile-v3-0478,event-v3-0115,approved,false,2026-11-18T11:00:00+00:00,
participation-v3-01170,3.0,profile-v3-0257,event-v3-0217,approved,false,2026-12-10T11:00:00+00:00,
participation-v3-01171,3.0,profile-v3-0581,event-v3-0214,approved,false,2026-11-27T19:00:00+00:00,
participation-v3-01172,3.0,profile-v3-0590,event-v3-0052,approved,false,2026-08-11T10:00:00+00:00,
participation-v3-01173,3.0,profile-v3-0062,event-v3-0103,approved,false,2026-08-18T12:00:00+00:00,
participation-v3-01174,3.0,profile-v3-0857,event-v3-0109,approved,false,2026-07-24T10:00:00+00:00,
participation-v3-01175,3.0,profile-v3-0678,event-v3-0245,approved,false,2026-08-29T16:00:00+00:00,
participation-v3-01176,3.0,profile-v3-0811,event-v3-0048,approved,false,2027-01-03T09:00:00+00:00,
participation-v3-01177,3.0,profile-v3-0818,event-v3-0118,approved,false,2026-09-15T11:00:00+00:00,
participation-v3-01178,3.0,profile-v3-0293,event-v3-0157,approved,false,2026-12-25T19:00:00+00:00,
participation-v3-01179,3.0,profile-v3-0454,event-v3-0187,approved,false,2026-08-18T18:00:00+00:00,
participation-v3-01180,3.0,profile-v3-0610,event-v3-0081,approved,false,2026-11-11T18:00:00+00:00,
participation-v3-01181,3.0,profile-v3-0623,event-v3-0170,approved,false,2026-10-29T09:00:00+00:00,
participation-v3-01182,3.0,profile-v3-0667,event-v3-0165,approved,false,2026-09-10T10:00:00+00:00,
participation-v3-01183,3.0,profile-v3-0823,event-v3-0059,approved,false,2027-01-09T16:00:00+00:00,
participation-v3-01184,3.0,profile-v3-0996,event-v3-0025,approved,false,2026-08-16T19:00:00+00:00,
participation-v3-01185,3.0,profile-v3-0213,event-v3-0021,approved,false,2026-10-04T09:00:00+00:00,
participation-v3-01186,3.0,profile-v3-0380,event-v3-0020,approved,false,2026-11-16T10:00:00+00:00,
participation-v3-01187,3.0,profile-v3-0778,event-v3-0194,approved,false,2026-08-14T15:00:00+00:00,
participation-v3-01188,3.0,profile-v3-0084,event-v3-0110,approved,false,2026-10-08T11:00:00+00:00,
participation-v3-01189,3.0,profile-v3-0570,event-v3-0029,approved,false,2026-12-05T18:00:00+00:00,
participation-v3-01190,3.0,profile-v3-0896,event-v3-0129,approved,false,2026-12-24T16:00:00+00:00,
participation-v3-01191,3.0,profile-v3-0654,event-v3-0177,approved,false,2026-12-16T15:00:00+00:00,
participation-v3-01192,3.0,profile-v3-0535,event-v3-0029,approved,false,2026-12-13T18:00:00+00:00,
participation-v3-01193,3.0,profile-v3-0175,event-v3-0031,approved,false,2026-10-28T17:00:00+00:00,
participation-v3-01194,3.0,profile-v3-0749,event-v3-0043,approved,false,2026-11-27T12:00:00+00:00,
participation-v3-01195,3.0,profile-v3-0933,event-v3-0235,approved,false,2026-12-19T17:00:00+00:00,
participation-v3-01196,3.0,profile-v3-0224,event-v3-0064,approved,false,2026-10-21T12:00:00+00:00,
participation-v3-01197,3.0,profile-v3-0132,event-v3-0227,approved,false,2026-09-22T18:00:00+00:00,
participation-v3-01198,3.0,profile-v3-0759,event-v3-0183,approved,false,2026-12-01T19:00:00+00:00,
participation-v3-01199,3.0,profile-v3-0057,event-v3-0112,approved,false,2026-11-10T15:00:00+00:00,
participation-v3-01200,3.0,profile-v3-0359,event-v3-0193,approved,false,2026-09-21T12:00:00+00:00,
